name,brand,category,subcategory,oliveyoung_id,oliveyoung_rank,source_url,raw_ingredients_text
바이오더마 하이드라비오 토너,바이오더마,skincare,toner,A000000226081,1,https://www.oliveyoung.co.kr/store/goods/getGoodsDetail.do?goodsNo=A000000226081&dispCatNo=100000100010013&trackingCd=Cat100000100010013_Small&t_page=%EC%B9%B4%ED%85%8C%EA%B3%A0%EB%A6%AC%EA%B4%80&t_click=%EC%8A%A4%ED%82%A8/%ED%86%A0%EB%84%88_%EC%A0%84%EC%B2%B4__%EC%83%81%ED%92%88%EC%83%81%EC%84%B8&t_number=1,"정제수, 글리세린, 폴리솔베이트20, 다이소듐이디티에이, 세트리모늄브로마이드, 나이아신아마이드, 자일리톨, 알란토인, 프룩토올리고사카라이드, 만니톨, 헥실데칸올, 소듐하이드록사이드, 시트릭애씨드, 람노오스, 사과씨추출물, 유채스테롤, 토코페롤, 향료료"
아누아 어성초 77 히알루론산 수분 진정 토너,아누아,skincare,toner,A000000248498,2,https://www.oliveyoung.co.kr/store/goods/getGoodsDetail.do?goodsNo=A000000248498&dispCatNo=100000100010013&trackingCd=Cat100000100010013_Small&t_page=%EC%B9%B4%ED%85%8C%EA%B3%A0%EB%A6%AC%EA%B4%80&t_click=%EC%8A%A4%ED%82%A8/%ED%86%A0%EB%84%88_%EC%A0%84%EC%B2%B4__%EC%83%81%ED%92%88%EC%83%81%EC%84%B8&t_number=2,"약모밀꽃/잎/줄기수(77%), 정제수, 1,2-헥산다이올, 글리세린, 글리세레스-26, 베타인, 펜틸렌글라이콜, 소듐시트레이트, 아이소펜틸다이올, 에틸헥실글리세린, 다이포타슘글리시리제이트, 시트릭애씨드, 아크릴레이트/C10-30알킬아크릴레이트크로스폴리머, 트로메타민, 판테놀, 소듐파이테이트, 알란토인, 소듐하이알루로네이트(1.1ppm), 약모밀소포(750ppb), 하이드롤라이즈드소듐하이알루로네이트(100.1ppb), 징크피씨에이, 하이드록시프로필트라이모늄하이알루로네이트(100ppb), 락토바실러스발효물, 소듐아세틸레이티드하이알루로네이트(10ppb), 하이드롤라이즈드하이알루로닉애씨드(10ppb), 아이소쿼시트린, 쿼세틴, 하이알루로닉애씨드(2.5ppb), 소듐하이알루로네이트크로스폴리머(1ppb), 포타슘하이알루로네이트(0.2ppb)"
폴라초이스 바하 리퀴드 엑스폴리언트,폴라초이스,skincare,toner,A000000245794,3,https://www.oliveyoung.co.kr/store/goods/getGoodsDetail.do?goodsNo=A000000245794&dispCatNo=100000100010013&trackingCd=Cat100000100010013_Small&t_page=%EC%B9%B4%ED%85%8C%EA%B3%A0%EB%A6%AC%EA%B4%80&t_click=%EC%8A%A4%ED%82%A8/%ED%86%A0%EB%84%88_%EC%A0%84%EC%B2%B4__%EC%83%81%ED%92%88%EC%83%81%EC%84%B8&t_number=3,"정제수, 프로필렌글라이콜, 나이아신아마이드, 펜틸렌글라이콜, 글리세린, 살리실릭애씨드(0.5%), 흰버드나무껍질추출물(0.5%), 피이지/피피지-17/6코폴리머, 폴리솔베이트20, 비스-피이지-18메틸에터다이메틸실레인, 소듐파이테이트, 10-하이드록시데카노익애씨드, 알란토인, 다이포타슘글리시리제이트, 카프릴릴글라이콜, 페녹시에탄올, 클로페네신, 소듐하이드록사이드, 1,2-헥산다이올, 소듐하이알루로네이트, 비에이치티"
브링그린 티트리 시카 수딩 토너,브링그린,skincare,toner,A000000189181,4,https://www.oliveyoung.co.kr/store/goods/getGoodsDetail.do?goodsNo=A000000189181&dispCatNo=100000100010013&trackingCd=Cat100000100010013_Small&t_page=%EC%B9%B4%ED%85%8C%EA%B3%A0%EB%A6%AC%EA%B4%80&t_click=%EC%8A%A4%ED%82%A8/%ED%86%A0%EB%84%88_%EC%A0%84%EC%B2%B4__%EC%83%81%ED%92%88%EC%83%81%EC%84%B8&t_number=4,"정제수, 다이프로필렌글라이콜, 1,2-헥산다이올, 부틸렌글라이콜, 티트리추출물, 티트리잎수, 베타인, 판테놀, 티트리잎추출물, 옥틸도데세스-16, 소듐시트레이트, 시트릭애씨드, 티트리잎오일, 티트리꽃/잎/줄기추출물, 베타인살리실레이트, 병풀추출물, 잔탄검"
토리든 다이브인 저분자 히알루론산 토너,토리든,skincare,toner,A000000180474,5,https://www.oliveyoung.co.kr/store/goods/getGoodsDetail.do?goodsNo=A000000180474&dispCatNo=100000100010013&trackingCd=Cat100000100010013_Small&t_page=%EC%B9%B4%ED%85%8C%EA%B3%A0%EB%A6%AC%EA%B4%80&t_click=%EC%8A%A4%ED%82%A8/%ED%86%A0%EB%84%88_%EC%A0%84%EC%B2%B4__%EC%83%81%ED%92%88%EC%83%81%EC%84%B8&t_number=5,"정제수, 부틸렌글라이콜, 다이프로필렌글라이콜, 1,2-헥산다이올, 글리세린, 베타인, 알란토인, 판테놀, 쇠비름추출물, 트레할로오스, 소듐하이알루로네이트, 하이드롤라이즈드하이알루로닉애씨드(100ppm), 소듐하이알루로네이트크로스폴리머, 하이드롤라이즈드소듐하이알루로네이트, 소듐아세틸레이티드하이알루로네이트, 2,3-부탄다이올, 펜틸렌글라이콜, 말라카이트추출물, 다이소듐이디티에이, 에틸헥실글리세린"
아비브 어성초 카밍 토너 스킨부스터,아비브,skincare,toner,A000000155253,6,https://www.oliveyoung.co.kr/store/goods/getGoodsDetail.do?goodsNo=A000000155253&dispCatNo=100000100010013&trackingCd=Cat100000100010013_Small&t_page=%EC%B9%B4%ED%85%8C%EA%B3%A0%EB%A6%AC%EA%B4%80&t_click=%EC%8A%A4%ED%82%A8/%ED%86%A0%EB%84%88_%EC%A0%84%EC%B2%B4__%EC%83%81%ED%92%88%EC%83%81%EC%84%B8&t_number=6,"정제수, 글리세린, 부틸렌글라이콜, 펜틸렌글라이콜, 베타인, 1,2-헥산다이올, 자일리톨, 약모밀추출물(3,500 ppm), 판테놀, 에틸헥실글리세린, 소듐하이알루로네이트, 비피다발효용해물, 돌콩추출물, 다이소듐이디티에이, 하이드롤라이즈드하이알루로닉애씨드, 잔탄검, 옥탄다이올, 병풀추출물, 토코페롤, 인동덩굴꽃추출물, 황금추출물, 바이오사카라이드검-4, 파스향나무잎추출물"
라운드랩 1025 독도 토너,라운드랩,skincare,toner,A000000137180,7,https://www.oliveyoung.co.kr/store/goods/getGoodsDetail.do?goodsNo=A000000137180&dispCatNo=100000100010013&trackingCd=Cat100000100010013_Small&t_page=%EC%B9%B4%ED%85%8C%EA%B3%A0%EB%A6%AC%EA%B4%80&t_click=%EC%8A%A4%ED%82%A8/%ED%86%A0%EB%84%88_%EC%A0%84%EC%B2%B4__%EC%83%81%ED%92%88%EC%83%81%EC%84%B8&t_number=7,"정제수, 부틸렌글라이콜, 글리세린, 펜틸렌글라이콜, 프로판다이올, 아이리쉬모스추출물, 사탕수수추출물, 해수, 1,2-헥산다이올, 프로테아제, 베타인, 판테놀, 에틸헥실글리세린, 알란토인, 잔탄검, 다이소듐이디티에이"
디오디너리 글리코릭 애시드 7% 엑스폴리에이팅 토너,디오디너리,skincare,toner,A000000223625,8,https://www.oliveyoung.co.kr/store/goods/getGoodsDetail.do?goodsNo=A000000223625&dispCatNo=100000100010013&trackingCd=Cat100000100010013_Small&t_page=%EC%B9%B4%ED%85%8C%EA%B3%A0%EB%A6%AC%EA%B4%80&t_click=%EC%8A%A4%ED%82%A8/%ED%86%A0%EB%84%88_%EC%A0%84%EC%B2%B4__%EC%83%81%ED%92%88%EC%83%81%EC%84%B8&t_number=9,"정제수, 글라이콜릭애씨드(7%), 다마스크장미꽃수, 수레국화꽃수, 알로에베라잎수, 프로판다이올, 글리세린, 트라이에탄올아민, 아미노메틸프로판올, 인삼추출물, 마운틴페퍼열매추출물, 마운틴페퍼잎추출물, 아스파틱애씨드, 알라닌, 글라이신, 세린, 발린, 아이소류신, 프롤린, 트레오닌, 히스티딘, 페닐알라닌, 글루타믹애씨드, 알지닌, 피씨에이, 소듐피씨에이, 소듐락테이트, 프룩토오스, 글루코오스, 수크로오스, 우레아, 헥실니코티네이트, 덱스트린, 시트릭애씨드, 폴리솔베이트20, 젤란검, 트라이소듐에틸렌다이아민다이석시네이트, 소듐클로라이드, 헥실렌글라이콜, 포타슘솔베이트, 소듐벤조에이트, 1,2-헥산다이올, 카프릴릴글라이콜."
더랩바이블랑두 올리고 히알루론산 딥 토너,더랩바이블랑두,skincare,toner,A000000207054,9,https://www.oliveyoung.co.kr/store/goods/getGoodsDetail.do?goodsNo=A000000207054&dispCatNo=100000100010013&trackingCd=Cat100000100010013_Small&t_page=%EC%B9%B4%ED%85%8C%EA%B3%A0%EB%A6%AC%EA%B4%80&t_click=%EC%8A%A4%ED%82%A8/%ED%86%A0%EB%84%88_%EC%A0%84%EC%B2%B4__%EC%83%81%ED%92%88%EC%83%81%EC%84%B8&t_number=10,"정제수, 부틸렌글라이콜, 1,2-헥산다이올, 글리세린, 베타-글루칸, 베타인, 소듐하이알루로네이트(2,700 ppm), 판테놀, 솔비톨, 아세틸글루코사민, 글루쿠로닉애씨드, 알란토인, 토코페롤, 에틸헥실글리세린, 다이소듐이디티에이"
에스네이처 아쿠아 오아시스 토너,에스네이처,skincare,toner,A000000213171,10,https://www.oliveyoung.co.kr/store/goods/getGoodsDetail.do?goodsNo=A000000213171&dispCatNo=100000100010013&trackingCd=Cat100000100010013_Small&t_page=%EC%B9%B4%ED%85%8C%EA%B3%A0%EB%A6%AC%EA%B4%80&t_click=%EC%8A%A4%ED%82%A8/%ED%86%A0%EB%84%88_%EC%A0%84%EC%B2%B4__%EC%83%81%ED%92%88%EC%83%81%EC%84%B8&t_number=11,"정제수, 다이프로필렌글라이콜, 부틸렌글라이콜, 글리세린, 1,2-헥산다이올, 베타인, 판테놀, 알란토인, 파파야열매추출물, 글루코노락톤, 자일리틸글루코사이드, 안하이드로자일리톨, 자일리톨, 소듐하이알루로네이트, 글루코오스, 파파인, 하이드록시프로필트라이모늄하이알루로네이트, 소듐아세틸레이티드하이알루로네이트, 하이드롤라이즈드하이알루로닉애씨드, 하이알루로닉애씨드, 하이드롤라이즈드소듐하이알루로네이트, 소듐하이알루로네이트크로스폴리머, 포타슘하이알루로네이트, 글리세릴아크릴레이트/아크릴릭애씨드코폴리머, 피브이엠/엠에이코폴리머 *젤크림 정제수, 글리세린, 부틸렌글라이콜, 1,2-헥산다이올, 블루아가베잎추출물, 알란토인, 소듐하이알루로네이트, 하이드록시프로필트라이모늄하이알루로네이트, 하이드롤라이즈드하이알루로닉애씨드, 소듐아세틸레이티드하이알루로네이트, 하이알루로닉애씨드, 하이드롤라이즈드소듐하이알루로네이트, 소듐하이알루로네이트크로스폴리머, 포타슘하이알루로네이트, 알지닌, 메틸트라이메티콘, 에틸헥실글리세린, 암모늄아크릴로일다이메틸타우레이트/브이피코폴리머, 하이드록시에틸아크릴레이트/소듐아크릴로일다이메틸타우레이트코폴리머, 아크릴레이트/C10-30알킬아크릴레이트크로스폴리머, 하이드로제네이티드폴리(C6-14올레핀), 메틸다이아이소프로필프로피온아마이드, 다이메티콘/비닐다이메티콘크로스폴리머, 솔비탄아이소스테아레이트, 다이소듐이디티에이"
웰라쥬 리얼 히알루로닉,웰라쥬,skincare,toner,A000000188874,11,https://www.oliveyoung.co.kr/store/goods/getGoodsDetail.do?goodsNo=A000000188874&dispCatNo=100000100010013&trackingCd=Cat100000100010013_Small&t_page=%EC%B9%B4%ED%85%8C%EA%B3%A0%EB%A6%AC%EA%B4%80&t_click=%EC%8A%A4%ED%82%A8/%ED%86%A0%EB%84%88_%EC%A0%84%EC%B2%B4__%EC%83%81%ED%92%88%EC%83%81%EC%84%B8&t_number=12,"하이드롤라이즈드하이알루로닉애씨드(932601.50052ppm), 글리세린, 프로판다이올, 하이드로제네이티드레시틴, 소듐하이알루로네이트(1.0052ppm), 1,2-헥산다이올, 알지닌, 벤질글라이콜, 베타인, 부틸렌글라이콜, 카프릴릴/카프릭트라이글리세라이드, 시트릭애씨드, 다이메틸실란올하이알루로네이트, 다이소듐이디티에이, 에틸헥실글리세린, 글라이신, 히스티딘, 하이알루로닉애씨드(1.00001ppm), 하이드롤라이즈드글라이코사미노글리칸(0.0056ppm), 하이드롤라이즈드소듐하이알루로네이트(1.5ppm), 하이드록시프로필트라이모늄하이알루로네이트(0.80012ppm), 라이소레시틴, 포타슘하이알루로네이트, 세린, 소듐아세틸레이티드하이알루로네이트(0.400002ppm), 소듐시트레이트, 소듐하이알루로네이트크로스폴리머(0.801ppm), 소듐하이알루로네이트다이메틸실란올, 소듐피씨에이, 소듐스테아로일글루타메이트, 수크로오스라우레이트, 토코페롤, 정제수, 잔탄검"
넘버즈인 3번 보들보들 퍼스트 결부스팅 토너,넘버즈인,skincare,toner,A000000250711,12,https://www.oliveyoung.co.kr/store/goods/getGoodsDetail.do?goodsNo=A000000250711&dispCatNo=100000100010013&trackingCd=Cat100000100010013_MID&t_page=%EC%B9%B4%ED%85%8C%EA%B3%A0%EB%A6%AC%EA%B4%80&t_click=%EC%8A%A4%ED%82%A8/%ED%86%A0%EB%84%88_%EC%A0%84%EC%B2%B4__%EC%83%81%ED%92%88%EC%83%81%EC%84%B8&t_number=13,"비피다발효용해물, 갈락토미세스발효여과물, 정제수, 부틸렌글라이콜, 다이글리세린, 나이아신아마이드, 펜틸렌글라이콜, 1,2-헥산다이올, 글리세린, 소듐하이알루로네이트, 황련추출물, 백미꽃추출물, 접시꽃추출물, 붉은토끼풀꽃추출물, 하이알루로닉애씨드, 하이드롤라이즈드하이알루로닉애씨드, 다이프로필렌글라이콜, 메틸프로판다이올, 라피노오스, 합성왁스, 프로판다이올, 스쿠알란, 아데노신, 하이드로제네이티드레시틴, 알란토인, 폴리글리세릴-10스테아레이트, 판테놀, 다이포타슘글리시리제이트, 세라마이드엔피, 콜레스테롤, 스테아릭애씨드, 에틸헥실글리세린, 팔미틱애씨드, 코직애씨드, 토코페롤, 아이소펜틸다이올, 바쿠치올, 하이드록시에틸셀룰로오스, 에틸헥실팔미테이트, 세틸에틸헥사노에이트, 폴리글리세릴-10올리에이트, 다이소듐이디티에이, 잔탄검, 카라멜"
라네즈 크림스킨,라네즈,skincare,toner,A000000211003,13,https://www.oliveyoung.co.kr/store/goods/getGoodsDetail.do?goodsNo=A000000211003&dispCatNo=100000100010013&trackingCd=Cat100000100010013_MID&t_page=%EC%B9%B4%ED%85%8C%EA%B3%A0%EB%A6%AC%EA%B4%80&t_click=%EC%8A%A4%ED%82%A8/%ED%86%A0%EB%84%88_%EC%A0%84%EC%B2%B4__%EC%83%81%ED%92%88%EC%83%81%EC%84%B8&t_number=14,"정제수, 부틸렌글라이콜, 글리세린, 메도우폼씨오일, 아이소펜틸다이올, 1,2-헥산다이올, 스쿠알란, 폴리글리세릴-10스테아레이트, 글리세릴스테아레이트시트레이트, 소듐스테아로일글루타메이트, 이눌린라우릴카바메이트, 글리세릴카프릴레이트, 에틸헥실글리세린, 프로판다이올, 다이소듐이디티에이, 카보머, 만니톨, 아크릴레이트/스테아릴메타크릴레이트코폴리머, 흰목이버섯포자낭과추출물, 하이알루로닉애씨드, 녹차추출물, 잔탄검, 세라마이드엔피, 동백나무꽃추출물, 토코페롤, 아세틸테트라펩타이드-11"
토니모리 원더 세라마이드 모찌 토너,토니모리,skincare,toner,A000000224086,14,https://www.oliveyoung.co.kr/store/goods/getGoodsDetail.do?goodsNo=A000000224086&dispCatNo=100000100010013&trackingCd=Cat100000100010013_MID&t_page=%EC%B9%B4%ED%85%8C%EA%B3%A0%EB%A6%AC%EA%B4%80&t_click=%EC%8A%A4%ED%82%A8/%ED%86%A0%EB%84%88_%EC%A0%84%EC%B2%B4__%EC%83%81%ED%92%88%EC%83%81%EC%84%B8&t_number=15,"정제수, 다이프로필렌글라이콜, 글리세린, 펜타에리스리틸테트라아이소스테아레이트, 글리세레스-26, 1,2-헥산다이올, 마카다미아씨오일, 페닐트라이메티콘, 하이드록시에틸아크릴레이트/소듐아크릴로일다이메틸타우레이트코폴리머, 스타이렌/브이피코폴리머, 에틸헥실글리세린, 병풀추출물, 아크릴레이트/C10-30알킬아크릴레이트크로스폴리머, 트로메타민, 카프릴릭/카프릭트라이글리세라이드, 알란토인, 하이드로제네이티드레시틴, 프로판다이올, 판테놀, 피토스테릴/옥틸도데실라우로일글루타메이트, 세라마이드엔피(5,000 ppb), 소듐하이알루로네이트, 로즈우드오일, 레몬껍질오일, 다이소듐이디티에이, 리날룰, 리모넨"
파티온 포도당 하이드로 에센스토너,파티온,skincare,toner,A000000222849,15,https://www.oliveyoung.co.kr/store/goods/getGoodsDetail.do?goodsNo=A000000222849&dispCatNo=100000100010013&trackingCd=Cat100000100010013_MID&t_page=%EC%B9%B4%ED%85%8C%EA%B3%A0%EB%A6%AC%EA%B4%80&t_click=%EC%8A%A4%ED%82%A8/%ED%86%A0%EB%84%88_%EC%A0%84%EC%B2%B4__%EC%83%81%ED%92%88%EC%83%81%EC%84%B8&t_number=16,"정제수, 부틸렌글라이콜, 글리세린, 1,2-헥산다이올, 에리스리톨, 자일리톨, 트레할로오스, 알지닌, 카보머, 에틸헥실글리세린, 하이드롤라이즈드스클레로튬검, 다이소듐이디티에이, 카프릴릭/카프릭트라이글리세라이드, 시어버터, 올리브오일, 하이드로제네이티드레시틴, 스쿠알란, 글리세릴글루코사이드, 프로판다이올, 콜레스테롤, 세라마이드엔피, 피토스핑고신, 토코페롤, 판테놀, 글루코오스(100 ppb), 벤질글라이콜, 하이드롤라이즈드글라이코사미노글리칸, 하이드록시프로필트라이모늄하이알루로네이트, 소듐하이알루로네이트크로스폴리머, 시스테인, 글루타믹애씨드, 류신, 세린, 아스파틱애씨드, 글루타민, 알라닌, 트레오닌, 트립토판, 발린, 라이신, 글라이신, 소듐하이알루로네이트, 하이드롤라이즈드하이알루로닉애씨드, 메티오닌, 프롤린, 히스티딘, 아이소류신, 페닐알라닌, 아스파라진, 타이로신, 하이알루로닉애씨드, 소듐아세틸레이티드하이알루로네이트, 마그네슘피씨에이, 소듐락테이트, 카퍼트라이펩타이드-1, 수크로오스, 우레아, 칼슘클로라이드, 포타슘하이드록사이드, 오르니틴, 씨솔트, 마그네슘클로라이드, 다이포타슘포스페이트, 마그네슘시트레이트, 글루코사민에이치씨엘, 1-메틸하이단토인-2-이미드, 시트룰린, 우릭애씨드, 타우린, 포믹애씨드, 암모니아"
넘버즈인 1번 진정 맑게담은 청초토너,넘버즈인,skincare,toner,A000000190395,16,https://www.oliveyoung.co.kr/store/goods/getGoodsDetail.do?goodsNo=A000000190395&dispCatNo=100000100010013&trackingCd=Cat100000100010013_MID&t_page=%EC%B9%B4%ED%85%8C%EA%B3%A0%EB%A6%AC%EA%B4%80&t_click=%EC%8A%A4%ED%82%A8/%ED%86%A0%EB%84%88_%EC%A0%84%EC%B2%B4__%EC%83%81%ED%92%88%EC%83%81%EC%84%B8&t_number=17,"정제수, 1,2-헥산다이올, 다이프로필렌글라이콜, 프로판다이올, 부틸렌글라이콜, 글리세린, 감초뿌리추출물, 약모밀추출물, 카보머, 병풀추출물, 하이드록시에틸셀룰로오스, 알지닌, 알란토인, 다이소듐이디티에이, 하수오전초추출물, 베타인, 히아신스전초추출물, 판테놀, 알바수련꽃추출물"
피지오겔 DMT 에센스 인 토너,피지오겔,skincare,toner,A000000243679,17,https://www.oliveyoung.co.kr/store/goods/getGoodsDetail.do?goodsNo=A000000243679&dispCatNo=100000100010013&trackingCd=Cat100000100010013_MID&t_page=%EC%B9%B4%ED%85%8C%EA%B3%A0%EB%A6%AC%EA%B4%80&t_click=%EC%8A%A4%ED%82%A8/%ED%86%A0%EB%84%88_%EC%A0%84%EC%B2%B4__%EC%83%81%ED%92%88%EC%83%81%EC%84%B8&t_number=18,"정제수, 다이프로필렌글라이콜, 글리세린, 1,2-헥산다이올, 헥실데실에틸헥사노에이트, 펜타에리스리틸테트라에틸헥사노에이트, 변성알코올, 베타인, 사이클로펜타실록세인, 아크릴레이트/C10-30알킬아크릴레이트크로스폴리머, 트로메타민, 다이메티콘, 피토스테롤, 소듐하이알루로네이트, 트라이소듐이디티에이, 세린, 소듐피씨에이, 하이드록시에틸우레아, 알지닌, 카프릴릭/카프릭트라이글리세라이드, 스쿠알란"
제로이드 인텐시브 크림 토너,제로이드,skincare,toner,A000000244993,18,https://www.oliveyoung.co.kr/store/goods/getGoodsDetail.do?goodsNo=A000000244993&dispCatNo=100000100010013&trackingCd=Cat100000100010013_MID&t_page=%EC%B9%B4%ED%85%8C%EA%B3%A0%EB%A6%AC%EA%B4%80&t_click=%EC%8A%A4%ED%82%A8/%ED%86%A0%EB%84%88_%EC%A0%84%EC%B2%B4__%EC%83%81%ED%92%88%EC%83%81%EC%84%B8&t_number=19,"정제수, 부틸렌글라이콜, 글리세린, 시어버터, 1,2-헥산다이올, 하이드로제네이티드레시틴, 폴리글리세릴-10스테아레이트, 폴리글리세릴-10베헤네이트/에이코사디오에이트, 다이프로필렌글라이콜, 판테놀, 다이포타슘글리시리제이트, 세테아릴올리베이트, 솔비탄올리베이트, 메틸카프로오일타이로지네이트, 징크글루코네이트, 미리스토일/팔미토일옥소스테아라마이드/아라카마이드엠이에이, 하이드록시아세토페논, 식물성스쿠알란, 카프릴릭/카프릭트라이글리세라이드, 솔비탄스테아레이트, 세테아릴알코올, 글리세릴스테아레이트, 카프릴릴글라이콜, 피토스테롤, 스테아릭애씨드, 잔탄검"
바이오더마 세비엄 로션,바이오더마,skincare,toner,A000000251203,19,https://www.oliveyoung.co.kr/store/goods/getGoodsDetail.do?goodsNo=A000000251203&dispCatNo=100000100010013&trackingCd=Cat100000100010013_MID&t_page=%EC%B9%B4%ED%85%8C%EA%B3%A0%EB%A6%AC%EA%B4%80&t_click=%EC%8A%A4%ED%82%A8/%ED%86%A0%EB%84%88_%EC%A0%84%EC%B2%B4__%EC%83%81%ED%92%88%EC%83%81%EC%84%B8&t_number=20,"정제수, 글리세린, 프로판다이올, 폴리솔베이트20, 살리실릭애씨드, 부틸렌글라이콜, 트라이소듐에틸렌다이아민다이석시네이트, 시트릭애씨드, 펜틸렌글라이콜, 소듐하이드록사이드, 말굽잔나비버섯추출물, 향료, 다이프로필렌글라이콜, 만니톨, 소듐메타바이설파이트, 자일리톨, 람노오스, 소듐하이알루로네이트, 잔탄검, 프로필갈레이트, 사코신, 아미노에탄설피닉애씨드 (BI 727 V2)"
닥터지 레드 블레미쉬 10-시카 캡슐 수딩 토너,닥터지,skincare,toner,A000000252322,20,https://www.oliveyoung.co.kr/store/goods/getGoodsDetail.do?goodsNo=A000000252322&dispCatNo=100000100010013&trackingCd=Cat100000100010013_MID&t_page=%EC%B9%B4%ED%85%8C%EA%B3%A0%EB%A6%AC%EA%B4%80&t_click=%EC%8A%A4%ED%82%A8/%ED%86%A0%EB%84%88_%EC%A0%84%EC%B2%B4__%EC%83%81%ED%92%88%EC%83%81%EC%84%B8&t_number=21,"정제수, 편백수, 프로판다이올, 부틸렌글라이콜, 글리세린, 1,2-헥산다이올, 나이아신아마이드, 에리스리톨, 펜틸렌글라이콜, 스트렙토코쿠스테르모필루스발효물, 효모발효여과물, 옥수수전분, 사과즙, 백미꽃추출물, 병풀잎추출물(2.1ppm), 비피다발효여과물, 락토바실러스발효물, 병풀꽃/잎/줄기추출물(1.0ppm), 병풀뿌리 추출물(1.0ppm), 접시꽃추출물, 페퍼민트잎수, 병풀추출물(0.02ppm), 판테놀,젤란검, 알란토인, 베타인, 하이드록시아세토페논, 칼슘클로 라이드,소듐클로라이드, 아데노신, 데하이드로잔탄검, 만델릭애씨드, 트레할로오스, 셀룰로오스검, 소듐시트레이트, 메틸다이아이소프로필 프로피온아마이드,세라마이드엔피, 솔비톨, 스테아릭애씨드, 하이 드로제네이티드레시틴,실리카, 에틸헥실글리세린, 다발방패버섯추출물, 베타-글루칸, 마데카소사이드(0.18ppm), 아시아티코사이드(0.002ppm), 마데카식애씨드(0.002ppm), 아시아틱애씨드(0.0008ppm)"
아누아 피디알엔 100 히알루론산 부스터 토너,아누아,skincare,toner,A000000231891,21,https://www.oliveyoung.co.kr/store/goods/getGoodsDetail.do?goodsNo=A000000231891&dispCatNo=100000100010013&trackingCd=Cat100000100010013_MID&t_page=%EC%B9%B4%ED%85%8C%EA%B3%A0%EB%A6%AC%EA%B4%80&t_click=%EC%8A%A4%ED%82%A8/%ED%86%A0%EB%84%88_%EC%A0%84%EC%B2%B4__%EC%83%81%ED%92%88%EC%83%81%EC%84%B8&t_number=22,"정제수, 부틸렌글라이콜, 글리세린, 펜틸렌글라이콜, 프로판다이올, 사탕수수추출물, 자일리틸글루코사이드, 돌콩추출물, 말라카이트추출물, 자일리톨, 인도멀구슬나무잎추출물, 백미꽃추출물, 인도멀구슬나무꽃추출물, 아이비고드열매추출물, 접시꽃추출물, 알로에베라꽃추출물, 하이드롤라이즈드하이알루로닉애씨드, 가지열매추출물, 홀리바질잎추출물, 참산호말추출물, 울금뿌리추출물, 1,2-헥산다이올, 베타인, 하이드록시아세토페논,판테놀, 에틸헥실글리세린, 안하이드로자일리톨, 알란토인, 소듐디엔에이, 다이프로필렌글라이콜, 옥탄다이올, 포스파티딜콜린, 토코페롤, 하이알루로닉애씨드/하이드롤라이즈드콜라겐크로스폴리머, C12-13알케스-9, 다이포타슘포스페이트, 아세틸글루타민, 카퍼트라이펩타이드-1, 셀룰로오스검, 다이소듐이디티에이, 잔탄검"
라운드랩 자작나무 수분 토너,라운드랩,skincare,toner,A000000157178,22,https://www.oliveyoung.co.kr/store/goods/getGoodsDetail.do?goodsNo=A000000157178&dispCatNo=100000100010013&trackingCd=Cat100000100010013_MID&t_page=%EC%B9%B4%ED%85%8C%EA%B3%A0%EB%A6%AC%EA%B4%80&t_click=%EC%8A%A4%ED%82%A8/%ED%86%A0%EB%84%88_%EC%A0%84%EC%B2%B4__%EC%83%81%ED%92%88%EC%83%81%EC%84%B8&t_number=23,"정제수, 글리세린, 프로판다이올, 글리세레스-26, 펜틸렌글라이콜, 자작나무수액(10,000ppm), 1,2-헥산다이올, 아이리쉬모스추출물, 사탕수수추출물, 소듐하이알루로네이트, 하이알루로닉애씨드, 판테놀, 트로메타민, 다이포타슘글리시리제이트, 글리세릴카프릴레이트, 글리세릴글루코사이드, 부틸렌글라이콜, 아스코빅애씨드, 카보머, 잔탄검, 다이소듐이디티에이"
에스트라 에이시카365 수분토너,에스트라,skincare,toner,A000000218549,23,https://www.oliveyoung.co.kr/store/goods/getGoodsDetail.do?goodsNo=A000000218549&dispCatNo=100000100010013&trackingCd=Cat100000100010013_MID&t_page=%EC%B9%B4%ED%85%8C%EA%B3%A0%EB%A6%AC%EA%B4%80&t_click=%EC%8A%A4%ED%82%A8/%ED%86%A0%EB%84%88_%EC%A0%84%EC%B2%B4__%EC%83%81%ED%92%88%EC%83%81%EC%84%B8&t_number=24,"정제수, 부틸렌글라이콜, 글리세린, 나이아신아마이드, 1,2-헥산다이올, 글루코노락톤, 트로메타민, 잔탄검, 에틸헥실글리세린, 레시틴, 소듐메타포스페이트, 폴리글리세릴-10올리에이트, 소듐하이알루로네이트, 3-O-에틸아스코빅애씨드, 징크피씨에이, 폴리글리세릴-4카프레이트, 아시아티코사이드, 마데카식애씨드, 글리세릴카프릴레이트, 아시아틱애씨드, 마데카소사이드, 소듐트라이메타포스페이트, 프로필렌글라이콜, 토코페롤, 쌀겨오일"
차앤박(CNP) 아쿠아 수딩 토너,차앤박,skincare,toner,A000000169683,24,https://www.oliveyoung.co.kr/store/goods/getGoodsDetail.do?goodsNo=A000000169683&dispCatNo=100000100010013&t_page=%EC%B9%B4%ED%85%8C%EA%B3%A0%EB%A6%AC%EA%B4%80&t_click=%EC%8A%A4%ED%82%A8/%ED%86%A0%EB%84%88_%EC%A0%84%EC%B2%B4__%EC%83%81%ED%92%88%EC%83%81%EC%84%B8&t_number=11,"정제수, 프로판다이올, 다이프로필렌글라이콜, 에리스리톨, 피이지/피피지/폴리부틸렌글라이콜-8/5/3글리세린, 1,2-헥산다이올, 부틸렌글라이콜, 폴리솔베이트80, 판테놀, 소듐하이알루로네이트, 알란토인, 글리세린, 다이소듐이디티에이, 하이알루로닉애씨드, 트로메타민, 펜틸렌글라이콜, 향료, 말라카이트추출물, 마데카소사이드, 쇠비름추출물, 하이드록시페닐프로파미도벤조익애씨드, 판토락톤, 카프릴릭/카프릭트라이글리세라이드, 하이드로제네이티드레시틴, 글루코오스, 알지닌, 하이드록시프로필메틸셀룰로오스, 시트릭애씨드, 아스코빌팔미테이트, 칼슘카보네이트, 아세틸글루코사민, 아스코빅애씨드, 글루타티온, 리날룰"
메디큐브 PDRN 핑크 앰플,메디큐브,skincare,essence_serum_ampoule,A000000226498,1,https://www.oliveyoung.co.kr/store/goods/getGoodsDetail.do?goodsNo=A000000226498&dispCatNo=100000100010014&trackingCd=Cat100000100010014_Small&t_page=%EC%B9%B4%ED%85%8C%EA%B3%A0%EB%A6%AC%EA%B4%80&t_click=%EC%97%90%EC%84%BC%EC%8A%A4/%EC%84%B8%EB%9F%BC/%EC%95%B0%ED%94%8C_%EC%A0%84%EC%B2%B4__%EC%83%81%ED%92%88%EC%83%81%EC%84%B8&t_number=1,"정제수,글리세린,다이프로필렌글라이콜,아이소프로필미리스테이트,글리세레스-26,나이아신아마이드,1,2-헥산다이올,소듐디엔에이,부틸렌글라이콜,폴리글리세린-3,소듐아크릴레이트/소듐아크릴로일다이메틸타우레이트코폴리머,폴리아이소부텐,아크릴레이트/C10-30알킬아크릴레이트크로스폴리머,이리추출물,트로메타민,글리세릴아크릴레이트/아크릴릭애씨드코폴리머,피브이엠/엠에이코폴리머,에틸헥실글리세린,카프릴릴글라이콜,향료,인도멀구슬나무잎추출물,아데노신,카프릴릴/카프릴글루코사이드,솔비탄올리에이트,인도멀구슬나무꽃추출물,소듐하이알루로네이트,다이소듐이디티에이,울금뿌리추출물,사이아노코발아민,하이드롤라이즈드콜라겐,유비퀴논,홀리바질잎추출물,참산호말추출물,팔미토일펜타펩타이드-4,팔미토일트라이펩타이드-1,팔미토일테트라펩타이드-7,카퍼트라이펩타이드-1,아세틸헥사펩타이드-8,연어알추출물,아텔로콜라겐"
아누아 피디알엔 히알루론산 캡슐 100 세럼,아누아,skincare,essence_serum_ampoule,A000000222698,2,https://www.oliveyoung.co.kr/store/goods/getGoodsDetail.do?goodsNo=A000000222698&dispCatNo=100000100010014&trackingCd=Cat100000100010014_Small&t_page=%EC%B9%B4%ED%85%8C%EA%B3%A0%EB%A6%AC%EA%B4%80&t_click=%EC%97%90%EC%84%BC%EC%8A%A4/%EC%84%B8%EB%9F%BC/%EC%95%B0%ED%94%8C_%EC%A0%84%EC%B2%B4__%EC%83%81%ED%92%88%EC%83%81%EC%84%B8&t_number=2,"하이드롤라이즈드하이알루로닉애씨드(29,049ppm), 나이아신아마이드, 하이드롤라이즈드콜라겐, 소듐하이알루로 네이트(800ppm), 아데노신, 소듐디엔에이(100ppm), 하이알 루로닉애씨드(30ppm), 하이드롤라이즈드소듐하이알루로네이 트(30ppm), 하이드록시프로필트라이모늄하이알루로네이트 (30ppm), 포타슘하이알루로네이트(30ppm), 소듐하이알루 로네이트크로스폴리머(30ppm), 소듐아세틸레이티드하이알 루로네이트(1ppm), 시트릭애씨드 * 피디알엔: 소듐디엔에이"
이니스프리 레티놀 시카 흔적 앰플,이니스프리,skincare,essence_serum_ampoule,A000000230208,3,https://www.oliveyoung.co.kr/store/goods/getGoodsDetail.do?goodsNo=A000000230208&dispCatNo=100000100010014&trackingCd=Cat100000100010014_Small&t_page=%EC%B9%B4%ED%85%8C%EA%B3%A0%EB%A6%AC%EA%B4%80&t_click=%EC%97%90%EC%84%BC%EC%8A%A4/%EC%84%B8%EB%9F%BC/%EC%95%B0%ED%94%8C_%EC%A0%84%EC%B2%B4__%EC%83%81%ED%92%88%EC%83%81%EC%84%B8&t_number=3,"정제수, 글리세린, 부틸렌글라이콜, 나이아신아마이드, 다이부틸아디페이트, 카프릴릭/카프릭트라이글리세라이드, 1,2-헥산다이올, 하이드로제네이티드레시틴, 암모늄아크릴로일다이메틸타우레이트/브이피코폴리머, 해바라기씨오일, 콜레스테롤, 알란토인, 돌콩오일, 토코페롤, 토코페릴아세테이트, 소듐메틸스테아로일타우레이트, 프로판다이올, 당근추출물, 에틸헥실글리세린, 아데노신, 아시아티코사이드, 마데카식애씨드, 녹차씨추출물, 아시아틱애씨드, 레티놀(500IU/g), 스테아릴글리시레티네이트, 하이알루로닉애씨드, 만니톨, 세라마이드엔피, 베타-글루칸, 베타-카로틴, 피토스핑고신, 비에이치티, 살리실릭애씨드, 아세틸테트라펩타이드-11"
메디힐 마데카소사이드 흔적 리페어 세럼,메디힐,skincare,essence_serum_ampoule,A000000211119,4,https://www.oliveyoung.co.kr/store/goods/getGoodsDetail.do?goodsNo=A000000211119&dispCatNo=100000100010014&trackingCd=Cat100000100010014_Small&t_page=%EC%B9%B4%ED%85%8C%EA%B3%A0%EB%A6%AC%EA%B4%80&t_click=%EC%97%90%EC%84%BC%EC%8A%A4/%EC%84%B8%EB%9F%BC/%EC%95%B0%ED%94%8C_%EC%A0%84%EC%B2%B4__%EC%83%81%ED%92%88%EC%83%81%EC%84%B8&t_number=4,"정제수, 글리세린, 부틸렌글라이콜, 프로판다이올, 1,2-헥산다이올, 나이아신아마이드, 글리세릴폴리메타크릴레이트, 판테놀, 베타인, 폴리글리세릴-10라우레이트, 아크릴레이트/C10-30알킬아크릴레이트크로스폴리머, 다이페닐다이메티콘, 트라이에틸헥사노인, 트로메타민, 마데카소사이드(540 ppm), 에틸헥실글리세린, 하이드로제네이티드레시틴, 잔탄검, 소듐하이알루로네이트, 병풀추출물(51 ppm), 아시아티코사이드(39 ppm), 서양배추출물, 연필향나무오일, 병풀잎추출물(21 ppm), 베타-글루칸, 다마스크장미꽃수, 멜론추출물, 오리스뿌리추출물, 서양송악잎/줄기추출물, 호호바씨오일, 광곽향오일, 불가리스쑥오일, 로즈마리잎오일, 토코페롤, 다이프로필렌글라이콜, 펜틸렌글라이콜, 카프릴릴/카프릴글루코사이드, 마데카식애씨드(0.00004 ppm), 아시아틱애씨드(0.00003 ppm), 세라마이드엔피"
넘버즈인 3번 보들보들 모공결 세럼,넘버즈인,skincare,essence_serum_ampoule,A000000250773,5,https://www.oliveyoung.co.kr/store/goods/getGoodsDetail.do?goodsNo=A000000250773&dispCatNo=100000100010014&trackingCd=Cat100000100010014_Small&t_page=%EC%B9%B4%ED%85%8C%EA%B3%A0%EB%A6%AC%EA%B4%80&t_click=%EC%97%90%EC%84%BC%EC%8A%A4/%EC%84%B8%EB%9F%BC/%EC%95%B0%ED%94%8C_%EC%A0%84%EC%B2%B4__%EC%83%81%ED%92%88%EC%83%81%EC%84%B8&t_number=5,"비피다발효용해물, 갈락토미세스발효여과물, 부틸렌글라이콜, 메틸글루세스-20, 정제수, 나이아신아마이드, 피이지-90, 1,2-헥산다이올, 글리세린, 스쿠알란, 알테로모나스발효추출물, 실크추출물, 염소유추출물, 락토바실러스발효용해물, 바쿠치올, 하이드로제네이티드레시틴, 소듐하이알루로네이트, 판테놀, 아데노신, 글리세레스-26, 잔탄검, 다이포타슘글리시리제이트, 코직애씨드, 폴리글리세릴-3다이스테아레이트, 글리세릴스테아레이트에스이, 글리세릴스테아레이트시트레이트, 폴리글리세릴-3메틸글루코오스다이스테아레이트, 카보머, 트로메타민, 알란토인, 에틸헥실글리세린, 카프릴릴글라이콜, 트로폴론, 다이소듐이디티에이"
셀라딕스 트러블 세범 리밸런싱 RX 131 앰플,셀라딕스,skincare,essence_serum_ampoule,A000000224494,6,https://www.oliveyoung.co.kr/store/goods/getGoodsDetail.do?goodsNo=A000000224494&dispCatNo=100000100010014&trackingCd=Cat100000100010014_Small&t_page=%EC%B9%B4%ED%85%8C%EA%B3%A0%EB%A6%AC%EA%B4%80&t_click=%EC%97%90%EC%84%BC%EC%8A%A4/%EC%84%B8%EB%9F%BC/%EC%95%B0%ED%94%8C_%EC%A0%84%EC%B2%B4__%EC%83%81%ED%92%88%EC%83%81%EC%84%B8&t_number=6,"정제수,다이프로필렌글라이콜,부틸렌글라이콜,글리세레스-26,나이아신아마이드,글리세린,베타인,피토스테롤,세라마이드엔피,스쿠알란,라우릭애씨드,아라키딕애씨드,베헤닉애씨드,베타-글루칸,참오동나무잎추출물,육계나무껍질추출물,생달나무잎추출물,녹나무잎추출물,월계수잎추출물,고수추출물,유칼립투스잎추출물,황금추출물,후박나무가지추출물,1,2-헥산다이올,폴리글리세릴-10라우레이트,폴리글리세릴-10미리스테이트,하이드록시아세토페논,판테놀,아데노신,다이소듐이디티에이,소듐하이알루로네이트,잔탄검,소듐폴리아크릴레이트,에틸헥실글리세린,베르가모트오일,라반딘오일,오렌지껍질오일,라벤더오일,발삼아미리스껍질오일,바질오일,리모넨,리날룰"
웰라쥬 리얼 히알루로닉 블루 100 앰플,웰라쥬,skincare,essence_serum_ampoule,A000000231885,7,https://www.oliveyoung.co.kr/store/goods/getGoodsDetail.do?goodsNo=A000000231885&dispCatNo=100000100010014&trackingCd=Cat100000100010014_Small&t_page=%EC%B9%B4%ED%85%8C%EA%B3%A0%EB%A6%AC%EA%B4%80&t_click=%EC%97%90%EC%84%BC%EC%8A%A4/%EC%84%B8%EB%9F%BC/%EC%95%B0%ED%94%8C_%EC%A0%84%EC%B2%B4__%EC%83%81%ED%92%88%EC%83%81%EC%84%B8&t_number=7,"정제수, 프로판다이올, 펜틸렌글라이콜, 글리세린, 1,2-헥산다이올, 판테놀, 메틸프로판다이올, 소듐아크릴릭애씨드/엠에이코폴리머, 부틸렌글라이콜, 참마뿌리추출물, 잔탄검, 소듐시트레이트, 에틸헥실글리세린, 소듐하이알루로네이트(1,000ppm), 글라이코실트레할로오스, 하이드로제네이티드스타치하이드롤리세이트, 시트릭애씨드, 라피노오스, 아데노신, 레시틴, 트라이소듐에틸렌다이아민다이석시네이트, 카프릴릴글라이콜, 사카라이드아이소머레이트, 폴리쿼터늄-51, 말라카이트추출물, 알지닌, 소듐디엔에이, 갈랑가갈랑갈추출물, 바이오사카라이드검-1, 사이아노코발아민, 토코페롤, 카프릴릭/카프릭트라이글리세라이드, 하이드로제네이티드레시틴, 하이드롤라이즈드하이알루로닉애씨드(0.100052ppm) 하이드롤라이즈드소듐하이알루로네이트(0.1ppm), 수크로오스라우레이트, 소듐스테아로일글루타메이트, 암모늄아크릴로일다이메틸타우레이트/브이피코폴리머, 글라이신, 세린, 히스티딘, 돌콩추출물, 라이소레시틴, 플로레틴, 테트라하이드로피페린, 다이메틸아이소소바이드, 소듐하이알루로네이트크로스폴리머(2.08ppb), 벤질글라이콜, 하이드롤라이즈드글라이코사미노글리칸, 올레일알코올, 베타-글루칸, 하이드록시프로필트라이모늄하이알루로네이트(0.012ppb), 하이알루로닉애씨드(0.001ppb), 소듐아세틸레이티드하이알루로네이트(0.0002ppb)"
넘버즈인 5번 글루타치온C 흔적 앰플,넘버즈인,skincare,essence_serum_ampoule,A000000189837,8,https://www.oliveyoung.co.kr/store/goods/getGoodsDetail.do?goodsNo=A000000189837&dispCatNo=100000100010014&trackingCd=Cat100000100010014_Small&t_page=%EC%B9%B4%ED%85%8C%EA%B3%A0%EB%A6%AC%EA%B4%80&t_click=%EC%97%90%EC%84%BC%EC%8A%A4/%EC%84%B8%EB%9F%BC/%EC%95%B0%ED%94%8C_%EC%A0%84%EC%B2%B4__%EC%83%81%ED%92%88%EC%83%81%EC%84%B8&t_number=8,"정제수, 부틸렌글라이콜, 나이아신아마이드(50,000 ppm), 판테놀(50,000 ppm), 트라넥사믹애씨드(40,000 ppm), 1,2-헥산다이올, 네오펜틸글라이콜다이카프레이트, 카프릴릭/카프릭트라이글리세라이드, 솔비톨, 월귤추출물, 아이리쉬모스추출물, 시어버터, 사탕수수추출물, 알파-알부틴, 비피다발효용해물, 소듐하이알루로네이트, 인도멀구슬나무꽃추출물, 홀리바질잎추출물, 인도멀구슬나무잎추출물, 울금뿌리추출물, 참산호말추출물, 흰목이버섯추출물, 펜틸렌글라이콜, 글리세린, 3-O-에틸아스코빅애씨드(2,000 ppm), 비사보롤, 트로메타민, 에틸헥실글리세린, 아데노신, 하이드로제네이티드레시틴, 알란토인, 글루타티온(100 ppm), 세라마이드엔피, 베타-글루칸, 다이포타슘글리시리제이트, 토코페롤, 아스코빅애씨드(1 ppb), 아스코빌글루코사이드(1 ppb), 토코페릴아세테이트, 하이드록시프로필사이클로덱스트린, 유비퀴논, 티옥틱애씨드, 포타슘하이드록사이드, 베헤닐알코올, 카보머, 잔탄검, 다이소듐이디티에이"
파티온 노스카나인 트러블 세럼,파티온,skincare,essence_serum_ampoule,A000000219717,9,https://www.oliveyoung.co.kr/store/goods/getGoodsDetail.do?goodsNo=A000000219717&dispCatNo=100000100010014&trackingCd=Cat100000100010014_Small&t_page=%EC%B9%B4%ED%85%8C%EA%B3%A0%EB%A6%AC%EA%B4%80&t_click=%EC%97%90%EC%84%BC%EC%8A%A4/%EC%84%B8%EB%9F%BC/%EC%95%B0%ED%94%8C_%EC%A0%84%EC%B2%B4__%EC%83%81%ED%92%88%EC%83%81%EC%84%B8&t_number=9,"정제수, 글리세린, 다이프로필렌글라이콜, 판테놀, 1,2-헥산다이올, 펜틸렌글라이콜, 소듐하이알루로네이트, 다이에톡시에틸석시네이트, 하이드록시에틸우레아, 아크릴레이트/C10-30알킬아크릴레이트크로스폴리머, 암모늄아크릴로일다이메틸타우레이트/브이피코폴리머, 트로메타민, 알란토인, 하이드록시아세토페논, 에틸헥실글리세린, 폴리글리세릴-10라우레이트, 석시닉애씨드, 잔탄검, 소듐헤파린, 쑥잎추출물, 병풀추출물, 사과추출물, 토코페롤, 카프릴릴/카프릴글루코사이드, 하이드로제네이티드레시틴, 세라마이드엔피"
브링그린 징크테카 트러블 세럼,브링그린,skincare,essence_serum_ampoule,A000000200646,10,https://www.oliveyoung.co.kr/store/goods/getGoodsDetail.do?goodsNo=A000000200646&dispCatNo=100000100010014&trackingCd=Cat100000100010014_Small&t_page=%EC%B9%B4%ED%85%8C%EA%B3%A0%EB%A6%AC%EA%B4%80&t_click=%EC%97%90%EC%84%BC%EC%8A%A4/%EC%84%B8%EB%9F%BC/%EC%95%B0%ED%94%8C_%EC%A0%84%EC%B2%B4__%EC%83%81%ED%92%88%EC%83%81%EC%84%B8&t_number=10,"정제수, 에톡시다이글라이콜, 메틸프로판다이올, 메틸글루세스-20, 1,2-헥산다이올, 나이아신아마이드, 병풀추출물, 티트리추출물, 티트리잎추출물, 티트리꽃/잎/줄기추출물, 몰로키아잎추출물**, 신선초추출물**, 연꽃뿌리추출물**, 오크라열매추출물**, 참마뿌리추출물**, 하이드로제네이티드레시틴, 티트리잎수, 티트리잎오일, 옥틸도데칸올, 옥틸도데세스-16, 아시아티코사이드*(4,800ppm), 마데카식애씨드*(3,600ppm), 글라이코리피드, 아시아틱애씨드*(3,600ppm), C12-13알케스-9, 카보머, 트로메타민, 피브이피, 소듐폴리아크릴레이트, 다이소듐이디티에이, 4-터피네올, 징크피씨에이(1ppm), 에틸헥실글리세린"
샤이샤이샤이 리페어 밀키 우레아 글로우 버블 세럼,샤이샤이샤이,skincare,essence_serum_ampoule,A000000251318,11,https://www.oliveyoung.co.kr/store/goods/getGoodsDetail.do?goodsNo=A000000251318&dispCatNo=100000100010014&trackingCd=Cat100000100010014_Small&t_page=%EC%B9%B4%ED%85%8C%EA%B3%A0%EB%A6%AC%EA%B4%80&t_click=%EC%97%90%EC%84%BC%EC%8A%A4/%EC%84%B8%EB%9F%BC/%EC%95%B0%ED%94%8C_%EC%A0%84%EC%B2%B4__%EC%83%81%ED%92%88%EC%83%81%EC%84%B8&t_number=11,"정제수, 글리세린, 마카다미아씨오일, 하이드로제네이티드폴리(C6-14올레핀), 메틸프로판다이올, 부틸렌글라이콜, 나이아신아마이드, 우레아(20,000PPM), 트라이라우레스-4포스페이트, 1,2-헥산다이올, 하이드록시아세토페논, 판테놀, 에틸헥실글리세린, 아데노신, 토코페롤, 잔탄검, 다이소듐이디티에이, 폴리쿼터늄-51, 폴리글리세릴-10라우레이트, 소듐하이알루로네이트, 카프릴릭/카프릭트라이글리세라이드, 사이아노코발아민, 세라마이드엔피, 하이드로제네이티드레시틴, 트라이펩타이드-1, 아세틸테트라펩타이드-2, 아세틸테트라펩타이드-5, 카프릴릴글라이콜, 카퍼트라이펩타이드-1, 헥사펩타이드-11, 헥사펩타이드-9, 팔미토일펜타펩타이드-4, 팔미토일트라이펩타이드-1, 아세틸헥사펩타이드-8, 팔미토일트라이펩타이드-5, 향료"
넘버즈인 1번 판토텐산 액티브업 수딩세럼,넘버즈인,skincare,essence_serum_ampoule,A000000207225,12,https://www.oliveyoung.co.kr/store/goods/getGoodsDetail.do?goodsNo=A000000207225&dispCatNo=100000100010014&trackingCd=Cat100000100010014_Small&t_page=%EC%B9%B4%ED%85%8C%EA%B3%A0%EB%A6%AC%EA%B4%80&t_click=%EC%97%90%EC%84%BC%EC%8A%A4/%EC%84%B8%EB%9F%BC/%EC%95%B0%ED%94%8C_%EC%A0%84%EC%B2%B4__%EC%83%81%ED%92%88%EC%83%81%EC%84%B8&t_number=12,"정제수,부틸렌글라이콜,나이아신아마이드,글리세린,다이프로필렌글라이콜,1,2-헥산다이올,판테놀,도둑놈의지팡이뿌리추출물,아크릴레이트/C10-30알킬아크릴레이트크로스폴리머,프로판다이올,다이에톡시에틸석시네이트,트로메타민,하이드로제네이티드레시틴,암모늄아크릴로일다이메틸타우레이트/브이피코폴리머,베타인,판토테닉애씨드,트레할로오스,에틸헥실글리세린,글리세릴올리에이트,소듐파이테이트,알란토인,알파-알부틴,약모밀추출물,라우릴글루코사이드,미리스틸글루코사이드,폴리글리세릴-6라우레이트,징크피씨에이,인도멀구슬나무잎추출물,토코페롤,감초뿌리추출물,인도멀구슬나무꽃추출물,아이비고드열매추출물,병풀추출물,소듐하이알루로네이트,시트릭애씨드,가지열매추출물,베타-글루칸,홀리바질잎추출물,하이알루로닉애씨드,데실글루코사이드,울금뿌리추출물,참산호말추출물,다이포타슘글리시리제이트,하이드롤라이즈드하이알루로닉애씨드,호호바씨오일,녹차추출물,병풀잎추출물,오카무라큰실말추출물,흰버드나무껍질추출물,소듐아세틸레이티드하이알루로네이트,커피콩추출물,베타-시토스테롤,폴리글리세릴-10스테아레이트,베르가모트잎추출물,소나무잎추출물"
아이오페 레티놀 슈퍼 바운스 세럼,아이오페,skincare,essence_serum_ampoule,A000000250344,13,https://www.oliveyoung.co.kr/store/goods/getGoodsDetail.do?goodsNo=A000000250344&dispCatNo=100000100010014&trackingCd=Cat100000100010014_Small&t_page=%EC%B9%B4%ED%85%8C%EA%B3%A0%EB%A6%AC%EA%B4%80&t_click=%EC%97%90%EC%84%BC%EC%8A%A4/%EC%84%B8%EB%9F%BC/%EC%95%B0%ED%94%8C_%EC%A0%84%EC%B2%B4__%EC%83%81%ED%92%88%EC%83%81%EC%84%B8&t_number=13,"정제수, 부틸렌글라이콜, 스쿠알란, 메틸트라이메티콘, 글리세린, 비스-하이드록시에톡시프로필다이메티콘, 1,2-헥산다이올, 락토바실러스발효용해물, C14-22알코올, 시어버터, 팔미틱애씨드, 해바라기씨오일, 스테아릭애씨드, 글리세릴스테아레이트, 피이지-100스테아레이트, 하이드록시에틸아크릴레이트/소듐아크릴로일다이메틸타우레이트코폴리머, 다이메틸아이소소바이드, C12-20알킬글루코사이드, 돌콩오일, 카보머, 만니톨, 당근추출물, 글리세릴카프릴레이트, 트로메타민, 다이소듐이디티에이, 코질메틸렌다이옥시신나메이트, 에틸헥실글리세린, 펜틸렌글라이콜, 잔탄검, 마데카소사이드, 하이드록시피나콜론레티노에이트, 솔비탄아이소스테아레이트, 레티놀, 트레할로오스, 베타-카로틴, 토코페롤, 비에이치티, 아라비아고무나무검, 아세틸테트라펩타이드-11, 하이드로제네이티드포스파티딜콜린, 편백잎추출물, 데카펩타이드-4, 소듐올리에이트, 프로필렌글라이콜알지네이트, 벼에스에이치-올리고펩타이드-1 * 레티놀 함량 509 IU/g"
아이오페 레티놀 레티젝션 세럼,아이오페,skincare,essence_serum_ampoule,A000000250345,14,https://www.oliveyoung.co.kr/store/goods/getGoodsDetail.do?goodsNo=A000000250345&dispCatNo=100000100010014&trackingCd=Cat100000100010014_Small&t_page=%EC%B9%B4%ED%85%8C%EA%B3%A0%EB%A6%AC%EA%B4%80&t_click=%EC%97%90%EC%84%BC%EC%8A%A4/%EC%84%B8%EB%9F%BC/%EC%95%B0%ED%94%8C_%EC%A0%84%EC%B2%B4__%EC%83%81%ED%92%88%EC%83%81%EC%84%B8&t_number=14,"정제수, 부틸렌글라이콜, 글리세린, 카프릴릭/카프릭트라이글리세라이드, 칼슘알루미늄보로실리케이트, 다이메티콘, 나이아신아마이드, 시어버터, 판테놀, C14-22알코올, 세테아릴알코올, 토코페롤, 토코페릴아세테이트, 폴리글리세릴-3다이스테아레이트, 글리세릴스테아레이트, 해바라기씨오일, 팔미틱애씨드, 스테아릭애씨드, 돌콩오일, C12-20알킬글루코사이드, 다이메틸아이소소바이드, 카보머, 소듐설파이트, 당근추출물, 알란토인, 글리세릴카프릴레이트, 트로메타민, 펜틸렌글라이콜, 소듐메타포스페이트, 코질메틸렌다이옥시신나메이트, 에틸헥실글리세린, 아데노신, 레티놀, 글리세릴스테아레이트시트레이트, 하이드록시피나콜론레티노에이트, 베타-카로틴, 아라비아고무나무검, 비에이치티, 프로필렌글라이콜알지네이트 (순수레티놀 함량 880IU)"
에스네이처 아쿠아 스쿠알란 세럼,에스네이처,skincare,essence_serum_ampoule,A000000250476,15,https://www.oliveyoung.co.kr/store/goods/getGoodsDetail.do?goodsNo=A000000250476&dispCatNo=100000100010014&trackingCd=Cat100000100010014_Small&t_page=%EC%B9%B4%ED%85%8C%EA%B3%A0%EB%A6%AC%EA%B4%80&t_click=%EC%97%90%EC%84%BC%EC%8A%A4/%EC%84%B8%EB%9F%BC/%EC%95%B0%ED%94%8C_%EC%A0%84%EC%B2%B4__%EC%83%81%ED%92%88%EC%83%81%EC%84%B8&t_number=15,"정제수, 글리세린, 부틸렌글라이콜, 메틸프로판다이올, 1,2-헥산다이올, 베타인, 다시마추출물, 한련초잎추출물, 버지니아풍년화추출물, 소듐하이알루로네이트, 하이드로제네이티드레시틴, 판테놀, 알란토인, 프룩토올리고사카라이드, 베타-글루칸, 하이드롤라이즈드하이알루로닉애씨드, 스쿠알란, 하이드록시프로필트라이모늄하이알루로네이트, 소듐아세틸레이티드하이알루로네이트, 하이드롤라이즈드소듐하이알루로네이트, 하이알루로닉애씨드, 소듐하이알루로네이트크로스폴리머, 포타슘하이알루로네이트, 다이프로필렌글라이콜, 토코페롤, 에틸헥실글리세린, 카보머, 트로메타민, 잔탄검, 다이소듐이디티에이"
에스트라 아토베리어365 하이드로에센스,에스트라,skincare,essence_serum_ampoule,A000000222837,16,https://www.oliveyoung.co.kr/store/goods/getGoodsDetail.do?goodsNo=A000000222837&dispCatNo=100000100010014&trackingCd=Cat100000100010014_Small&t_page=%EC%B9%B4%ED%85%8C%EA%B3%A0%EB%A6%AC%EA%B4%80&t_click=%EC%97%90%EC%84%BC%EC%8A%A4/%EC%84%B8%EB%9F%BC/%EC%95%B0%ED%94%8C_%EC%A0%84%EC%B2%B4__%EC%83%81%ED%92%88%EC%83%81%EC%84%B8&t_number=16,"정제수, 부틸렌글라이콜, 글리세린, 스쿠알란, 1,2-헥산다이올, 아크릴레이트/C10-30알킬아크릴레이트크로스폴리머, 카보머, 트로메타민, 글리세릴카프릴레이트, 에틸헥실글리세린, 다이소듐이디티에이, 낫토검, 스테아릭애씨드, 하이드록시프로필비스팔미타마이드엠이에이, 만니톨, 피씨에이, 락틱애씨드, 글루코오스, 글라이신, 우레아, 소듐글리세로포스페이트, 세린, 글루타믹애씨드, 토코페롤, 아크릴레이트/암모늄메타크릴레이트코폴리머, 포타슘마그네슘아스파테이트, 아스파틱애씨드, 류신, 소듐클로라이드, 알라닌, 라이신, 알지닌, 칼슘글루코네이트, 마그네슘글루코네이트, 타이로신, 페닐알라닌, 프롤린, 트레오닌, 발린, 아이소류신, 시트릭애씨드, 콜레스테롤, 히스티딘, 실리카, 아세틸글루코사민, 크레아틴, 우릭애씨드, 시스테인, 메티오닌"
디오디너리 나이아신아마이드 10% + 징크 1%,디오디너리,skincare,essence_serum_ampoule,A000000158615,17,https://www.oliveyoung.co.kr/store/goods/getGoodsDetail.do?goodsNo=A000000158615&dispCatNo=100000100010014&trackingCd=Cat100000100010014_Small&t_page=%EC%B9%B4%ED%85%8C%EA%B3%A0%EB%A6%AC%EA%B4%80&t_click=%EC%97%90%EC%84%BC%EC%8A%A4/%EC%84%B8%EB%9F%BC/%EC%95%B0%ED%94%8C_%EC%A0%84%EC%B2%B4__%EC%83%81%ED%92%88%EC%83%81%EC%84%B8&t_number=17,"정제수, 나이아신아마이드(10%), 펜틸렌글라이콜, 징크피씨에이(징크로서,1%), 다이메틸아이소소바이드, 타마린드씨검, 잔탄검, 아이소세테스-20, 에톡시다이글라이콜, 페녹시에탄올, 클로페네신"
성분에디터 실크펩타이드 EGF 하트핏 볼륨 리프팅 앰플,성분에디터,skincare,essence_serum_ampoule,A000000235179,18,https://www.oliveyoung.co.kr/store/goods/getGoodsDetail.do?goodsNo=A000000235179&dispCatNo=100000100010014&trackingCd=Cat100000100010014_Small&t_page=%EC%B9%B4%ED%85%8C%EA%B3%A0%EB%A6%AC%EA%B4%80&t_click=%EC%97%90%EC%84%BC%EC%8A%A4/%EC%84%B8%EB%9F%BC/%EC%95%B0%ED%94%8C_%EC%A0%84%EC%B2%B4__%EC%83%81%ED%92%88%EC%83%81%EC%84%B8&t_number=18,"실크수(69.9 %), 부틸렌글라이콜, 정제수, 글리세린, 메틸프로판다이올, 1,2-헥산다이올, 나이아신아마이드, 카보머, 트로메타민, 피피지-13-데실테트라데세스-24, 프로판다이올, 아데노신, 아이리쉬모스가루,아가, 하이드록시에틸셀룰로오스, 다이소듐이디티에이, 아크릴레이트/C10-30알킬아크릴레이트크로스폴리머, 합성플루오르플로고파이트, 돌콩펩타이드(100 ppm), 베타인, 판테놀, 티타늄디옥사이드, 적색산화철,마이카, 젤란검, 마그네슘아스코빌포스페이트, 병풀추출물, 하이드롤라이즈드콜라겐, 약모밀추출물, 틴옥사이드, 에틸헥실글리세린, 스쿠알란, 하이드로제네이티드폴리아이소부텐, 벤질글라이콜, 레시틴, 하이드롤라이즈드글라이코사미노글리칸, 소듐하이알루로네이트, 카프릴릴글라이콜, 하이드로제네이티드레시틴, 에스에이치-폴리펩타이드-121(204 ppb), 카프릴릭/카프릭트라이글리세라이드, 소듐팔미토일사코시네이트, 토코페롤,카페오일헥사펩타이드-65(104 ppb), 소듐하이알루로네이트크로스폴리머, 아세틸글루타민, 헵타소듐헥사카복시메틸다이펩타이드-12(54 ppb),하이드롤라이즈드하이알루로닉애씨드, 바실러스/폴릭애씨드/돌콩발효추출물, 금, 소듐포스페이트, 콜라겐, 미리스토일펜타펩타이드-17(14 ppb),미리스토일펜타펩타이드-4(14 ppb), 에스에이치-폴리펩타이드-123(14 ppb), 하이드록시프로필트라이모늄하이알루로네이트, 덱스트란, 벤조익애씨드, 소듐벤조에이트, 하이드롤라이즈드엘라스틴, 팔미토일펜타펩타이드-5(9 ppb), 아세틸테트라펩타이드-3(7 ppb), 카퍼트라이펩타이드-1(6 ppb), 팔미토일펜타펩타이드-4(5 ppb), 아세틸헥사펩타이드-8(5 ppb), 팔미토일테트라펩타이드-7(4 ppb), 에스에이치-데카펩타이드-7 (4 ppb), 에스에이치-옥타펩타이드-4(4 ppb), 에스에이치-올리고펩타이드-9(4 ppb), 에스에이치-펜타펩타이드-19(4 ppb), 팔미토일트라이펩타이드-1(4 ppb), 트라이펩타이드-32(4 ppb), 에스알-(올리고펩타이드-91클로스트리듐보툴리눔폴리펩타이드-1)(4 ppb), 에스에이치-올리고펩타이드-1(4 ppb), 에스에이치-폴리펩타이드-1(4 ppb), 에스에이치-올리고펩타이드-2(4 ppb), 에스에이치-폴리펩타이드-11(4 ppb), 에스에이치-폴리펩타이드-9(4 ppb), 에스에이치-폴리펩타이드-16(4 ppb), 에스에이치-폴리펩타이드-22(4 ppb), 에스에이치-폴리펩타이드-3(4 ppb),에스에이치-폴리펩타이드-19(4 ppb), 에스에이치-폴리펩타이드-62(4 ppb), 붉은토끼풀꽃추출물, 하이알루로닉애씨드, 지모뿌리추출물, 소듐아세틸레이티드하이알루로네이트"
클레어스 블루 유스 액티베이팅 드롭,디어클레어스,skincare,essence_serum_ampoule,A000000250859,19,https://www.oliveyoung.co.kr/store/goods/getGoodsDetail.do?goodsNo=A000000250859&dispCatNo=100000100010014&trackingCd=Cat100000100010014_Small&t_page=%EC%B9%B4%ED%85%8C%EA%B3%A0%EB%A6%AC%EA%B4%80&t_click=%EC%97%90%EC%84%BC%EC%8A%A4/%EC%84%B8%EB%9F%BC/%EC%95%B0%ED%94%8C_%EC%A0%84%EC%B2%B4__%EC%83%81%ED%92%88%EC%83%81%EC%84%B8&t_number=19,"정제수, 부틸렌글라이콜, 에스에이치-올리고펩타이드-1, 에스에이치-폴리펩타이드-1, 로우스위트블루베리 추출물, 레시틴, 솔비탄세스퀴올리에이트, 1,2-헥산다이올, 카프릴릴글라이콜, 피이지-60하이드로제네이티드캐스터 오일, 글리세린, 클로페네신, 구아이아줄렌, 에틸헥실글리세린, 아데노신"
바이오더마 하이드라비오 에센스로션,바이오더마,skincare,essence_serum_ampoule,A000000251229,20,https://www.oliveyoung.co.kr/store/goods/getGoodsDetail.do?goodsNo=A000000251229&dispCatNo=100000100010014&trackingCd=Cat100000100010014_Small&t_page=%EC%B9%B4%ED%85%8C%EA%B3%A0%EB%A6%AC%EA%B4%80&t_click=%EC%97%90%EC%84%BC%EC%8A%A4/%EC%84%B8%EB%9F%BC/%EC%95%B0%ED%94%8C_%EC%A0%84%EC%B2%B4__%EC%83%81%ED%92%88%EC%83%81%EC%84%B8&t_number=20,"정제수, 메틸프로판다이올, 나이아신아마이드, 피피지-26-부테스-26, 피이지-40하이드로제네이티드캐스터오일, 소듐피씨에이, 다이소듐이디티에이, 살리실릭애씨드, 하이드록시에틸셀룰로오스, 만니톨, 소듐시트레이트, 토코페릴아세테이트, 자일리톨, 헥실데칸올, 세트리모늄브로마이드, 향료, 벤조트라이아졸릴도데실p-크레솔, 람노오스, 소듐하이드록사이드, 사과씨추출물, 유채스테롤, 토코페롤"
에스트라 에이시카365 흔적진정세럼 pH4.5,에스트라,skincare,essence_serum_ampoule,A000000222839,21,https://www.oliveyoung.co.kr/store/goods/getGoodsDetail.do?goodsNo=A000000222839&dispCatNo=100000100010014&trackingCd=Cat100000100010014_Small&t_page=%EC%B9%B4%ED%85%8C%EA%B3%A0%EB%A6%AC%EA%B4%80&t_click=%EC%97%90%EC%84%BC%EC%8A%A4/%EC%84%B8%EB%9F%BC/%EC%95%B0%ED%94%8C_%EC%A0%84%EC%B2%B4__%EC%83%81%ED%92%88%EC%83%81%EC%84%B8&t_number=21,"정제수, 글리세린, 부틸렌글라이콜, 다이프로필렌글라이콜, 베타인, 나이아신아마이드, 글루코노락톤, 1,2-헥산다이올, 다이에톡시에틸석시네이트, 트로메타민, 수크로오스스테아레이트, 스쿠알란, 하이드로제네이티드레시틴, 폴리글리세릴-10스테아레이트, 폴리글리세릴-10라우레이트, 카보머, 카프릴릴메티콘, 폴리아크릴레이트크로스폴리머-6, 에틸헥실글리세린, 콜레스테롤, 잔탄검, 아시아티코사이드, 마데카식애씨드, 아시아틱애씨드, 소듐하이알루로네이트, 셀룰로오스검, 3-O-에틸아스코빅애씨드, 징크피씨에이, 소듐글루코네이트, 글리세릴카프릴레이트, 마데카소사이드, 소듐트라이메타포스페이트"
코스알엑스 더 6 펩타이드 스킨 부스터 세럼,코스알엑스,skincare,essence_serum_ampoule,A000000211372,22,https://www.oliveyoung.co.kr/store/goods/getGoodsDetail.do?goodsNo=A000000211372&dispCatNo=100000100010014&trackingCd=Cat100000100010014_Small&t_page=%EC%B9%B4%ED%85%8C%EA%B3%A0%EB%A6%AC%EA%B4%80&t_click=%EC%97%90%EC%84%BC%EC%8A%A4/%EC%84%B8%EB%9F%BC/%EC%95%B0%ED%94%8C_%EC%A0%84%EC%B2%B4__%EC%83%81%ED%92%88%EC%83%81%EC%84%B8&t_number=22,"정제수, 다이프로필렌글라이콜, 글리세린, 펜틸렌글라이콜, 1,2-헥산다이올, 나이아신아마이드, 아세틸헥사펩타이드-8(5 ppm), 카퍼트라이펩타이드-1(5 ppm), 에스에이치-폴리펩타이드-121(1.98 ppm), 다이펩타이드다이아미노부티로일벤질아마이드다이아세테이트(0.3 ppm), 올리고펩타이드-68(0.095 ppm), 팔미토일트라이펩타이드-8(0.02ppm), 알란토인, 소듐하이알루로네이트, 아세틸글루코사민, 세린, 알라닌, 글라이신, 트레오닌, 알지닌, 프롤린, 베타인, 소듐피씨에이, 소듐락테이트, 피씨에이, 글루타믹애씨드, 라이신에이치씨엘, 토코페롤, 덱스트란, 돌콩오일, 하이드로제네이티드레시틴, 암모늄아크릴로일다이메틸타우레이트/브이피코폴 리머, 폴리아크릴레이트크로스폴리머-6, 부틸렌글라이콜, 잔탄검, 에틸헥실글리세린, 아데노신, 폴리쿼터늄-51, 다이소듐이디티에이, 시트릭애씨드, 카프릴릴글라이콜, t-부틸알코올, 포타슘솔베이트, 소듐올리에이트"
프리메라 비타티놀 바운시 리프트 세럼,프리메라,skincare,essence_serum_ampoule,A000000231293,23,https://www.oliveyoung.co.kr/store/goods/getGoodsDetail.do?goodsNo=A000000231293&dispCatNo=100000100010014&trackingCd=Cat100000100010014_Small&t_page=%EC%B9%B4%ED%85%8C%EA%B3%A0%EB%A6%AC%EA%B4%80&t_click=%EC%97%90%EC%84%BC%EC%8A%A4/%EC%84%B8%EB%9F%BC/%EC%95%B0%ED%94%8C_%EC%A0%84%EC%B2%B4__%EC%83%81%ED%92%88%EC%83%81%EC%84%B8&t_number=23,"정제수, 부틸렌글라이콜, 글리세린, 메틸글루세스-20, 아스코빌글루코사이드, 나이아신아마이드, 카프릴릴메티콘, 카프릴릭/카프릭트라이글리세라이드, 하이드로제네이티드폴리아이소부텐, 1,2-헥산다이올, 트로메타민, 하이드록시에틸아크릴레이트/소듐아크릴로일다이메틸타우레이트코폴리머, 폴리솔베이트20, 폴리아크릴레이트-13, 다이메티콘, 판테놀, 소듐스테아로일글루타메이트, 소듐시트레이트, 폴리아이소부텐, 폴리아크릴레이트크로스폴리머-6, 다이메틸아이소소바이드, 락토바실러스/콩추출물발효여과물, 해바라기씨오일, 옥수수전분, 돌콩오일, 만니톨, 수크로오스, 마이크로크리스탈린셀룰로오스, 글리세릴카프릴레이트, 스핑고모나스발효추출물, 에틸헥실글리세린, 솔비탄아이소스테아레이트, 소듐메타포스페이트, 당근추출물, 아데노신, 하이드록시피나콜론레티노에이트, 시트릭애씨드, 레티놀, 티타늄디옥사이드 (CI 77891), 황색산화철, 엑토인, 하이드로제네이티드레시틴, 아스코빅애씨드, 베타-카로틴, 토코페롤, 펜틸렌글라이콜, 프로필렌글라이콜, 소듐하이알루로네이트, 카보머, 아세틸테트라펩타이드-11, 아라비아고무나무검, 프로필렌글라이콜알지네이트"
셀리맥스 더 비타 A 레티날 샷 타이트닝 부스터,셀리맥스,skincare,essence_serum_ampoule,A000000250199,24,https://www.oliveyoung.co.kr/store/goods/getGoodsDetail.do?goodsNo=A000000250199&dispCatNo=100000100010014&trackingCd=Cat100000100010014_Small&t_page=%EC%B9%B4%ED%85%8C%EA%B3%A0%EB%A6%AC%EA%B4%80&t_click=%EC%97%90%EC%84%BC%EC%8A%A4/%EC%84%B8%EB%9F%BC/%EC%95%B0%ED%94%8C_%EC%A0%84%EC%B2%B4__%EC%83%81%ED%92%88%EC%83%81%EC%84%B8&t_number=24,"정제수, 부틸렌글라이콜, 글리세린, 카프릴릭/카프릭트라이글리세라이드, 세테아릴알코올, 나이아신아마이드, 다이아이소스테아릴말레이트, 1,2-헥산다이올, 폴리프로필실세스퀴옥세인, 판테놀, 세테아릴올리베이트, 세테아릴글루코사이드, 솔비탄올리베이트, 하이드록시에틸아크릴레이트/소듐아크릴로일다이메틸타우레이트코폴리머, 레시틴, 카보머, 알지닌, 다이메티콘/비닐다이메티콘크로스폴리머, 토코페롤, 레틴알(0.1%), 잔탄검, 에틸헥실글리세린, 아데노신, 솔비탄아이소스테아레이트, 소듐락테이트, 하이드롤라이즈드해면, 다이소듐이디티에이, 폴리솔베이트20, 아스코빅애씨드, 글루코오스, 팔미토일트라이펩타이드-1, 팔미토일테트라펩타이드-7"
닥터지 레드블레미쉬 클리어 수딩크림EX,닥터지,skincare,cream,A000000253384,1,https://www.oliveyoung.co.kr/store/goods/getGoodsDetail.do?goodsNo=A000000253384&dispCatNo=100000100010015&trackingCd=Cat100000100010015_Small&t_page=%EC%B9%B4%ED%85%8C%EA%B3%A0%EB%A6%AC%EA%B4%80&t_click=%ED%81%AC%EB%A6%BC_%EC%A0%84%EC%B2%B4__%EC%83%81%ED%92%88%EC%83%81%EC%84%B8&t_number=1,"정제수, 글리세린, 부틸렌글라이콜, 다이카프릴릴에터, 나이아신아마이드, 1,2-헥산다이올, 펜틸렌글라이콜, 소듐하이알루로네이트, 병풀잎추출물, 비피다발효여과물, 락토바실러스발효물, 병풀꽃/잎/줄기추출물, 병풀뿌리추출물, 병풀추출물, 효모발효여과물, 하이드로제네이티드폴리데센, 다이카프릴릴카보네이트, 하이드록시에틸아크릴레이트/소듐아크릴로일다이메틸타우레이트코폴리머, 판테놀, 아크릴레이트/C10-30알킬아크릴레이트크로스폴리머, 실리카, 트로메타민, 솔비톨, 글리세릴아크릴레이트/아크릴릭애씨드코폴리머, 에틸헥실글리세린, 트라이소듐에틸렌다이아민다이석시네이트, 알란토인, 다이프로필렌글라이콜, 토코페롤, 마데카소사이드, 폴리글리세릴-10라우레이트, 포스파티딜콜린, 하이드로제네이티드레시틴, 칼슘판토테네이트, 스쿠알란, 에리스리톨, 에틸헥실팔미테이트, 아시아티코사이드, 마데카식애씨드, 아시아틱애씨드, 트라이하이드록시스테아린, 세라마이드엔피, 다발방패버섯추출물, 잔탄검"
에스네이처 아쿠아 스쿠알란 수분크림,에스네이처,skincare,cream,A000000250474,2,https://www.oliveyoung.co.kr/store/goods/getGoodsDetail.do?goodsNo=A000000250474&dispCatNo=100000100010015&t_page=%EC%B9%B4%ED%85%8C%EA%B3%A0%EB%A6%AC%EA%B4%80&t_click=%ED%81%AC%EB%A6%BC_%EC%A0%84%EC%B2%B4__%EC%83%81%ED%92%88%EC%83%81%EC%84%B8&t_number=2,"정제수, 스쿠알란(150,000ppm), 글리세린, 1,2-헥산다이올, 베타인, 판테놀, 소듐하이알루로네이트, 하이드롤라이즈드콜라겐, 하이드록시프로필트라이모늄하이알루로네이트, 하이드롤라이즈드하이알루로닉애씨드, 소듐아세틸레이티드하이알루로네이트, 아세틸헥사펩타이드-8, 아데노신, 하이알루로닉애씨드, 하이드롤라이즈드소듐하이알루로네이트, 소듐하이알루로네이트크로스폴리머, 포타슘하이알루로네이트, 아크릴레이트/C10-30알킬아크릴레이트크로스폴리머, 알지닌, 알란토인, 자일리틸글루코사이드, 안하이드로자일리톨, 자일리톨, 글루코오스, 부틸렌글라이콜, 암모늄아크릴로일다이메틸타우레이트/브이피코폴리머, 카프릴릴글라이콜"
라로슈포제 시카플라스트 밤 B5+,라로슈포제,skincare,cream,A000000206904,3,https://www.oliveyoung.co.kr/store/goods/getGoodsDetail.do?goodsNo=A000000206904&dispCatNo=100000100010015&trackingCd=Cat100000100010015_Small&t_page=%EC%B9%B4%ED%85%8C%EA%B3%A0%EB%A6%AC%EA%B4%80&t_click=%ED%81%AC%EB%A6%BC_%EC%A0%84%EC%B2%B4__%EC%83%81%ED%92%88%EC%83%81%EC%84%B8&t_number=3,정제수 하이드로제네이티드폴리아이소부텐 다이메티콘 글리세린 시어버터 판테놀 옥수수전분 프로판다이올 부틸렌글라이콜 세틸피이지/피피지-10/1다이메티콘 트라이하이드록시스테아린 병풀잎추출물 야콘뿌리즙 징크글루코네이트 마데카소사이드 망가니즈글루코네이트 알파-글루칸올리고사카라이드 실리카 알루미늄하이드록사이드 마그네슘설페이트 만노오스 카프릴로일글라이신 카프릴릴글라이콜 비트레오스실라발효물 시트릭애씨드 트라이소듐에틸렌다이아민다이석시네이트 락토바실러스 아세틸레이티드글라이콜스테아레이트 말토덱스트린 폴리글리세릴-4아이소스테아레이트 토코페롤 펜타에리스리틸테트라-다이-t-부틸하이드록시하이드로신나메이트 티타늄디옥사이드
에스트라 아토베리어365 크림,에스트라,skincare,cream,A000000198320,4,https://www.oliveyoung.co.kr/store/goods/getGoodsDetail.do?goodsNo=A000000198320&dispCatNo=100000100010015&trackingCd=Cat100000100010015_Small&t_page=%EC%B9%B4%ED%85%8C%EA%B3%A0%EB%A6%AC%EA%B4%80&t_click=%ED%81%AC%EB%A6%BC_%EC%A0%84%EC%B2%B4__%EC%83%81%ED%92%88%EC%83%81%EC%84%B8&t_number=4,"정제수, 부틸렌글라이콜, 글리세린, 부틸렌글라이콜다이카프릴레이트/다이카프레이트, 세틸에틸헥사노에이트, 스쿠알란, 펜타에리스리틸테트라아이소스테아레이트, 다이카프릴릴카보네이트, 베헤닐알코올, 다이메티콘, 하이드록시프로필비스팔미타마이드엠이에이, 스테아릭애씨드, 베타인, 만니톨, C14-22알코올, 팔미틱애씨드, 하이드록시프로필비스라우라마이드엠이에이, 아라키딜알코올, 콜레스테롤, 폴리아크릴레이트-13, C12-20알킬글루코사이드, 알란토인, 아라키딜글루코사이드, 나이아신아마이드, 세라마이드엔피, 글리세릴카프릴레이트, 에틸헥실글리세린, 하이드로제네이티드폴리아이소부텐, 카보머, 트로메타민, 다이메티콘올, 폴리글리세릴-10라우레이트, 하이드로제네이티드레시틴, 에틸헥실팔미테이트, 아크릴레이트/암모늄메타크릴레이트코폴리머, 솔비탄아이소스테아레이트, 실리카, 피토스핑고신, 스핑고리피드, 아라키딕애씨드, 토코페롤, 올레익애씨드"
제로이드 수딩 크림,제로이드,skincare,cream,A000000231589,5,https://www.oliveyoung.co.kr/store/goods/getGoodsDetail.do?goodsNo=A000000231589&dispCatNo=100000100010015&trackingCd=Cat100000100010015_Small&t_page=%EC%B9%B4%ED%85%8C%EA%B3%A0%EB%A6%AC%EA%B4%80&t_click=%ED%81%AC%EB%A6%BC_%EC%A0%84%EC%B2%B4__%EC%83%81%ED%92%88%EC%83%81%EC%84%B8&t_number=5,"정제수, 글리세린, 프로판다이올, 카프릴릭/카프릭트라이글리세라이드, 솔비탄스테아레이트, 세테아릴알코올, 잇꽃씨오일, 글리세릴스테아레이트, 스테아릭애씨드, 다이메티콘, 미리스토일/팔미토일옥소스테아라마이드/아라카마이드엠이에이, 메틸카프로오일타이로지네이트, 피토스테롤, 토코페릴아세테 이트, 비사보롤, 잔탄검, 소듐하이알루로네이트, 카보머, 알지닌, 1,2-헥산다이올, 카프릴릴글라이콜, 트로폴론"
피지오겔 DMT 페이셜크림,피지오겔,skincare,cream,A000000222215,6,https://www.oliveyoung.co.kr/store/goods/getGoodsDetail.do?goodsNo=A000000222215&dispCatNo=100000100010015&trackingCd=Cat100000100010015_Small&t_page=%EC%B9%B4%ED%85%8C%EA%B3%A0%EB%A6%AC%EA%B4%80&t_click=%ED%81%AC%EB%A6%BC_%EC%A0%84%EC%B2%B4__%EC%83%81%ED%92%88%EC%83%81%EC%84%B8&t_number=6,"정제수, 카프릴릭/카프릭트리글리세라이드, 글리세린, 펜틸렌글라이콜, 코코넛오일, 하이드로제네이티드레시틴, 쉐어버터, 하이드록시에칠셀룰로오스, 스쿠알란, 카보머, 잔탄검, 소듐카보머, 세라마이드엔피 (세라마이드3)"
라로슈포제 시카플라스트 멀티 리페어 크림,라로슈포제,skincare,cream,A000000250098,7,https://www.oliveyoung.co.kr/store/goods/getGoodsDetail.do?goodsNo=A000000250098&dispCatNo=100000100010015&t_page=%EC%B9%B4%ED%85%8C%EA%B3%A0%EB%A6%AC%EA%B4%80&t_click=%ED%81%AC%EB%A6%BC_%EC%A0%84%EC%B2%B4__%EC%83%81%ED%92%88%EC%83%81%EC%84%B8&t_number=1,정제수 다이카프릴릴에터 판테놀 글리세린 펜틸렌글라이콜 폴리글리세릴-6다이스테아레이트 프로판다이올 세틸에스터 호호바에스터 베헤닐알코올 그린와틀꽃왁스 해바라기씨왁스 병풀잎추출물 야콘뿌리즙 솔비탄올리에이트 징크글루코네이트 마데카소사이드 세테아릴아이소노나노에이트 망가니즈글루코네이트 아이소헥사데칸 알파-글루칸올리고사카라이드 소듐하이알루로네이트 소듐스테아로일글루타메이트 아데노신 만노오스 카퍼글루코네이트 하이드록시아세토페논 하이드록시프로필스타치포스페이트 카프릴로일살리실릭애씨드 비트레오스실라발효물 시트릭애씨드 트라이소듐에틸렌다이아민다이석시네이트 락토바실러스 말토덱스트린 폴리글리세린-3 폴리글리세릴-3비즈왁스 폴리솔베이트80 아크릴아마이드/소듐아크릴로일다이메틸타우레이트코폴리머 세틸알코올 토코페롤
아누아 피디알엔 히알루론산 100 수분 크림,아누아,skincare,cream,A000000231892,8,https://www.oliveyoung.co.kr/store/goods/getGoodsDetail.do?goodsNo=A000000231892&dispCatNo=100000100010015&trackingCd=Cat100000100010015_Small&t_page=%EC%B9%B4%ED%85%8C%EA%B3%A0%EB%A6%AC%EA%B4%80&t_click=%ED%81%AC%EB%A6%BC_%EC%A0%84%EC%B2%B4__%EC%83%81%ED%92%88%EC%83%81%EC%84%B8&t_number=8,"정제수, 스쿠알란, 글리세린, 나이아신아마이드, 펜틸렌글라이콜, 1,2-헥산다이올, 소듐디엔에이(1,000ppm), 하이드롤라이즈드콜라겐(1,000ppm), 소듐하이알루로네이트(600ppm), 인도멀구슬나무잎추출물, 하이드롤라이즈드하이알루로닉애씨드(300ppm), 인도멀구슬나무꽃추출물, 아이비고드열매추출물, 하이알루로닉애씨드(100ppm), 알로에베라꽃추출물, 가지열매추출물, 홀리바질잎추출물, 참산호말추출물, 울금뿌리추출물, 병풀잎추출물, 다이페닐실록시페닐트라이메티콘, 피씨에이다이메티콘, 부틸렌글라이콜, 프로판다이올, 암모늄아크릴로일다이메틸타우레이트/브이피코폴리머, 다이글리세린, 하이드록시에틸아크릴레이트/소듐아크릴로일다이메틸타우레이트코폴리머, 아크릴레이트/C10-30알킬아크릴레이트크로스폴리머, C12-20알킬글루코사이드, 메틸프로판다이올, 에틸헥실글리세린, 아데노신, 소듐파이테이트, 아미노메틸프로판다이올, 피브이엠/엠에이코폴리머, 마데카소사이드, C12-13알케스-9, 다이메틸실란올하이알루로네이트(750ppb), 하이드롤라이즈드소듐하이알루로네이트(750ppb), 아시아티코사이드, 포타슘하이알루로네이트(500ppb), 하이드록시프로필트라이모늄하이알루로네이트(400ppb), 소듐하이알루로네이트크로스폴리머(400ppb), 소듐하이알루로네이트다이메틸실란올(250ppb), 소듐아세틸레이티드하이알루로네이트(200ppb), 베헤닐알코올, C14-22알코올, 카보머"
VT 피디알엔 캡슐 크림 100,VT,skincare,cream,A000000254067,9,https://www.oliveyoung.co.kr/store/goods/getGoodsDetail.do?goodsNo=A000000254067&dispCatNo=100000100010015&trackingCd=Cat100000100010015_Small&t_page=%EC%B9%B4%ED%85%8C%EA%B3%A0%EB%A6%AC%EA%B4%80&t_click=%ED%81%AC%EB%A6%BC_%EC%A0%84%EC%B2%B4__%EC%83%81%ED%92%88%EC%83%81%EC%84%B8&t_number=10,"정제수, 글리세린, 카프릴릭/카프릭트라이글리세라이드, 글리세레스-26, 다이프로필렌글라이콜, 나이아신아마이드, 1,2-헥산다이올, 판테놀, 시어버터, 스쿠알란, 글리세릴글루코사이드, 카보머, 알지닌, 글리세릴아크릴레이트/아크릴릭애씨드코폴리머, 다이프로필렌글라이콜, 아라키딜글루코사이드, 아라키딜알코올, 마요라나잎추출물, 세라마이드엔피, 글리세릴스테아레이트, 세테아릴알코올, 베헤닐알코올, 에틸헥실글리세린, C12-16알코올, 아라키딜글루코사이드, 트로메타민, 아데노신, 다이메티콘/비닐다이메티콘크로스폴리머, 펜타에리스리틸테트라-디-t-부틸하이드록시하이드로신나메이트, 팔미틱애씨드, 하이드로제네이티드레시틴, 카페일글루코오스, 잔탄검, 로즈마리추출물, 락토바실러스발효용해물, 마트리카리아꽃오일, 부틸렌글라이콜, 글루코오스, 산양삼추출물, 소듐디엔에이(0.5ppm), 다이페닐다이메티콘, 하이드롤라이즈드하이알루로닉애씨드, 하이드롤라이즈드소듐하이알루로네이트, 소듐아세틸레이티드하이알루로네이트, 소듐하이알루로네이트크로스폴리머, 하이드록시프로필트라이모늄하이알루로네이트, 소듐하이알루로네이트다이메틸실란올, 소듐아세틸레이티드하이알루로네이트, 소듐하이알루로네이트, 포타슘하이알루로네이트, 하이알루로닉애씨드, 세라마이드엔피, 소듐하이알루로네이트크로스폴리머, 하이드록시프로필트라이모늄하이알루로네이트, 소듐하이알루로네이트다이메틸실란올, 소듐아세틸레이티드하이알루로네이트, 소듐하이알루로네이트, 폴리글리세릴-10라우레이트, 트라이펩타이드-1, 아세틸테트라펩타이드-2, 아세틸테트라펩타이드-5, 카퍼트라이펩타이드-1, 팔미토일트라이펩타이드-1, 팔미토일펜타펩타이드-4, 헥사펩타이드-11, 헥사펩타이드-9, 팔미토일트라이펩타이드-5"
유세린 하이알루론 3X 아이크림,유세린,skincare,cream,A000000252191,10,https://www.oliveyoung.co.kr/store/goods/getGoodsDetail.do?goodsNo=A000000252191&dispCatNo=100000100010015&trackingCd=Cat100000100010015_Small&t_page=%EC%B9%B4%ED%85%8C%EA%B3%A0%EB%A6%AC%EA%B4%80&t_click=%ED%81%AC%EB%A6%BC_%EC%A0%84%EC%B2%B4__%EC%83%81%ED%92%88%EC%83%81%EC%84%B8&t_number=11,"정제수,글리세린,에칠헥실살리실레이트,부틸렌글라이콜다이카프릴레이트/다이카프레이트,합성비즈왁스,메틸프로판다이올,부틸메톡시디벤조일메탄,에칠헥실트리아존,하이드로제네이티드코코-글리세라이즈,옥틸도데칸올,하이드록시프로필스타치포스페이트,스테아릴알코올,베헤닐알코올,글리세릴스테아레이트시트레이트,세틸팔미테이트,다이스타치포스페이트,비스-에칠헥실옥시페놀메톡시페닐트리아진,페닐벤즈이미다졸설포닉애씨드,1,2-헥산다이올,페녹시에탄올,에틸헥실글리세린,소듐하이알루로네이트(0.23%),카프릴릴글라이콜,소듐하이드록사이드,잔탄검,돌콩배아추출물,글리시레티닉애씨드,트라이소듐이디티에이"
메디큐브 PDRN 핑크 콜라겐 캡슐크림,메디큐브,skincare,cream,A000000248826,11,https://www.oliveyoung.co.kr/store/goods/getGoodsDetail.do?goodsNo=A000000248826&dispCatNo=100000100010015&trackingCd=Cat100000100010015_Small&t_page=%EC%B9%B4%ED%85%8C%EA%B3%A0%EB%A6%AC%EA%B4%80&t_click=%ED%81%AC%EB%A6%BC_%EC%A0%84%EC%B2%B4__%EC%83%81%ED%92%88%EC%83%81%EC%84%B8&t_number=12,"정제수, 글리세린, 나이아신아마이드, 메틸프로판다이올, 프로판다이올, 1,2-헥산다이올, 다이프로필렌글라이콜, 카프릴릭/카프릭트라이글리세라이드, 부틸렌글라이콜, 글리세레스-26, 알지닌, 카보머, 세테아릴알코올, 세테아릴올리베이트, 에틸헥실팔미테이트, 솔비탄올리베이트, 스쿠알란, 암모늄아크릴로일다이메틸타우레이트/브이피코폴리머, 시메티콘, 에틸헥실글리세린, 지치뿌리추출물, 아데노신, 해바라기씨오일, 폴리아크릴레이트-13, 소듐디엔에이(200ppm), 다이소듐이디티에이, 폴리아이소부텐, 글리세릴스테아레이트, 하이드롤라이즈드스클레로튬검, 서양배추출물, 알간나무커넬오일, 다마스크장미꽃수, 오리스뿌리추출물, 폴리솔베이트20, 멜론추출물, 솔비탄아이소스테아레이트, 서양송악잎/줄기추출물, 글루타티온, 소듐하이알루로네이트, 옥틸도데칸올, 연어알추출물, 하이드록시프로필트라이모늄하이알루로네이트, 토코페롤, 하이드로제네이티드레시틴, 세라마이드엔피, 사이아노코발아민, 티옥틱애씨드, 소듐아세틸레이티드하이알루로네이트, 하이드롤라이즈드콜라겐추출물(0.1ppm), 하이드롤라이즈드하이알루로닉애씨드, 아세틸헥사펩타이드-8, 카퍼트라이펩타이드-1, 카프릴릴글라이콜, 하이알루로닉애씨드, 팔미토일펜타펩타이드-4, 팔미토일헥사펩타이드-12, 소듐하이알루로네이트크로스폴리머, 하이드롤라이즈드소듐하이알루로네이트, 포타슘하이알루로네이트"
제로이드 인텐시브 크림,제로이드,skincare,cream,A000000231590,12,https://www.oliveyoung.co.kr/store/goods/getGoodsDetail.do?goodsNo=A000000231590&dispCatNo=100000100010015&trackingCd=Cat100000100010015_Small&t_page=%EC%B9%B4%ED%85%8C%EA%B3%A0%EB%A6%AC%EA%B4%80&t_click=%ED%81%AC%EB%A6%BC_%EC%A0%84%EC%B2%B4__%EC%83%81%ED%92%88%EC%83%81%EC%84%B8&t_number=13,"정제수, 프로판다이올, 카프릴릭/카프릭트라이글리세라이드, 글리세린, 식물성스쿠알란, 세테아릴알코올, 폴리글리세릴-10다이스테아레이트, 글리 세릴스테아레이트, 스테아릭애씨드, 다이메티콘, 1,2-헥산다이올, 미리스토일/팔미토일옥소스테아라마이드/아라카마이드엠이에이, 피토스테롤, 토코페릴 아세테이트, 카놀라오일, 올리브오일, 세틸팔미테이트, 솔비탄팔미테이트, 솔비탄올리베이트, 비사보롤, 메틸카프로오일타이로지네이트, 잔탄검, 소듐하이 알루로네이트, 카보머, 알지닌, 카프릴릴글라이콜"
바이오더마 시카비오 크림+,바이오더마,skincare,cream,A000000212570,13,https://www.oliveyoung.co.kr/store/goods/getGoodsDetail.do?goodsNo=A000000212570&dispCatNo=100000100010015&trackingCd=Cat100000100010015_Small&t_page=%EC%B9%B4%ED%85%8C%EA%B3%A0%EB%A6%AC%EA%B4%80&t_click=%ED%81%AC%EB%A6%BC_%EC%A0%84%EC%B2%B4__%EC%83%81%ED%92%88%EC%83%81%EC%84%B8&t_number=14,"정제수, 카프릴릭/카프릭트라이글리세라이드, 글리세린, 폴리글리세릴-3폴리리시놀리에이트, 유채씨오일, 부틸렌글라이콜, 타피오카전분, 하이드로제네이티드유채씨오일, 자일로오스, 폴리글리세릴-3다이아이소스테아레이트, 호호바씨오일, 마그네슘설페이트, 펜틸렌글라이콜, 스쿠알란, 1,2-헥산다이올, 카프릴릴글라이콜, 소듐폴리글루타메이트, 소듐시트레이트, 잔탄검, 소듐하이알루로네이트, 토코페롤, 만니톨, 람노오스, 자일리톨, 아세틸다이펩타이드-1세틸에스터, 해바라기씨오일, 시트릭애씨드, 프룩토올리고사카라이드"
토리든 다이브인 히알루론산 수딩 크림,토리든,skincare,cream,A000000165598,14,https://www.oliveyoung.co.kr/store/goods/getGoodsDetail.do?goodsNo=A000000165598&dispCatNo=100000100010015&trackingCd=Cat100000100010015_Small&t_page=%EC%B9%B4%ED%85%8C%EA%B3%A0%EB%A6%AC%EA%B4%80&t_click=%ED%81%AC%EB%A6%BC_%EC%A0%84%EC%B2%B4__%EC%83%81%ED%92%88%EC%83%81%EC%84%B8&t_number=15,"정제수, 부틸렌글라이콜, 글리세린, 1,2-헥산다이올, 하이드로제네이티드다이데센, 알란토인, 트레할로오스, 버지니아풍년화추출물, 판테놀, 하이드롤라이즈드하이알루로닉애씨드, 소듐하이알루로네이트, 소듐하이알루로네이트크로스폴리머, 소듐아세틸레이티드하이알루로네이트, 하이드롤라이즈드소듐하이알루로네이트, 글리세릴아크릴레이트/아크릴릭애씨드코폴리머, 피브이엠/엠에이코폴리머, 하이드록시에틸아크릴레이트/소듐아크릴로일다이메틸타우레이트코폴리머, 2,3-부탄다이올, 세테아릴알코올, C14-22알코올, C12-20알킬글루코사이드, 펜틸렌글라이콜, 솔비탄아이소스테아레이트, 카프릴릭/카프릭트라이글리세라이드, 인도멀구슬나무잎추출물, 인도멀구슬나무꽃추출물, 아이비고드열매추출물, 가지열매추출물, 홀리바질잎추출물, 울금뿌리추출물, 참산호말추출물, 클레리추출물, 라벤더꽃추출물, 히아신스전초추출물, 마트리카리아꽃추출물, 수레국화꽃추출물, 보리지추출물, 다이소듐이디티에이, 카보머, 트로메타민, 잔탄검, 글루타티온, 말라카이트추출물, 에틸헥실글리세린"
이즈앤트리 어니언 뉴페어 겔크림 플러스,이즈앤트리,skincare,cream,A000000247776,15,https://www.oliveyoung.co.kr/store/goods/getGoodsDetail.do?goodsNo=A000000247776&dispCatNo=100000100010015&trackingCd=Cat100000100010015_Small&t_page=%EC%B9%B4%ED%85%8C%EA%B3%A0%EB%A6%AC%EA%B4%80&t_click=%ED%81%AC%EB%A6%BC_%EC%A0%84%EC%B2%B4__%EC%83%81%ED%92%88%EC%83%81%EC%84%B8&t_number=16,"정제수, 글리세린, 카프릴릭/카프릭트라이글리세라이드, 나이아신아마이드, 프로판다이올, 1,2-헥산다이올, 하이드록시에틸아크릴레이트/소듐아크릴로일다이메틸타우레이트코폴리머, 양파추출물(10,100 ppm), 부틸렌글라이콜, 세테아릴알코올, 비닐다이메티콘, 카보머, 세테아릴올리베이트, 솔비톨, 솔비탄올리베이트, 바이오사카라이드검-1, 소듐폴리아크릴로일다이메틸타우레이트, 알지닌, 소듐아스코빌포스페이트, 글루타티온, 쿼세틴, 페룰릭애씨드, 알란토인, 판테놀, 소듐하이알루로네이트, 하이드롤라이즈드하이알루로닉애씨드, 하이알루로닉애씨드, 하이드록시프로필트라이모늄하이알루로네이트, 소듐아세틸레이티드하이알루로네이트, 마데카소사이드, 스쿠알란, 약모밀추출물, 사이아노코발아민, 솔비탄아이소스테아레이트, 하이드로제네이티드폴리데센, 에틸헥실글리세린, 시트릭애씨드, 하이드록시에틸셀룰로오스, 덱스트린, 다이소듐이디티에이, 소듐시트레이트, 트라이데세스-10, 치자추출물, 아데노신, 하이드로제네이티드레시틴, 폴리글리세릴-10스테아레이트, 펜틸렌글라이콜, 데실글루코사이드, 알지닌/라이신폴리펩타이드, 카프릴릴글라이콜"
코페르 큐리페어 멜라크림,코페르,skincare,cream,A000000246297,16,https://www.oliveyoung.co.kr/store/goods/getGoodsDetail.do?goodsNo=A000000246297&dispCatNo=100000100010015&trackingCd=Cat100000100010015_Small&t_page=%EC%B9%B4%ED%85%8C%EA%B3%A0%EB%A6%AC%EA%B4%80&t_click=%ED%81%AC%EB%A6%BC_%EC%A0%84%EC%B2%B4__%EC%83%81%ED%92%88%EC%83%81%EC%84%B8&t_number=17,"정제수, 글리세린, 하이드로제네이티드폴리데센, 네오펜틸글라이콜다이카프레이트, 메틸프로판다이올, 세틸피이지/피피지-10/1다이메티콘, 나이아신아마이드, 사이클로펜타실록세인, 1,2-헥산다이올, 다이메티콘, 트라이하이드록시스테아린, 사이클로헥사실록세인, 시어버터, 솔비탄세스퀴올리에이트, 실리카, 소듐클로라이드, 마트리카리아꽃추출물, 인동덩굴꽃추출물, 병풀추출물, 호장근뿌리추출물, 황금추출물, 녹차추출물, 스페인감초뿌리추출물, 로즈마리잎추출물, 유럽밤나무씨추출물, 뽕나무잎추출물, 에스에이치-올리고펩타이드-1, 에스에이치-올리고펩타이드-2, 에스에이치-폴리펩타이드-1, 에스에이치-폴리펩타이드-3, 에스에이치-폴리펩타이드-9, 에스에이치-폴리펩타이드-16, 에스에이치-폴리펩타이드-62, 에스에이치-폴리펩타이드-11, 에스에이치-폴리펩타이드-22, 에스에이치-폴리펩타이드-60, 에틸헥실글리세린, 편백수, 티타늄디옥사이드, 트라이에톡시카프릴릴실레인, 알루미늄하이드록사이드, 부틸렌글라이콜, 카프릴릴글라이콜, 스타아니스추출물, 아데노신, 다이소듐이디티에이, 라벤더오일, 리날룰"
닥터엘시아 345 릴리프 크림,닥터엘시아,skincare,cream,A000000238669,17,https://www.oliveyoung.co.kr/store/goods/getGoodsDetail.do?goodsNo=A000000238669&dispCatNo=100000100010015&trackingCd=Cat100000100010015_Small&t_page=%EC%B9%B4%ED%85%8C%EA%B3%A0%EB%A6%AC%EA%B4%80&t_click=%ED%81%AC%EB%A6%BC_%EC%A0%84%EC%B2%B4__%EC%83%81%ED%92%88%EC%83%81%EC%84%B8&t_number=18,"정제수, 티트리잎수, 프로판다이올, 글리세린, 1,2-헥산다이올, 하이드로제네이티드폴리데센, 비닐다이메티콘, C14-22알코올, 카프릴릭/카프릭트라이글리세라이드, 나이아신아마이드, 판테놀, 다이카프릴릴카보네이트, 부틸렌글라이콜, 암모늄아크릴로일다이메틸타우레이트/브이피코폴리머, 카프릴릴메티콘, 폴리메틸실세스퀴옥세인, C12-20알킬글루코사이드, 하이드록시아세토페논, 아크릴레이트/C10-30알킬아크릴레이트크로스폴리머, 폴리쿼터늄-51, 에틸헥실글리세린, 트로메타민, 소듐하이알루로네이트, 소듐스테아로일글루타메이트, 황련뿌리추출물, 병풀잎수, 베타-글루칸, 레스베라트롤, 하이드롤라이즈드하이알루로닉애씨드, 녹차수, 토코페롤, 마데카소사이드, 소듐디엔에이, 병풀추출물, 세라마이드엔피, 탄닉애씨드, 다이소듐이디티에이, 소듐파이테이트"
유세린 하이알루론 3X 나이트크림,유세린,skincare,cream,A000000248200,18,https://www.oliveyoung.co.kr/store/goods/getGoodsDetail.do?goodsNo=A000000248200&dispCatNo=100000100010015&trackingCd=Cat100000100010015_Small&t_page=%EC%B9%B4%ED%85%8C%EA%B3%A0%EB%A6%AC%EA%B4%80&t_click=%ED%81%AC%EB%A6%BC_%EC%A0%84%EC%B2%B4__%EC%83%81%ED%92%88%EC%83%81%EC%84%B8&t_number=19,"정제수,글리세린,시어버터,아이소프로필팔미테이트,판테놀,스테아릴알코올,글리세릴스테아레이트시트레이트,옥틸도데칸올,하이드로제네이티드코코-글리세라이즈,카프릴릭/카프릭트라이글리세라이드,세틸알코올,부틸렌글라이콜,하이드록시프로필스타치포스페이트,베헤닐알코올,다이메티콘,토코페롤,다이스타치포스페이트,1,2-헥산다이올,향료,페녹시에탄올,소듐하이알루로네이트(0.25%),카프릴릴글라이콜,트라이소듐이디티에이,잔탄검,글리시레티닉애씨드,돌콩배아추출물,판토락톤,시트릭애씨드"
메디큐브 PDRN 핑크 히알루로닉 수분크림,메디큐브,skincare,cream,A000000240908,19,https://www.oliveyoung.co.kr/store/goods/getGoodsDetail.do?goodsNo=A000000240908&dispCatNo=100000100010015&t_page=%EC%B9%B4%ED%85%8C%EA%B3%A0%EB%A6%AC%EA%B4%80&t_click=%ED%81%AC%EB%A6%BC_%EC%A0%84%EC%B2%B4__%EC%83%81%ED%92%88%EC%83%81%EC%84%B8&t_number=20,"PDRN 수분크림 정제수, 글리세레스-26, 부틸렌글라이콜, 카프릴릭/카프릭트라이글리세라이드, 사이클로펜타실록세인, 1,2-헥산다이올, 나이아신아마이드, 하이드로제네이티드폴리데센, 아이소노닐아이소노나노에이트, 세테아릴올리베이트, 에틸헥실올리베이트, 글리세린, 솔비탄올리베이트, 소듐디엔에이(5,000PPM), 소듐아크릴레이트코폴리머, 소듐폴리아크릴로일다이메틸타우레 이트, 하이드록시에틸아크릴레이트/소듐아크릴로일다이메틸타우레이트코폴리머, 폴리글리세릴-4올리에이트, 다이소듐이디티에이, 베타인, 판테놀, 향료, 에틸헥실글리세린, 아데노신, 솔비탄아이소스테아레이트, 메도우폼씨오일, 글리세릴아크릴레이트/아크릴릭애씨드코폴리머, 시트릭애씨드, 사이아노코발아민, 하이드로제네이티드레시틴, 세테아릴알코올, 스테아릭애씨드, 소듐하이알루로네이트(1.02PPM), 하이드록시프로필트라이모늄하이알루로네이트(0.1PPM), 세라마이드엔피, 꿀풀추출물, 블래더랙추출물, 노니열매추출물, 여주열매추출물, 오크라열매추출물, 세라마이드엔에스, 소듐아세틸레이티드하이알루로네이트(0.01PPM), 하이드롤라이즈드하이알루로닉애씨드(0.01PPM), 병풀잎추출물, 콜레스테롤, 피토스핑고신, 세라마이드에이에스, 세라마이드에이피, 하이알루로닉애씨드(0.0025PPM), 카퍼트라이펩타이드-1, 소듐하이알루로네이트크로스폴리머(0.001PPM), 아세틸헥사펩타이드-8, 팔미토일펜타펩타이드-4, 하이드롤라이즈드소듐하이알루로네이트(0.001PPM), 팔미토일테트라펩타이드-7, 팔미토일트라이펩타이드-1, 포타슘하이알루로네이트(0.0002PPM), 세라마이드이오피 pdrn 앰플 정제수,글리세린,다이프로필렌글라이콜,아이소프로필미리스테이트,글리세레스-26,나이아신아마이드,1,2-헥산다이올,소듐디엔에이,부틸렌글라이콜,폴리글리세린-3,소듐아크릴레이트/소듐아크릴로일다이메틸타우레이트코폴리머,폴리아이소부텐,아크릴레이트/C10-30알킬아크릴레이트크로스폴리머,이리추출물,트로메타민,글리세릴아크릴레이트/아크릴릭애씨드코폴리머,피브이엠/엠에이코폴리머,에틸헥실글리세린,카프릴릴글라이콜,향료,인도멀구슬나무잎추출물,아데노신,카프릴릴/카프릴글루코사이드,솔비탄올리에이트,인도멀구슬나무꽃추출물,소듐하이알루로네이트,다이소듐이디티에이,울금뿌리추출물,사이아노코발아민,하이드롤라이즈드콜라겐,유비퀴논,홀리바질잎추출물,참산호말추출물,팔미토일펜타펩타이드-4,팔미토일트라이펩타이드-1,팔미토일테트라펩타이드-7,카퍼트라이펩타이드-1,아세틸헥사펩타이드-8,연어알추출물,아텔로콜라겐"
브링그린 티트리 시카 수딩 크림 플러스,브링그린,skincare,cream,A000000226553,20,https://www.oliveyoung.co.kr/store/goods/getGoodsDetail.do?goodsNo=A000000226553&dispCatNo=100000100010015&t_page=%EC%B9%B4%ED%85%8C%EA%B3%A0%EB%A6%AC%EA%B4%80&t_click=%ED%81%AC%EB%A6%BC_%EC%A0%84%EC%B2%B4__%EC%83%81%ED%92%88%EC%83%81%EC%84%B8&t_number=21,"정제수, 부틸렌글라이콜, 스쿠알란, 티트리잎수, 프로판다이올, 1,2-헥산다이올, 나이아신아마이드, 펜틸렌글라이콜, 폴리글리세릴-3메틸글루코오스다이스테아레이트, 다이글리세린, 티트리추출물, 티트리잎추출물, 병풀추출물, 티트리꽃/잎/줄기추출물, 티트리잎오일, 하이드록시에틸아크릴레이트/소듐아크릴로일다이메틸타우레이트코폴리머, 폴리메틸실세스퀴옥세인, 아크릴레이트/C10-30알킬아크릴레이트크로스폴리머, 트로메타민, 솔비탄아이소스테아레이트, 마데카소사이드, 토코페롤, 에틸헥실글리세린"
설화수 탄력크림EX,설화수,skincare,cream,A000000204627,21,https://www.oliveyoung.co.kr/store/goods/getGoodsDetail.do?goodsNo=A000000204627&dispCatNo=100000100010015&t_page=%EC%B9%B4%ED%85%8C%EA%B3%A0%EB%A6%AC%EA%B4%80&t_click=%ED%81%AC%EB%A6%BC_%EC%A0%84%EC%B2%B4__%EC%83%81%ED%92%88%EC%83%81%EC%84%B8&t_number=22,"정제수, 글리세린, 부틸렌글라이콜다이카프릴레이트/다이카프레이트, 부틸렌글라이콜, 세틸에틸헥사노에이트, 카프릴릭/카프릭트라이글리세라이드, 프로판다이올, 카프릴릴메티콘, 글리세릴스테아레이트, 폴리글리세릴-3메틸글루코오스다이스테아레이트, 1,2-헥산다이올, 다이아이소스테아릴말레이트, 다이메티콘, 트레할로오스, 스쿠알란, C9-12알케인, 피이지-100스테아레이트, 세테아릴알코올, 하이드로제네이티드폴리아이소부텐, 하이드록시에틸아크릴레이트/소듐아크릴로일다이메틸타우레이트코폴리머, 폴리아크릴레이트-13, 하이드로제네이티드캐스터오일아이소스테아레이트, 알란토인, 폴리아이소부텐, 향료, 구기자추출물, 암모늄아크릴로일다이메틸타우레이트/베헤네스-25메타크라일레이트크로스폴리머, 대추추출물, 글리세릴카프릴레이트, 코코-카프릴레이트/카프레이트, 리모넨, 카르노신, 황금추출물, 칡뿌리추출물, 솔비탄아이소스테아레이트, 풀루란, 에틸헥실글리세린, 아데노신, 폴리솔베이트60, 폴리솔베이트20, 소듐메타포스페이트, 리날룰, 다이메티콘올, 시트로넬올, 덱스트린, 카카오추출물, 뽕나무잎추출물, 시트랄, 지황뿌리추출물, 제라니올, 작약뿌리추출물, 둥굴레뿌리줄기추출물, 연꽃추출물, 벤질벤조에이트, 참나리비늘줄기추출물, 하이드롤라이즈드콩추출물, 토코페롤, 베타-글루칸"
오드로이 모공수축 크림,오드로이,skincare,cream,A000000230799,22,https://www.oliveyoung.co.kr/store/goods/getGoodsDetail.do?goodsNo=A000000230799&dispCatNo=100000100010015&t_page=%EC%B9%B4%ED%85%8C%EA%B3%A0%EB%A6%AC%EA%B4%80&t_click=%ED%81%AC%EB%A6%BC_%EC%A0%84%EC%B2%B4__%EC%83%81%ED%92%88%EC%83%81%EC%84%B8&t_number=23,"정제수, 부틸렌글라이콜, 글리세린, 1,2-헥산다이올, 마카다미아씨오일, 하이드로제네이티드폴리(C6-14올레핀), 다이카프릴릴카보네이트, 알지닌, 아크릴레이트/C10-30알킬아크릴레이트크로스폴리머, 글리세릴카프릴레이트, 세테아릴올리베이트, 스쿠알란, 솔비탄올리베이트, 하이드록시에틸아크릴레이트/소듐아크릴로일다이메틸타우레이트코폴리머, 해바라기씨오일, 알란토인, 완두콩추출물, 약모밀추출물, 토코페롤, 향료, 에난티아 클로란타껍질추출물, 다이포타슘글리시리제이트, 아데노신, 소듐글루코네이트, 시트릭애씨드, 블랙체리열매추출물, 펜틸렌글라이콜, 하이드롤라이즈드콜라겐, 올레아놀릭애씨드"
제로이드 핌프로브 레드 컨트롤 크림,제로이드,skincare,cream,A000000249580,23,https://www.oliveyoung.co.kr/store/goods/getGoodsDetail.do?goodsNo=A000000249580&dispCatNo=100000100010015&t_page=%EC%B9%B4%ED%85%8C%EA%B3%A0%EB%A6%AC%EA%B4%80&t_click=%ED%81%AC%EB%A6%BC_%EC%A0%84%EC%B2%B4__%EC%83%81%ED%92%88%EC%83%81%EC%84%B8&t_number=24,"정제수, 글리세린, 카프릴릭/카프릭트라이글리세라이드, 호호바씨오일, 세테아릴알코올, 솔비탄스테아레이트, 1,2-헥산다이올, 스테아릭애씨드, 미리스토일/팔미토일옥소스테아라마이드/아라카마이드엠이에이, 글리세릴스테아레이트, 다이메티콘, 폴리글리세릴-6다이스테아레이트, 피토스테롤, 토코페릴아세테이트, 카보머, 호호바에스터, 올레아마이드엠이에이, 아크릴레이트/C10-30알킬아크릴레이트크로스폴리머, 폴리글리세릴-3비즈왁스, 세틸알코올, 암모늄아크릴로일다이메틸타우레이트/브이피코폴리머, 소듐하이알루로네이트, 잔탄검, 카프릴릴글라이콜"
파티온 노스카나인 트러블 크림,파티온,skincare,cream,A000000232304,24,https://www.oliveyoung.co.kr/store/goods/getGoodsDetail.do?goodsNo=A000000232304&dispCatNo=100000100010015&trackingCd=Cat100000100010015_Small&t_page=%EC%B9%B4%ED%85%8C%EA%B3%A0%EB%A6%AC%EA%B4%80&t_click=%ED%81%AC%EB%A6%BC_%EC%A0%84%EC%B2%B4__%EC%83%81%ED%92%88%EC%83%81%EC%84%B8&t_number=26,"정제수, 글리세린, 메도우폼씨오일, 카프릴릭/카프릭트라이글리세라이드, 비닐다이메티콘, 다이글리세린, 폴리글리세릴-3다이스테아레이트, 세테아릴알코올, 1,2-헥산다이올, 펜틸렌글라이콜, 클로렐라 불가리스추출물, 소듐헤파린, 쑥잎추출물, 병풀추출물, 펜타에리스리틸테트라에틸헥사노에이트, 하이드로제네이티드쌀겨오일, 하이드로제네이티드레시틴, 세테아릴올리베이트, 소듐스테아로일글루타메이트, 하이드록시에틸아크릴레이트/소듐아크릴로일다이메틸타우레이트코폴리머, 폴리글리세릴-2스테아레이트, 암모늄아크릴로일다이메틸타우레이트/브이피코폴리머, 아이소도데케인, 하이드록시아세토페논, 아크릴레이트/C10-30알킬아크릴레이트크로스폴리머, 글루코오스, 솔비탄올리베이트, 글리세릴스테아레이트, 판테놀, 글리세릴스테아레이트시트레이트, 부틸렌글라이콜, 프룩토올리고사카라이드, 프룩토오스, 스테아릭애씨드, 석시닉애씨드, 다이메티콘/비닐다이메티콘크로스폴리머, 비닐다이메티콘/메티콘실세스퀴옥세인크로스폴리머, 소듐파이테이트, 솔비탄아이소스테아레이트, 폴리글리세릴-10스테아레이트, 다이프로필렌글라이콜, 세라마이드엔피, 알란토인, 베타-글루칸, 폴리글리세릴-10라우레이트, 세라마이드엔에스, 콜레스테롤, 에틸헥실글리세린, 피토스핑고신, 세라마이드에이피, 세라마이드에이에스, 스쿠알란, 세라마이드이오피, 카프릴릴/카프릴글루코사이드, 스테아릴알코올, 잔탄검"
오브제 포어 제로 프레쉬 올인원,오브제,skincare,lotion,A000000230537,1,https://www.oliveyoung.co.kr/store/goods/getGoodsDetail.do?goodsNo=A000000230537&dispCatNo=100000100010016&t_page=%EC%B9%B4%ED%85%8C%EA%B3%A0%EB%A6%AC%EA%B4%80&t_click=%EB%A1%9C%EC%85%98_%EC%A0%84%EC%B2%B4__%EC%83%81%ED%92%88%EC%83%81%EC%84%B8&t_number=1,"정제수, 버지니아풍년화수, 글리세린, 나이아신아마이드, 아이소도데케인, 하이드로제네이티드폴리데센, 아데노신, 병풀추출물, 무화과추출물, 카우슬립추출물, 베타-글루칸, 세라마이드엔피, 판테놀, 바쿠치올, 티트리잎수, 토코페롤, 엑토인, 4-터피네올, 에난티아 클로란타껍질추출물, 아시아티코사이드, 마데카식애씨드, 아시아틱애씨드, 티트리잎오일, 티트리추출물, 올레아놀릭애씨드, 암모늄아크릴로일다이메틸타우레이트/브이피코폴리머, 폴리글리세릴-3메틸글루코오스다이스테아레이트, 메틸프로판다이올, 하이드록시아세토페논, 아크릴레이트/C10-30알킬아크릴레이트크로스폴리머, 알지닌, 에틸헥실글리세린, 부틸렌글라이콜, 다이소듐이디티에이, 수크로오스, 하이드로제네이티드레시틴, 1,2-헥산다이올, 향료"
온그리디언츠 스킨 베리어 카밍 로션 이엑스,온그리디언츠,skincare,lotion,A000000243499,2,https://www.oliveyoung.co.kr/store/goods/getGoodsDetail.do?goodsNo=A000000243499&dispCatNo=100000100010016&t_page=%EC%B9%B4%ED%85%8C%EA%B3%A0%EB%A6%AC%EA%B4%80&t_click=%EB%A1%9C%EC%85%98_%EC%A0%84%EC%B2%B4__%EC%83%81%ED%92%88%EC%83%81%EC%84%B8&t_number=2,"정제수, 프로판다이올, 글리세린, 카프릴릭/카프릭트라이글리세라이드, 부틸렌글라이콜, 세틸에틸헥사노에이트, 페닐트라이메티콘, 1,2-헥산다이올, 폴리솔베이트60, 알지닌, 카보머, 하이드록시에틸우레아, 하이드록시아세토페논, 황련뿌리추출물, 에틸헥실글리세린, 호호바씨오일, 판테놀, 칸디다봄비콜라/글루코오스/메틸레이프씨데이트발효물, 해바라기씨오일, 다이프로필렌글라이콜, 소듐하이알루로네이트, 하이알루로닉애씨드, 하이드롤라이즈드하이알루로닉애씨드, 세라마이드엔피, 하이드로제네이티드레시틴, 하이드롤라이즈드콜라겐, 펜틸렌글라이콜, 에톡시다이글라이콜, 레시틴, 소듐하이알루로네이트크로스폴리머, 아세틸글루타민, 보리지추출물, 몰로키아잎추출물, 당근추출물, 마테잎추출물, 마데카소사이드, 판토테닉애씨드, 데실글루코사이드, 아시아티코사이드, 바실러스/소이빈발효추출물, 아시아틱애씨드, 카프릴릴글라이콜, 마데카식애씨드, 폴리글루타믹애씨드, 자일로오스, 폴릭애씨드, 병풀추출물, 헥사펩타이드-11, 올리고펩타이드-1, 올리고펩타이드-2, 올리고펩타이드-3, 아세틸헥사펩타이드-8, 귀리펩타이드, 카퍼트라이펩타이드-1, 팔미토일헥사펩타이드-12, 팔미토일펜타펩타이드-4, 팔미토일테트라펩타이드-7, 팔미토일트라이펩타이드-1, 트라이펩타이드-1"
제로이드 수딩 로션,제로이드,skincare,lotion,A000000253725,3,https://www.oliveyoung.co.kr/store/goods/getGoodsDetail.do?goodsNo=A000000253725&dispCatNo=100000100010016&t_page=%EC%B9%B4%ED%85%8C%EA%B3%A0%EB%A6%AC%EA%B4%80&t_click=%EB%A1%9C%EC%85%98_%EC%A0%84%EC%B2%B4__%EC%83%81%ED%92%88%EC%83%81%EC%84%B8&t_number=3,"정제수, 글리세린, 프로판다이올, 카프릴릭/카프릭트라이글리세라이드, 솔비탄스테아레이트, 세테아릴알코올 ,잇꽃씨오일, 글리세릴스테아레이트, 다이메티콘, 스테아릭애씨드, 미리스토일/팔미토일옥소스테아라마이드/아라카마이드엠이에이, 메틸카프로오일타이로지네이트, 피토스테롤, 토코페릴아세테이트, 비사보롤, 잔탄검, 소듐하이알루로네이트, 카보머, 알지닌, 1,2-헥산다이올, 카프릴릴글라이콜, 트로폴론"
토리든 밸런스풀 포맨 시카 프레쉬 올인원,토리든,skincare,lotion,A000000228952,4,https://www.oliveyoung.co.kr/store/goods/getGoodsDetail.do?goodsNo=A000000228952&dispCatNo=100000100010016&t_page=%EC%B9%B4%ED%85%8C%EA%B3%A0%EB%A6%AC%EA%B4%80&t_click=%EB%A1%9C%EC%85%98_%EC%A0%84%EC%B2%B4__%EC%83%81%ED%92%88%EC%83%81%EC%84%B8&t_number=4,"정제수, 글리세린, 나이아신아마이드, 프로판다이올, 1,2-헥산다이올, 베타인, 판테놀(2000ppm), 병풀추출물(502ppm), 아시아티코사이드, 마데카식애씨드, 아시아틱애씨드, 마데카소사이드, 아데노신, 알란토인, 쓴풀추출물, 푸른연꽃추출물, 락토바실러스발효물, 접시꽃추출물, 알지닌, 칼슘판토테네이트, 징크피씨에이, 팔미토일다이펩타이드-7, 아세틸헥사펩타이드-8, 히비스커스꽃추출물, 참마뿌리추출물, 제비꽃꽃추출물, 박하추출물, 글리세릴글루코사이드, 폴리글리세린-3, 다이포타슘글리시리제이트, 카르노신, 하이드록시에틸아크릴레이트/소듐아크릴로일다이메틸타우레이트코폴리머, 암모늄아크릴로일다이메틸타우레이트/브이피코폴리머, 아크릴레이트/C10-30알킬아크릴레이트크로스폴리머, 솔비탄아이소스테아레이트, 2,3-부탄다이올, 아이소펜틸다이올, 폴리글리세릴-4올리에이트, 옥틸도데칸올, 페닐트라이메티콘, 카프릴로일살리실릭애씨드, 글루코닉애씨드, 비닐다이메티콘, 카프릴릴메티콘, 폴리실리콘-11, 소듐스테아로일글루타메이트, 소듐서팩틴, 소듐아세테이트, 솔비탄스테아레이트, 피토스테롤, 카보머, 에틸헥실글리세린, 콥티스뿌리추출물, 말라카이트추출물"
에스트라 아토베리어365 로션,에스트라,skincare,lotion,A000000198321,5,https://www.oliveyoung.co.kr/store/goods/getGoodsDetail.do?goodsNo=A000000198321&dispCatNo=100000100010016&t_page=%EC%B9%B4%ED%85%8C%EA%B3%A0%EB%A6%AC%EA%B4%80&t_click=%EB%A1%9C%EC%85%98_%EC%A0%84%EC%B2%B4__%EC%83%81%ED%92%88%EC%83%81%EC%84%B8&t_number=5,"정제수, 부틸렌글라이콜, 글리세린, 다이메티콘, 스쿠알란, 펜타에리스리틸테트라아이소스테아레이트, 베타인, 폴리글리세릴-3메틸글루코오스다이스테아레이트, 부틸렌글라이콜다이카프릴레이트/다이카프레이트, 카프릴릭/카프릭트라이글리세라이드, 팔미틱애씨드, 1,2-헥산다이올, 스테아릭애씨드, 하이드록시에틸아크릴레이트/소듐아크릴로일다이메틸타우레이트코폴리머, 글리세릴스테아레이트, 하이드록시프로필비스팔미타마이드엠이에이, 글리세릴스테아레이트시트레이트, 콜레스테롤, 나이아신아마이드, 다이메티콘올, 하이드록시프로필비스라우라마이드엠이에이, 베헤닐알코올, 글리세릴카프릴레이트, 카보머, 다이소듐이디티에이, 에틸헥실글리세린, 트로메타민, 솔비탄아이소스테아레이트, 피토스핑고신, 만니톨, 세라마이드엔피, 토코페롤, 하이드로제네이티드레시틴, 아크릴레이트/암모늄메타크릴레이트코폴리머, 실리카, 스핑고리피드, 아라키딕애씨드, 올레익애씨드"
아이디얼포맨 퍼펙트 올인원,아이디얼포맨,skincare,lotion,A000000228228,6,https://www.oliveyoung.co.kr/store/goods/getGoodsDetail.do?goodsNo=A000000228228&dispCatNo=100000100010016&t_page=%EC%B9%B4%ED%85%8C%EA%B3%A0%EB%A6%AC%EA%B4%80&t_click=%EB%A1%9C%EC%85%98_%EC%A0%84%EC%B2%B4__%EC%83%81%ED%92%88%EC%83%81%EC%84%B8&t_number=6,"정제수,글리세린,에틸헥실스테아레이트,1,2-헥산다이올,메틸프로판다이올,나이아신아마이드,메틸트라이메티콘,변성알코올,폴리글리세릴-3다이스테아레이트,베타인,세테아릴알코올,판테놀,다시마추출물,한련초잎추출물,콜라겐추출물,소듐하이알루로네이트,하이드로제네이티드레시틴,글리세릴스테아레이트,카보머,다이프로필렌글라이콜,알지닌,글리세릴스테아레이트시트레이트,에틸헥실글리세린,소듐스테아로일글루타메이트,아데노신,스키조사카로미세스발효여과물,다이소듐이디티에이,프룩토올리고사카라이드,부틸렌글라이콜,베타-글루칸,하이드롤라이즈드하이알루로닉애씨드,카프릴릭/카프릭트라이글리세라이드,레티놀,에이치디아이/트라이메틸올헥실락톤크로스폴리머,하이드롤라이즈드엘라스틴,폴리비닐알코올,토코페롤,카프릴릴글라이콜,아세틸테트라펩타이드-5,잔탄검,페닐프로판올,향료"
우르오스 올인원 스킨밀크,우르오스,skincare,lotion,A000000006565,7,https://www.oliveyoung.co.kr/store/goods/getGoodsDetail.do?goodsNo=A000000006565&dispCatNo=100000100010016&t_page=%EC%B9%B4%ED%85%8C%EA%B3%A0%EB%A6%AC%EA%B4%80&t_click=%EB%A1%9C%EC%85%98_%EC%A0%84%EC%B2%B4__%EC%83%81%ED%92%88%EC%83%81%EC%84%B8&t_number=13,"정제수, 글리세린, 하이드로제네이티드폴리(C6-12올레핀), 에탄올, 폴리글리세릴-10아이소스테아레이트, 아데노신포스페이트, 하이드록시프로필사이클로덱스트린, 아크릴레이트/C10-30알킬아크릴레이트크로스폴리머, 부틸렌글라이콜, 글리세릴카프릴레이트, 폴리글리세릴-10스테아레이트, 소듐아이소스테아로일락테이트, 소듐락테이트, 소듐하이드록사이드, 클로브꽃추출물, 사철쑥꽃추출물, 스타아니스열매/씨오일, 서양측백나무잎오일, 아틀라스시다나무껍질오일, 라반딘오일, 라임전초오일, 페퍼민트오일, 구주소나무잎오일, 로즈마리잎오일, 터펜틴, 리날룰, 리모넨"
닥터지 레드 블레미쉬 포 맨 진정 올인원,닥터지,skincare,lotion,A000000223781,8,https://www.oliveyoung.co.kr/store/goods/getGoodsDetail.do?goodsNo=A000000223781&dispCatNo=100000100010016&t_page=%EC%B9%B4%ED%85%8C%EA%B3%A0%EB%A6%AC%EA%B4%80&t_click=%EB%A1%9C%EC%85%98_%EC%A0%84%EC%B2%B4__%EC%83%81%ED%92%88%EC%83%81%EC%84%B8&t_number=8,"정제수, 나이아신아마이드, 카프릴릴메티콘, 메틸프로판다이올, 아이소도데케인, 1,2-헥산다이올, 다이프로필렌글라이콜, 프로판다이올, 글리세린, 카프릴릭/카프릭트라이글리세라이드, 하이드로제네이티드폴리(C6-14올레핀), 폴리글리세릴-2스테아레이트, C14-22알코올, 다이메티콘/비닐다이메티콘크로스폴리머, 글리세릴스테아레이트, C12-16알코올, 부틸렌글라이콜, 스테아릴알코올, 소듐폴리아크릴로일다이메틸타우레이트, 아크릴레이트/C10-30알킬아크릴레이트크로스폴리머, 암모늄아크릴로일다이메틸타우레이트/브이피코폴리머, 팔미틱애씨드, 하이드로제네이티드레시틴, C12-20알킬글루코사이드, 소듐하이알루로네이트, 아데노신, 트로메타민, 병풀추출물, 잔탄검, 호장근뿌리추출물, 황금추출물, 다이소듐이디티에이, 녹차추출물, 스페인감초뿌리추출물, 로즈마리잎추출물, 마트리카리아꽃추출물, 글루코노락톤, 마데카소사이드, 말토덱스트린, 세라마이드엔피, 티트리잎오일, 화이트티트리잎추출물, 스키산드라 스페난테라열매추출물, 아보카도열매추출물, 아시아티코사이드, 마데카식애씨드, 아시아틱애씨드, 다시마추출물, 당느릅나무뿌리추출물, 알로에베라잎추출물, 제비꽃꽃추출물, 참마뿌리추출물"
아이오페 맨 올데이 퍼펙트 올인원,아이오페,skincare,lotion,A000000184697,9,https://www.oliveyoung.co.kr/store/goods/getGoodsDetail.do?goodsNo=A000000184697&dispCatNo=100000100010016&t_page=%EC%B9%B4%ED%85%8C%EA%B3%A0%EB%A6%AC%EA%B4%80&t_click=%EB%A1%9C%EC%85%98_%EC%A0%84%EC%B2%B4__%EC%83%81%ED%92%88%EC%83%81%EC%84%B8&t_number=9,"정제수, 글리세린, 베타인, 변성알코올, 다이프로필렌글라 이콜, 사이클로펜타실록세인, 나이아신아마이드, 1,2-헥산 다이올, 실리카, 사이클로헥사실록세인, 세테아릴알코올, 다이메티콘올, 아크릴레이트/C10-30알킬아크릴레이트 크로스폴리머, 글리세릴스테아레이트, 트로메타민, 향료, 하이드로제네이티드레시틴, 토코페롤, 글리세릴카프릴레 이트, 프로판다이올, 스테아릭애씨드, 폴리글리세릴-3메 틸글루코오스다이스테아레이트, 팔미틱애씨드, 에틸헥실 글리세린, 멘톡시프로판다이올, 아데노신, 펜틸렌글라이 콜, 덱스트린, 다이소듐이디티에이, 페퍼민트추출물, 바이 오사카라이드검-1, 맥주효모추출물, 미리스틱애씨드, 라 우릭애씨드"
라운드랩 1025 독도 로션,라운드랩,skincare,lotion,A000000161508,10,https://www.oliveyoung.co.kr/store/goods/getGoodsDetail.do?goodsNo=A000000161508&dispCatNo=100000100010016&t_page=%EC%B9%B4%ED%85%8C%EA%B3%A0%EB%A6%AC%EA%B4%80&t_click=%EB%A1%9C%EC%85%98_%EC%A0%84%EC%B2%B4__%EC%83%81%ED%92%88%EC%83%81%EC%84%B8&t_number=10,"정제수, 글리세린, 퀸즈랜드넛오일, 1,2-헥산다이올, 펜틸렌글라이콜, 아이리쉬모스추출물, 사탕수수추출물, 해수, 하이알루로닉애씨드, 하이드롤라이즈드하이알루로닉애씨드, 소듐하이알루로네이트, 판테놀, 스쿠알란, 부틸렌글라이콜, 폴리글리세릴-3메틸글루코오스다이스테아레이트, 글리세릴스테아레이트, 하이드로제네이티드폴리데센, 하이드록시에틸아크릴레이트/소듐아크릴로일다이메틸타우레이트코폴리머, 호호바에스터, 카프릴릴글라이콜, 트로메타민, 소듐파이테이트, 토코페롤, 소듐카복시메틸베타-글루칸, 에틸헥실글리세린, 세테아릴알코올, 카보머"
피지오겔 DMT 페이셜 로션,피지오겔,skincare,lotion,A000000243680,11,https://www.oliveyoung.co.kr/store/goods/getGoodsDetail.do?goodsNo=A000000243680&dispCatNo=100000100010016&t_page=%EC%B9%B4%ED%85%8C%EA%B3%A0%EB%A6%AC%EA%B4%80&t_click=%EB%A1%9C%EC%85%98_%EC%A0%84%EC%B2%B4__%EC%83%81%ED%92%88%EC%83%81%EC%84%B8&t_number=11,"정제수, 카프릴릭/카프릭트리글리세라이드,, 글리세린, 펜틸렌글라이콜, 코코넛오일, 기름야자오일, 쉐어버터, 올리브오일, 하이드로제네이티드레시틴, 하이드록시에칠셀룰로오스, 카프릴릴글라이콜, 잔탄검, 스쿠알란, 카보머, 소듐카보머, 세라마이드3"
닥터지 더모이스처 배리어 D 로션,닥터지,skincare,lotion,A000000198539,12,https://www.oliveyoung.co.kr/store/goods/getGoodsDetail.do?goodsNo=A000000198539&dispCatNo=100000100010016&t_page=%EC%B9%B4%ED%85%8C%EA%B3%A0%EB%A6%AC%EA%B4%80&t_click=%EB%A1%9C%EC%85%98_%EC%A0%84%EC%B2%B4__%EC%83%81%ED%92%88%EC%83%81%EC%84%B8&t_number=12,"정제수, 프로판다이올, 하이드로제네이티드폴리데센, 스쿠알란, 폴리글리세릴-3다이스테아레이트, 글리세린, 비닐다이메티콘, 실리카, 솔비탄스테아레이트, 1,2-헥산다이올, 세테아릴올리베이트, 세라마이드엔피, 카프릴릴글라이콜, 솔비탄올리베이트, 올리브오일불검화물, 하이드로제네이티드레시틴, 글리세릴스테아레이트시트레이트, 폴리아크릴레이트크로스폴리머-6, 글리세릴글루코사이드, 잔탄검, 돌콩오일불검화물, 밀배아오일불검화물, 토코페롤, 아이소말트, 수크로오스코코에이트, 콜레스테롤, 글루코노락톤, 에틸헥실글리세린, 팔미틱애씨드, 카프릴릭/카프릭트라이글리세라이드, 꽃가루추출물, 다이소듐이디티에이, 소듐하이알루로네이트, 자일리틸글루코사이드, 안하이드로자일리톨, t-부틸알코올, 폴리글리세릴-10스테아레이트, 폴리글리세릴-10올리에이트, 자일리톨, 글루코오스, 알루미늄/마그네슘하이드록사이드스테아레이트, 미리스틱애씨드, 흰목이버섯폴리사카라이드, 소듐스테아로일글루타메이트, 스테아릭애씨드, 7-데하이드로콜레스테롤, 소듐아스코빌포스페이트, 칼슘클로라이드, 포도즙추출물, 피톨"
제로이드 인텐시브 로션,제로이드,skincare,lotion,A000000250632,13,https://www.oliveyoung.co.kr/store/goods/getGoodsDetail.do?goodsNo=A000000250632&dispCatNo=100000100010016&t_page=%EC%B9%B4%ED%85%8C%EA%B3%A0%EB%A6%AC%EA%B4%80&t_click=%EB%A1%9C%EC%85%98_%EC%A0%84%EC%B2%B4__%EC%83%81%ED%92%88%EC%83%81%EC%84%B8&t_number=14,"정제수, 글리세린, 카프릴릭/카프릭트라이글리세라이드, 프로판다이올, 세테아릴알코올, 올리브오일, 솔비탄스테아레이트, 식물성스쿠알란, 다이메티콘, 스테아릭애씨드, 1,2-헥산다이올, 폴리글리세릴-3메틸글루코오스다이스테아레이트, 미리스토일/팔미토일옥소스테아라마이드/아라카마이드엠이에이, 메틸카프로오일타이로지네이트, 세틸팔미테이트, 솔비탄팔미테이트, 솔비탄올리베이트, 글리세릴스테아레이트, 카놀라오일, 피토스테롤, 토코페릴아세테이트, 비사보롤, 잔탄검, 카보머, 알지닌, 소듐하이알루로네이트, 글리세릴스테아레이트에스이, 메틸글루코오스세스퀴스테아레이트, 카프릴릴글라이콜, 다이소듐이디티에이"
아누아 어성초 77 히알루론산 수분 진정 로션,아누아,skincare,lotion,A000000248426,14,https://www.oliveyoung.co.kr/store/goods/getGoodsDetail.do?goodsNo=A000000248426&dispCatNo=100000100010016&t_page=%EC%B9%B4%ED%85%8C%EA%B3%A0%EB%A6%AC%EA%B4%80&t_click=%EB%A1%9C%EC%85%98_%EC%A0%84%EC%B2%B4__%EC%83%81%ED%92%88%EC%83%81%EC%84%B8&t_number=15,"약모밀꽃/잎/줄기수(77%), 글리세린, 에틸헥실스테아레이트, 1,2-헥산다이올, 글리세릴스테아레이트시트레이트, 메틸프로판다이올, 백미꽃추출물, 접시꽃추출물, 메틸트라이메티콘, 펜틸렌글라이콜, 하이드로제네이티드폴리(C6-14올레핀), 부틸렌글라이콜, 정제수, 암모늄아크릴로일다이메틸타우레이트/브이피코폴리머, 글리세릴스테아레이트, 폴리글리세릴-3다이스테아레이트, 베타인, 글리세릴글루코사이드, 하이드로제네이티드레시틴, 트로메타민, 소듐스테아로일글루타메이트, 에틸헥실글리세린, 다이포타슘글리시리제이트, 소듐파이테이트, 베타-글루칸, 토코페롤, 하이드롤라이즈드하이알루로닉애씨드(1.5ppb), 하이알루로닉애씨드(1ppb), 소듐하이알루로네이트(1ppb), 다이메틸실란올하이알루로네이트(1.5ppb), 하이드롤라이즈드소듐하이알루로네이트(1.5ppb), 포타슘하이알루로네이트(1ppb), 하이드록시프로필트라이모늄하이알루로네이트(0.8ppb), 소듐하이알루로네이트크로스폴리머(0.8ppb), 소듐하이알루로네이트다이메틸실란올(0.5ppb), 소듐아세틸레이티드하이알루로네이트(0.4ppb), 판테놀, 쿼세틴, 아이소쿼시트린, 약모밀소포(0.1ppb), 카보머"
우르오스 올인원 스킨로션,우르오스,skincare,lotion,A000000006564,15,https://www.oliveyoung.co.kr/store/goods/getGoodsDetail.do?goodsNo=A000000006564&dispCatNo=100000100010016&t_page=%EC%B9%B4%ED%85%8C%EA%B3%A0%EB%A6%AC%EA%B4%80&t_click=%EB%A1%9C%EC%85%98_%EC%A0%84%EC%B2%B4__%EC%83%81%ED%92%88%EC%83%81%EC%84%B8&t_number=16,"정제수, 에탄올, 펜틸렌글라이콜, 글리세린, 베타인, 피이지-6, 피이지-32, 아데노신포스페이트, 소듐하이드록사이드, 소듐다이라우미도글루타미드라이신, 피피지-6-데실테트라데세스-30, 알진, 시트릭애씨드, 소듐하이알루로네이트, 스타아니스열매/씨오일, 서양측백나무잎오일, 아틀라스시다나무껍질오일, 라반딘오일, 라임전초오일, 페퍼민트오일, 구주소나무잎오일, 로즈마리잎오일, 페녹시에탄올, 터펜틴, 리날룰"
아이디얼포맨 프레시 올인원,아이디얼포맨,skincare,lotion,A000000250298,16,https://www.oliveyoung.co.kr/store/goods/getGoodsDetail.do?goodsNo=A000000250298&dispCatNo=100000100010016&t_page=%EC%B9%B4%ED%85%8C%EA%B3%A0%EB%A6%AC%EA%B4%80&t_click=%EB%A1%9C%EC%85%98_%EC%A0%84%EC%B2%B4__%EC%83%81%ED%92%88%EC%83%81%EC%84%B8&t_number=17,"정제수,다이프로필렌글라이콜,메틸프로판다이올,1,2-헥산다이올,글리세레스-26,나이아신아마이드,사이클로헥사실록세인,글리세린,카프릴릭/카프릭트라이글리세라이드,다시마추출물,한련초잎추출물,실버위드추출물,귀리커넬추출물,아티초크잎추출물,목면꽃추출물,감나무잎추출물,포도추출물,잇꽃꽃추출물,커피콩추출물,호장근뿌리추출물,녹차추출물,밤껍질추출물,초피나무열매추출물,하이드로제네이티드레시틴,녹차수,소듐하이알루로네이트,암모늄아크릴로일다이메틸타우레이트/브이피코폴리머,아크릴레이트/C10-30알킬아크릴레이트크로스폴리머,트로메타민,에틸헥실글리세린,글리세릴폴리메타크릴레이트,아데노신,프룩토올리고사카라이드,베타-글루칸,폴리쿼터늄-51,하이드롤라이즈드하이알루로닉애씨드,부틸렌글라이콜,락토바실러스발효물,토코페롤,카프릴릴글라이콜,프로판다이올,하이드롤라이즈드소듐하이알루로네이트,수크로오스다이스테아레이트,하이드록시프로필사이클로덱스트린,향료"
토리든 다이브인 포맨 저분자 히알루론산 올인원,토리든,skincare,lotion,A000000207111,17,https://www.oliveyoung.co.kr/store/goods/getGoodsDetail.do?goodsNo=A000000207111&dispCatNo=100000100010016&t_page=%EC%B9%B4%ED%85%8C%EA%B3%A0%EB%A6%AC%EA%B4%80&t_click=%EB%A1%9C%EC%85%98_%EC%A0%84%EC%B2%B4__%EC%83%81%ED%92%88%EC%83%81%EC%84%B8&t_number=18,"정제수, 글리세린, 부틸렌글라이콜, 카프릴릭/카프릭트라이글리세라이드, 1,2-헥산다이올, 판테놀, 아데노신, 소듐하이알루로네이트, 하이드롤라이즈드하이알루로닉애씨드, 소듐아세틸레이티드하이알루로네이트, 소듐하이알루로네이트크로스폴리머, 하이드롤라이즈드소듐하이알루로네이트, 알란토인, 징크피씨에이, 글리세레스-26, 펜틸렌글라이콜, 2,3-부탄다이올, 우레아, 트로메타민, 하이드록시에틸아크릴레이트/소듐아크릴로일다이메틸타우레이트코폴리머, 하이드록시에틸우레아, C12-20알킬글루코사이드, 잔탄검, 다이소듐이디티에이, 아크릴레이트/C10-30알킬아크릴레이트크로스폴리머, 글리세릴아크릴레이트/아크릴릭애씨드코폴리머, 피브이엠/엠에이코폴리머, 솔비탄아이소스테아레이트, 소듐아세테이트, 비닐다이메티콘, C14-22알코올, 다이펩타이드-2, 글루코오스, 에틸헥실글리세린"
피지오겔 아쿠아 포맨 오일컷 올인원,피지오겔,skincare,lotion,A000000223483,18,https://www.oliveyoung.co.kr/store/goods/getGoodsDetail.do?goodsNo=A000000223483&dispCatNo=100000100010016&t_page=%EC%B9%B4%ED%85%8C%EA%B3%A0%EB%A6%AC%EA%B4%80&t_click=%EB%A1%9C%EC%85%98_%EC%A0%84%EC%B2%B4__%EC%83%81%ED%92%88%EC%83%81%EC%84%B8&t_number=19,"정제수, 글리세린, 변성알코올, 스테아릴헵타노에이트, 1,2-헥산다이올, 다이프로필렌글라이콜, 나이아신아마이드, 트레할로오스, 다이메티콘, 빙하수, 판테놀, 실리카, 소듐카보머, 폴리글리세릴-10스테아레이트, C14-22알코올, 폴리글리세릴-10올리에이트, 부틸렌글라이콜, C12-20알킬글루코사이드, 타우린, 트로메타민, 아데노신, 말라카이트추출물, 카보머, 다이소듐이디티에이, 4-터피네올, 하이드롤라이즈드하이알루로닉애씨드, 소듐하이알루로네이트, 카르니틴, 알지닌, 하이알루로닉애씨드, 하이드롤라이즈드소듐하이알루로네이트, 하이드록시프로필트라이모늄하이알루로네이트, 소듐아세틸레이티드하이알루로네이트, 펜틸렌글라이콜, 에틸헥실글리세린, 소듐하이알루로네이트크로스폴리머 피지오겔 아쿠아 포맨 오일컷 올인원 30ml 정제수, 글리세린, 변성알코올, 스테아릴헵타노에이트, 1,2-헥산다이올, 다이프로필렌글라이콜, 나이아신아마이드, 트레할로오스, 다이메티콘, 빙하수, 판테놀, 실리카, 소듐카보머, 폴리글리세릴-10스테아레이트, C14-22알코올, 폴리글리세릴-10올리에이트, 부틸렌글라이콜, C12-20알킬글루코사이드, 타우린, 트로메타민, 아데노신, 말라카이트추출물, 카보머, 다이소듐이디티에이, 4-터피네올, 하이드롤라이즈드하이알루로닉애씨드, 소듐하이알루로네이트, 카르니틴, 알지닌, 하이알루로닉애씨드, 하이드롤라이즈드소듐하이알루로네이트, 하이드록시프로필트라이모늄하이알루로네이트, 소듐아세틸레이티드하이알루로네이트, 펜틸렌글라이콜, 에틸헥실글리세린, 소듐하이알루로네이트크로스폴리머 피지오겔 레드수딩 시카밸런스 플러스 에이씨 폼 살리실릭애씨드,마데카소사이드(0.1PPM),아시아코사이드(0.04PPM),마데카식애씨드(0.035PPM),아시아틱애씨드(0.025PPM),"
피지오겔 레드수딩 AI 진정보습 로션,피지오겔,skincare,lotion,A000000129771,19,https://www.oliveyoung.co.kr/store/goods/getGoodsDetail.do?goodsNo=A000000129771&dispCatNo=100000100010016&t_page=%EC%B9%B4%ED%85%8C%EA%B3%A0%EB%A6%AC%EA%B4%80&t_click=%EB%A1%9C%EC%85%98_%EC%A0%84%EC%B2%B4__%EC%83%81%ED%92%88%EC%83%81%EC%84%B8&t_number=20,"정제수, 카프릴릭/카프릭트리글리세라이드, 글리세린, 펜틸렌글라이콜, 쉐어버 터, 하이드로제네이티드레시틴, 팔미타마이드엠이에이, 하이드록시에칠셀룰로 오스, 카프릴릴글라이콜, 잔탄검, 베타인, 스쿠알란, 사코신, 아세트아마이드엠 이에이, 소듐카보머, 카보머, 세라마이드엔피(세라마이드3)"
비오템옴므 아쿠아파워 올인원,비오템,skincare,lotion,A000000137488,20,https://www.oliveyoung.co.kr/store/goods/getGoodsDetail.do?goodsNo=A000000137488&dispCatNo=100000100010016&t_page=%EC%B9%B4%ED%85%8C%EA%B3%A0%EB%A6%AC%EA%B4%80&t_click=%EB%A1%9C%EC%85%98_%EC%A0%84%EC%B2%B4__%EC%83%81%ED%92%88%EC%83%81%EC%84%B8&t_number=21,"정제수 페퍼민트잎수 변성알코올 프로필렌글라이콜 글리세린 부틸렌글라이콜 피이지-20 피이지-8 피피지-6-데실테트라데세스-30 비스-피이지-18메틸에터다이메틸실레인 카보머 페녹시에탄올 향료 프로판다이올 에틸헥실글리세린 포타슘하이드록사이드 멘톨 아데노신 알지닌 시트릭애씨드 살리실릭애씨드 리날룰 리모넨 알테로모나스발효추출물 비트레오스실라발효물 벤질살리실레이트 하이드록시시트로넬알 시트로넬올 쿠마린 토코페롤 올인원 스틱: 정제수 다이카프릴릴카보네이트 부틸렌글라이콜 아이소데실네오펜타노에이트 합성왁스 다이메티콘 마이크로크리스탈린왁스 글리세린 나이아신아마이드 라우릴피이지-8다이메티콘 소듐클로라이드 다이프로필렌글라이콜 1,2-헥산다이올 카프릴릭/카프릭트라이글리세라이드 솔비탄세스퀴올리에이트 글리세릴카프릴레이트 다이메티콘/피이지-10/15크로스폴리머 토코페롤 멘톨 멘틸락테이트 향료 스테아랄코늄헥토라이트 소듐하이알루로네이트 세라마이드엔피 프로필렌카보네이트 아데노신 비트레오스실라발효물 티타늄디옥사이드 리날룰 리모넨 크로뮴옥사이드그린 울트라마린 소듐시트레이트 벤질살리실레이트 하이드록시시트로넬알 시트로넬올 트라이에톡시카프릴릴실레인 알루미늄하이드록사이드 아쿠아피트니스 샤워젤: 정제수 소듐라우레스설페이트 하이드로제네이티드스타치하이드롤리세이트 수크로오스 코코-베타인 소듐클로라이드 향료 시트릭애씨드 해수 소듐하이드록사이드 비트레오스실라발효물 헥실렌글라이콜 시트랄 황색4호 청색1호 페녹시에탄올 살리실릭애씨드 소듐벤조에이트"
아이오페 맨 프로 레티놀 올인원,아이오페,skincare,lotion,A000000199270,21,https://www.oliveyoung.co.kr/store/goods/getGoodsDetail.do?goodsNo=A000000199270&dispCatNo=100000100010016&t_page=%EC%B9%B4%ED%85%8C%EA%B3%A0%EB%A6%AC%EA%B4%80&t_click=%EB%A1%9C%EC%85%98_%EC%A0%84%EC%B2%B4__%EC%83%81%ED%92%88%EC%83%81%EC%84%B8&t_number=23,"정제수@부틸렌글라이콜@다이카프릴릴카보네이트@글리세린@메틸트라이메티콘@나이아신아마이드@1,2-헥산다이올@하이드로제네이티드폴리(C6-14올레핀)@세테아릴알코올@글리세릴스테아레이트@스테아릭애씨드@팔미틱애씨드@아크릴레이트/C10-30알킬아크릴레이트크로스폴리머@하이드록시에틸아크릴레이트/소듐아크릴로일다이메틸타우레이트코폴리머@트로메타민@돌콩오일@향료@해바라기씨오일@실리카@글리세릴카프릴레이트@소듐스테아로일글루타메이트@하이드로제네이티드레시틴@하이드록시프로필스타치포스페이트@다이소듐이디티에이@에틸헥실글리세린@아데노신@폴리글리세릴-3메틸글루코오스다이스테아레이트@당근추출물@에칠아스코빌에텔@덱스트 린@레티놀@리모넨@솔비탄아이소스테아레이트@맥주효모추출물,리날룰@토코페롤@미리스틱애씨드@비에이치티@아라키딕애씨드@베타-카로틴@펜틸렌글라이콜@라우릭애씨드@카보머@아라비아고무나무검@프로필렌글라이콜알지네이트 * 함량 : 레티놀 504 IU/g &베타-카로틴 7.5 ppm"
라운드랩 포 맨 자작나무 수분 로션,라운드랩,skincare,lotion,A000000163494,22,https://www.oliveyoung.co.kr/store/goods/getGoodsDetail.do?goodsNo=A000000163494&dispCatNo=100000100010016&t_page=%EC%B9%B4%ED%85%8C%EA%B3%A0%EB%A6%AC%EA%B4%80&t_click=%EB%A1%9C%EC%85%98_%EC%A0%84%EC%B2%B4__%EC%83%81%ED%92%88%EC%83%81%EC%84%B8&t_number=24,"정제수, 부틸렌글라이콜, 글리세린, 아이소노닐아이소노나노에이트, 자작나무수액(10,967ppm), 베타인, 스쿠알란, 하이드로제네이티드폴리(C6-14올레핀), 글리세릴글루코사이드, 다이포타슘글리시리제이트, 알란토인, 쇠비름추출물, 감나무잎추출물, 포도추출물, 잇꽃꽃추출물, 커피콩추출물, 호장근뿌리추출물, 밤껍질추출물, 초피나무열매추출물, 녹차추출물, 소듐하이알루로네이트, 하이알루로닉애씨드, 아스코빅애씨드, 치자추출물, 토코페롤, 에틸헥실글리세린, 다이프로필렌글라이콜, 세테아릴올리베이트, 하이드록시에틸아크릴레이트/소듐아크릴로일다이메틸타우레이트코폴리머, 솔비탄올리베이트, 하이드록시아세토페논, 암모늄아크릴로일다이메틸타우레이트/브이피코폴리머, 카프릴릴글라이콜, 솔비탄아이소스테아레이트, 덱스트린, 글리세릴카프릴레이트, 1,2-헥산다이올, 다이소듐이디티에이"
크리니크 노란에센스 로션,크리니크,skincare,lotion,A000000104173,23,https://www.oliveyoung.co.kr/store/goods/getGoodsDetail.do?goodsNo=A000000104173&dispCatNo=100000100010016&trackingCd=Cat100000100010016_Small&t_page=%EC%B9%B4%ED%85%8C%EA%B3%A0%EB%A6%AC%EA%B4%80&t_click=%EB%A1%9C%EC%85%98_%EC%A0%84%EC%B2%B4__%EC%83%81%ED%92%88%EC%83%81%EC%84%B8&t_number=25,"정제수 , 미네랄오일 , 글리세린 , 페트롤라툼 , 스테아릭애씨드 , 글리세릴스테아레이트 , 참깨오일 , 우레아 , 라놀린알코올 , 트리에탄올아민 , 보리추출물 , 오이추출물 , 해바라기씨드케이크 , 프로필렌글라이콜디카프레이트 , 소듐하이알루로네이트 , 부틸렌글라이콜 , 펜틸렌글라이콜 , 트리소듐이디티에이 , 페녹시에탄올 , 황색5호 , 황색4호 , 적색227호 [ILN39477]"
닥터지 레드 블레미쉬 포 맨 올인원 오일컷 로션,닥터지,skincare,lotion,A000000185235,24,https://www.oliveyoung.co.kr/store/goods/getGoodsDetail.do?goodsNo=A000000185235&dispCatNo=100000100010016&trackingCd=Cat100000100010016_Small&t_page=%EC%B9%B4%ED%85%8C%EA%B3%A0%EB%A6%AC%EA%B4%80&t_click=%EB%A1%9C%EC%85%98_%EC%A0%84%EC%B2%B4__%EC%83%81%ED%92%88%EC%83%81%EC%84%B8&t_number=26,"정제수, 부틸렌글라이콜, 베타인, 카프릴릴메티콘, 나이아신아마이드, 실리카, 메틸트라이메티콘, 1,2-헥산다이올, 에리스리톨, 스테아릴다이메티콘, 소듐아크릴레이트코폴리머, 하이드록시아세토페논, 카보머, 알지닌, 암모늄아크릴로일다이메틸타우레이트/브이피코폴리머, 옥타데센, 폴리아크릴레이트-13, 에틸헥실글리세린, 사과추출물, 글루코노락톤, 아데노신, 하이드로제네이티드폴리아이소부텐, 레시틴, 다이소듐이디티에이, 커피콩추출물, 폴리글리세릴-10라우레이트, 병풀추출물, 에틸헥실팔미테이트, 솔비탄아이소스테아레이트, 메도우스위트꽃추출물, 사탕무뿌리추출물, 레몬추출물, 녹차추출물, 하이드롤라이즈드하이알루로닉애씨드, 다이프로필렌글라이콜, 하이드로제네이티드레시틴, 토코페롤, 판테놀, 수크로오스다이스테아레이트, 세라마이드엔피, 마데카소사이드, 아시아티코사이드, 마데카식애씨드, 아시아틱애씨드"
메디큐브 PDRN 핑크 콜라겐 글로우 젤리 미스트,메디큐브,skincare,mist_oil,A000000243433,1,https://www.oliveyoung.co.kr/store/goods/getGoodsDetail.do?goodsNo=A000000243433&dispCatNo=100000100010010&t_page=%EC%B9%B4%ED%85%8C%EA%B3%A0%EB%A6%AC%EA%B4%80&t_click=%EB%AF%B8%EC%8A%A4%ED%8A%B8/%EC%98%A4%EC%9D%BC_%EC%A0%84%EC%B2%B4__%EC%83%81%ED%92%88%EC%83%81%EC%84%B8&t_number=1,"콜라겐수(80.9%), 아이소프로필미리스테이트, 글리세린, 나이아신아마이드, 1,2-헥산다이올, 정제수, 소듐클로라이드, 메도우폼씨오일, 부틸렌글라이콜, 하이드록시아세토페논, 프로판다이올, 젤란검, 소듐디엔에이(1,081ppm), 해바라기씨오일, 에틸헥실글리세린, 아데노신, 트라이에틸시트레이트, 옥수수커넬추출물, 알칸나뿌리추출물, 다이소듐이디티에이, 토코페롤, 하이알루로닉애씨드, 하이드롤라이즈드하이알루로닉애씨드, 소듐하이알루로네이트, 콜라겐(10.8ppm), 프룩탄, 만주자작나무껍질/잎추출물, 피마자씨오일, 글루코오스, 레몬그라스잎오일, 스타아니스열매/씨오일, 스쿠알란, 글루타티온, 하이드롤라이즈드엘라스틴, 연어알추출물, 말토덱스트린, 카프릴릭/카프릭트라이글리세라이드, 하이드로제네이티드레시틴, 세라마이드엔피, 소듐시트레이트, 카프릴릴글라이콜, 소듐포스페이트, 시트릭애씨드, 진주추출물, 사이아노코발아민, 에스에이치-올리고펩타이드-1"
아벤느 오 떼르말 미스트,아벤느,skincare,mist_oil,A000000010498,2,https://www.oliveyoung.co.kr/store/goods/getGoodsDetail.do?goodsNo=A000000010498&dispCatNo=100000100010010&t_page=%EC%B9%B4%ED%85%8C%EA%B3%A0%EB%A6%AC%EA%B4%80&t_click=%EB%AF%B8%EC%8A%A4%ED%8A%B8/%EC%98%A4%EC%9D%BC_%EC%A0%84%EC%B2%B4__%EC%83%81%ED%92%88%EC%83%81%EC%84%B8&t_number=2,아벤느 온천수(아쿠아)
VT 피디알엔 글로우 앰플 미스트,VT,skincare,mist_oil,A000000254068,3,https://www.oliveyoung.co.kr/store/goods/getGoodsDetail.do?goodsNo=A000000254068&dispCatNo=100000100010010&t_page=%EC%B9%B4%ED%85%8C%EA%B3%A0%EB%A6%AC%EA%B4%80&t_click=%EB%AF%B8%EC%8A%A4%ED%8A%B8/%EC%98%A4%EC%9D%BC_%EC%A0%84%EC%B2%B4__%EC%83%81%ED%92%88%EC%83%81%EC%84%B8&t_number=3,"정제수, 메틸프로판다이올, 메도우폼씨오일, 나이아신아마이드, 부틸렌글라이콜, 글리세린, 트라이에틸헥사노인, 폴리글리세린-3, 다이프로필렌글라이콜, 1,2-헥산다이올, 하이드록시아세토페논, 소듐시트레이트, 폴리글리세릴-10미리스테이트, 에틸헥실글리세린, 시트릭애씨드, 아데노신, 소듐파이테이트, 판테놀, 알란토인, 다이소듐이디티에이, 스쿠알란, 카프릴릭/카프릭트라이글리세라이드, 세라마이드엔피, 바오밥나무씨오일, 하이드로제네이티드레시틴, 폴리글루쿠로닉애씨드, 토코페롤, 소듐하이알루로네이트, 세라마이드에이에스, 세라마이드엔에스, 세라마이드에이피, 세라마이드이오피, 산양삼추출물, 소듐디엔에이(0.5ppb)"
바이오던스 콜라겐 펩타이드 젤리 세럼 미스트,바이오던스,skincare,mist_oil,A000000251742,4,https://www.oliveyoung.co.kr/store/goods/getGoodsDetail.do?goodsNo=A000000251742&dispCatNo=100000100010010&t_page=%EC%B9%B4%ED%85%8C%EA%B3%A0%EB%A6%AC%EA%B4%80&t_click=%EB%AF%B8%EC%8A%A4%ED%8A%B8/%EC%98%A4%EC%9D%BC_%EC%A0%84%EC%B2%B4__%EC%83%81%ED%92%88%EC%83%81%EC%84%B8&t_number=4,"콜라겐수(770,965ppm), 글리세린, 프로판다이올, 트라이프로필렌글라이콜, 1,2-헥산다이올, 나이아신아마이드, 글리세레스-26, 정제수, 소듐클로라이드, 하이드록시아세토페논, 젤란검, 칼슘락테이트, 아데노신, 다이소듐이디티에이, 갈락토미세스발효여과물, 사이아노코발아민, 치자추출물, 하이드롤라이즈드스클레로튬검, 카라기난, 하이드롤라이즈드하이알루로닉애씨드, 부틸렌글라이콜, 잔탄검, 캐롭검, 덱스트린, 수크로오스, 아세틸헥사펩타이드-8(1,000ppb), 콜라겐추출물(100ppb), 카퍼트라이펩타이드-1(0.1ppb), 트라이펩타이드-1(0.1ppb), 팔미토일트라이펩타이드-5(0.1ppb), 헥사펩타이드-9(0.1ppb), 팔미토일펜타펩타이드-4(0.1ppb), 올리고펩타이드-1(0.1ppb),팔미토일트라이펩타이드-38(0.1ppb), 펜타펩타이드-4(0.1ppb), 헥사펩타이드-12(0.1ppb)"
달바 퍼스트 스프레이 세럼,달바,skincare,mist_oil,A000000232724,5,https://www.oliveyoung.co.kr/store/goods/getGoodsDetail.do?goodsNo=A000000232724&dispCatNo=900000206560006&trackingCd=BrandA002758_Mdpick1&t_page=%EB%B8%8C%EB%9E%9C%EB%93%9C%EA%B4%80&t_click=%ED%85%8C%EB%A7%88%EB%B3%84%EC%83%81%ED%92%88%EC%A0%84%EC%8B%9C1_%EC%83%81%ED%92%88%EC%83%81%EC%84%B8&t_number=1,"정제수, 다이프로필렌글라이콜, 네오펜틸글라이콜다이헵타노에이트, 글리세레스-26, 1,2-헥산다이올, 나이아신아마이드, 솔비톨, 하이드록시에틸우레아, 아보카도오일, 멕시칸치아씨추출물, 바질꽃/잎/줄기추출물, 베타인, 귀리커넬추출물, 부틸렌글라이콜, 흰서양송로추출물(30ppm), 글리세린, 해바라기씨오일, 토코페릴아세테이트, 다이소듐이디티에이, 다이포타슘글리시리제이트, 아데노신, 소듐팔미토일프롤린, 비피다발효용해물, 알바수련꽃추출물, 하이드롤라이즈드하이알루로닉애씨드, 돌콩오일, 스노우로투스추출물, 인삼추출물, 연꽃꽃추출물, 뽕나무껍질추출물, 마돈나백합꽃추출물, 에델바이스추출물, 약모밀추출물, 프리지어추출물, 카보머, 데이지꽃추출물, 알지닌, 포타슘솔베이트, 아나토씨오일, 토코페롤, 향료, 리날룰, 헥실신남알, 리모넨, 시트로넬올"
달바 바이탈 스프레이 세럼,달바,skincare,mist_oil,A000000232717,6,https://www.oliveyoung.co.kr/store/goods/getGoodsDetail.do?goodsNo=A000000232717&dispCatNo=900000206560006&trackingCd=BrandA002758_Mdpick1&t_page=%EB%B8%8C%EB%9E%9C%EB%93%9C%EA%B4%80&t_click=%ED%85%8C%EB%A7%88%EB%B3%84%EC%83%81%ED%92%88%EC%A0%84%EC%8B%9C1_%EC%83%81%ED%92%88%EC%83%81%EC%84%B8&t_number=2,"정제수, 세틸에틸헥사노에이트, 1,2-헥산다이올, 다이프로필렌글라이콜, 글리세레스-26, 폴리프로필실세스퀴옥세인, 흰서양송로추출물(10,000ppm), 부틸렌글라이콜, 하이드록시에틸우레아, 지치뿌리추출물, 마카다미아씨오일, 베타인, 아보카도오일, 로즈힙열매오일, 카프릴릭/카프릭트라이글리세라이드, 석류추출물, 다이포타슘글리시리제이트, 다이소듐이디티에이, 토코페롤, 아데노신, 사카라이드아이소머레이트, 센티드제라늄꽃오일, 펜타에리스리틸테트라-다이-t-부틸하이드록시하이드로신나메이트, 한련초추출물, 자일리틸글루코사이드, 아크릴레이트/C10-30알킬아크릴레이트크로스폴리머, 알지닌, 안하이드로자일리톨, 개똥쑥추출물, 연꽃꽃추출물, 쌀추출물, 효모발효물, 장미꽃오일, 자일리톨, 글리세린, 인도멀구슬나무잎추출물, 라벤더꽃추출물, 캐모마일꽃추출물, 녹차추출물, 유칼립투스잎추출물, 히비스커스꽃추출물, 레몬밤추출물, 올리브나무잎추출물, 로즈마리잎추출물, 포트마리골드꽃추출물, 레몬그라스추출물, 커먼자스민추출물, 애플민트잎추출물, 살비아추출물, 티트리추출물, 페퍼민트잎추출물, 글루코오스, 시트릭애씨드, 소듐시트레이트, 드럼스틱씨오일, 세룰라타벚나무꽃추출물, 소듐하이알루로네이트, 오레가노추출물, 타임꽃/잎/줄기추출물, 하이드록시프로필트라이모늄하이알루로네이트, 하이드롤라이즈드하이알루로닉애씨드, 소듐아세틸레이티드하이알루로네이트, 하이알루로닉애씨드, 하이드롤라이즈드소듐하이알루로네이트, 소듐하이알루로네이트크로스폴리머, 포타슘하이알루로네이트, 향료, 시트로넬올, 리날룰, 제라니올, 리모넨, 헥실신남알, 시트랄"
바이오힐 보 판테셀 리페어시카 크림미스트,바이오힐보,skincare,mist_oil,A000000189004,7,https://www.oliveyoung.co.kr/store/goods/getGoodsDetail.do?goodsNo=A000000189004&dispCatNo=100000100010010&t_page=%EC%B9%B4%ED%85%8C%EA%B3%A0%EB%A6%AC%EA%B4%80&t_click=%EB%AF%B8%EC%8A%A4%ED%8A%B8/%EC%98%A4%EC%9D%BC_%EC%A0%84%EC%B2%B4__%EC%83%81%ED%92%88%EC%83%81%EC%84%B8&t_number=7,"정제수, 글리세린, 트라이에틸헥사노인, 하이드로제네이티드폴리(C6-14올레핀), 부틸렌글라이콜, 펜틸렌글라이콜, 메틸프로판다이올, 판테놀(1%), 병풀추출물, 베타-시토스테롤, 병풀잎추출물, 아세틸헥사펩타이드-8, 아스코빅애씨드폴리펩타이드, 아세틸옥타펩타이드-3, 아세틸테트라펩타이드-2, 아세틸테트라펩타이드-3, 아세틸테트라펩타이드-5, 아세틸테트라펩타이드-9, 카르노신, 카퍼트라이펩타이드-1, 노나펩타이드-1, 팔미토일펜타펩타이드-4, 팔미토일트라이펩타이드-1, 팔미토일트라이펩타이드-5, 스트렙토코쿠스 테르모필루스발효물, 아이리쉬모스추출물, 사탕수수추출물, 사과즙, 칸디다 봄비콜라/글루코오스/메틸레이프씨데이트발효물, 해바라기씨오일, 1,2-헥산다이올, 베타인, 트라이라우레스-4포스페이트, 에틸헥실글리세린, 폴리쿼터늄-51, 소듐파이테이트, 시트릭애씨드, 토코페롤, 레시틴, 에스신, 다이프로필렌글라이콜"
런드리유 카밍 고체 미스트,런드리유,skincare,mist_oil,A000000254684,8,https://www.oliveyoung.co.kr/store/goods/getGoodsDetail.do?goodsNo=A000000254684&dispCatNo=100000100010010&t_page=%EC%B9%B4%ED%85%8C%EA%B3%A0%EB%A6%AC%EA%B4%80&t_click=%EB%AF%B8%EC%8A%A4%ED%8A%B8/%EC%98%A4%EC%9D%BC_%EC%A0%84%EC%B2%B4__%EC%83%81%ED%92%88%EC%83%81%EC%84%B8&t_number=8,"정제수, 글리세린, 프로판다이올, 부틸렌글라이콜, 오레가노잎추출물, 1,2-헥산다이올, 편백잎추출물, 해수, 젤란검, 칼슘락테이트, 에틸헥실글리세린, 다이소듐이디티에이, 다이포타슘글리시리제이트, 다이프로필렌글라이콜, 락토바실러스발효용해물, 락토코쿠스발효용해물, 비피다발효용해물, 토코페롤, 엑토인, 서양민들레잎추출물"
온그리디언츠 스킨 베리어 속광 미스트,온그리디언츠,skincare,mist_oil,A000000252899,9,https://www.oliveyoung.co.kr/store/goods/getGoodsDetail.do?goodsNo=A000000252899&dispCatNo=100000100010010&t_page=%EC%B9%B4%ED%85%8C%EA%B3%A0%EB%A6%AC%EA%B4%80&t_click=%EB%AF%B8%EC%8A%A4%ED%8A%B8/%EC%98%A4%EC%9D%BC_%EC%A0%84%EC%B2%B4__%EC%83%81%ED%92%88%EC%83%81%EC%84%B8&t_number=10,"정제수, 글리세린, 트라이에틸헥사노인, 하이드로제네이티드폴리(C6-14올레핀), 다이프로필렌글라이콜, 트라이라우레스-4포스페이트, 판테놀, 하이드록시아세토페논, 부틸렌글라이콜, 과라나씨추출물, 도둑놈의지팡이뿌리추출물, 울금뿌리추출물, 메틸다이아이소프로필프로피온아마이드, 에틸헥실글리세린, 1,2-헥산다이올, 다이소듐이디티에이, 티트리잎오일, 글루타티온, 하이드로제네이티드레시틴, 세테아릴알코올, 카프릴릴글라이콜, 스테아릭애씨드, 폴리글리세릴-10라우레이트, 소듐하이알루로네이트, 세라마이드엔피, 소듐하이알루로네이트크로스폴리머, 포타슘하이알루로네이트, 하이드록시프로필트라이모늄하이알루로네이트, 하이드롤라이즈드소듐하이알루로네이트, 하이드롤라이즈드하이알루로닉애씨드, 하이알루로닉애씨드, 세라마이드엔에스, 세라마이드에이에스, 세라마이드에이피, 카퍼트라이펩타이드-1, 트라이펩타이드-1, 팔미토일트라이펩타이드-1, 팔미토일펜타펩타이드-4, 헥사펩타이드-11, 헥사펩타이드-9, 펜틸렌글라이콜, 소듐아세틸레이티드하이알루로네이트, 세라마이드이오피, 병풀추출물"
에센허브 티트리 100 오일,에센허브,skincare,mist_oil,A000000203008,10,https://www.oliveyoung.co.kr/store/goods/getGoodsDetail.do?goodsNo=A000000203008&dispCatNo=100000100010010&t_page=%EC%B9%B4%ED%85%8C%EA%B3%A0%EB%A6%AC%EA%B4%80&t_click=%EB%AF%B8%EC%8A%A4%ED%8A%B8/%EC%98%A4%EC%9D%BC_%EC%A0%84%EC%B2%B4__%EC%83%81%ED%92%88%EC%83%81%EC%84%B8&t_number=11,"티트리잎오일, 리모넨, 리날룰"
프로폴리스 에너지 앰플 미스트,차앤박,skincare,mist_oil,A000000166510,11,https://www.oliveyoung.co.kr/store/goods/getGoodsDetail.do?goodsNo=A000000166510&dispCatNo=100000100010010&t_page=%EC%B9%B4%ED%85%8C%EA%B3%A0%EB%A6%AC%EA%B4%80&t_click=%EB%AF%B8%EC%8A%A4%ED%8A%B8/%EC%98%A4%EC%9D%BC_%EC%A0%84%EC%B2%B4__%EC%83%81%ED%92%88%EC%83%81%EC%84%B8&t_number=12,"정제수, 프로판다이올, 글리세린, 1,2-헥산다이올, 다이메티콘, 소듐시트레이트, 부틸렌글라이콜, 베타인, 하이드로제네이티드레시틴, 솔비톨, 피이지-60하이드로제네이티드캐스터오일, 솔비탄세스퀴올리에이트, 시트릭애씨드, 센티드제라늄꽃오일, 펜틸렌글라이콜, 다이소듐이디티에이, 프로폴리스추출물(200ppm), 하이알루로닉애씨드, 판테놀, 하이드록시페닐프로파미도벤조익애씨드, 글루코노락톤, 락토바이오닉애씨드, 판토락톤, 아스코빌팔미테이트, 시트로넬올, 제라니올, 리날룰"
에스트라 아토베리어365 크림미스트,에스트라,skincare,mist_oil,A000000130138,12,https://www.oliveyoung.co.kr/store/goods/getGoodsDetail.do?goodsNo=A000000130138&dispCatNo=100000100010010&t_page=%EC%B9%B4%ED%85%8C%EA%B3%A0%EB%A6%AC%EA%B4%80&t_click=%EB%AF%B8%EC%8A%A4%ED%8A%B8/%EC%98%A4%EC%9D%BC_%EC%A0%84%EC%B2%B4__%EC%83%81%ED%92%88%EC%83%81%EC%84%B8&t_number=14,"정제수, 글리세린, 부틸렌글라이콜, 카프릴릭/카프릭트리글리세라이드, 하이드로제네이티드폴리(C6-14올레핀),디메치콘, 세틸에칠헥사노에이트, 하이드록시프로필비스라우라마이드엠이에이(10,000 ppm), 1,2-헥산디올, 소듐서팩틴, 콜레스테롤, 글리세릴카프릴레이트, 디소듐디티 에이, 에칠헥실글리세린, 베헤닉애씨드, 토코페롤"
설화수 윤조에센스 미스트,설화수,skincare,mist_oil,A000000255331,13,https://www.oliveyoung.co.kr/store/goods/getGoodsDetail.do?goodsNo=A000000255331&dispCatNo=100000100010010&t_page=%EC%B9%B4%ED%85%8C%EA%B3%A0%EB%A6%AC%EA%B4%80&t_click=%EB%AF%B8%EC%8A%A4%ED%8A%B8/%EC%98%A4%EC%9D%BC_%EC%A0%84%EC%B2%B4__%EC%83%81%ED%92%88%EC%83%81%EC%84%B8&t_number=15,"정제수, 인삼수, 다이카프릴릴카보네이트, 카프릴릭/카프릭트라이글리세라이드, 부틸렌글라이콜, 프로판다이올, 펜틸렌글라이콜, 글리세린, 베타인, 나이아신아마이드, 아이소펜틸다이올, 소듐클로라이드, 1,2-헥산다이올, 에틸헥실글리세린, 향료, 소듐메타포스페이트, 아데노신, 리모넨, 엑토인, 자일리톨, 마데카소사이드, 아스코빌테트라이소팔미테이트, 인삼추출물, 토코페롤, 리날룰, 지황뿌리추출물, 작약뿌리추출물, 시트로넬올, 둥굴레뿌리줄기추출물, 시트랄, 연꽃추출물, 제라니올, 참나리비늘줄기추출물, 하이드롤라이즈드식물성단백질"
닥터엘시아 345 릴리프 크림 미스트,닥터엘시아,skincare,mist_oil,A000000251062,14,https://www.oliveyoung.co.kr/store/goods/getGoodsDetail.do?goodsNo=A000000251062&dispCatNo=100000100010010&t_page=%EC%B9%B4%ED%85%8C%EA%B3%A0%EB%A6%AC%EA%B4%80&t_click=%EB%AF%B8%EC%8A%A4%ED%8A%B8/%EC%98%A4%EC%9D%BC_%EC%A0%84%EC%B2%B4__%EC%83%81%ED%92%88%EC%83%81%EC%84%B8&t_number=16,"쌀겨수, 글리세린, 트라이에틸헥사노인, 정제수, 하이드로제네이티드폴리(C6-14올레핀), 부틸렌글라이콜, 메틸프로판다이올, 펜틸렌글라이콜, 1,2-헥산다이올, 판테놀, 스트렙토코쿠스 테르모필루스발효물, 트라이라우레스-4포스페이트, 에틸헥실글리세린, 소듐파이테이트, 시트릭애씨드, 베타인, 폴리쿼터늄-51, 사과즙, 쌀추출물, 씨솔트, 백미꽃추출물, 토코페롤, 아스퍼질러스발효물, 접시꽃추출물, 하이드롤라이즈드하이알루로닉애씨드, 하이드록시프로필트라이모늄하이알루로네이트, 마데카소사이드, 알로에베라잎수, 귀리커넬추출물, 병풀잎추출물, 락토바실러스발효물, 약모밀추출물, 하이알루로닉애씨드, 실란트라이올, 비피다발효추출물, 하이드롤라이즈드쌀단백질, 쌀아미노산"
아누아 피디알엔 히알루론산 수분 캡슐 미스트,아누아,skincare,mist_oil,A000000237449,15,https://www.oliveyoung.co.kr/store/goods/getGoodsDetail.do?goodsNo=A000000237449&dispCatNo=100000100010010&t_page=%EC%B9%B4%ED%85%8C%EA%B3%A0%EB%A6%AC%EA%B4%80&t_click=%EB%AF%B8%EC%8A%A4%ED%8A%B8/%EC%98%A4%EC%9D%BC_%EC%A0%84%EC%B2%B4__%EC%83%81%ED%92%88%EC%83%81%EC%84%B8&t_number=17,"정제수, 다이페닐다이메티콘, 다이프로필렌글라이콜, 펜틸렌글라이콜, 1,2-헥산다이올, 스트렙토코쿠스 테르모필루스발효물, 캐스터오일/아이피디아이코폴리머, 자일리틸글루코사이드, 자일리톨, 돌콩추출물, 인도멀구슬나무잎추출물, 인도멀구슬나무꽃추출물, 소듐하이알루로네이트 (100ppm), 사과즙, 아이비고드열매추출물, 백미꽃추출물, 가지열매추출물, 알로에베라꽃추출물, 울금뿌리추출물, 홀리바질잎추출물, 호호바씨오일, 호박가루, 참산호말추출물, 해바라기씨오일, 접시꽃추출물, 드럼스틱씨오일, 하이드롤라이즈드하이알루로닉애씨드 (0.01ppm), 하이알루로닉애씨드 (0.01ppm), 유럽밤나무씨추출물, 사과씨오일, 흑효모발효물, 하이드롤라이즈드콜라겐, 칸디다 봄비콜라/글루코오스/메틸레이프씨데이트발효물, 글리세레스-26, 프로판다이올, 부틸렌글라이콜, 판테놀, 카프릴릭/카프릭트라이글리세라이드, 소듐디엔에이 (2,000ppm), 하이드록시에틸우레아, 하이드록시아세토페논, 알란토인, 다이펩타이드-15, 젤란검, 안하이드로자일리톨, 칼슘클로라이드, 카프릴릴글라이콜, 글리세린, 소듐시트레이트, 시트릭애씨드, 토코페롤, 옥탄다이올, 에틸헥실글리세린, 다이페닐실록시페닐트라이메티콘, 페닐트라이메티콘, 프로필렌글라이콜다이벤조에이트, 다이포타슘포스페이트, 아세틸글루타민, 마그네슘설페이트, 하이드로제네이티드레시틴, 세라마이드엔피, 소듐클로라이드, 카퍼트라이펩타이드-1, 셀룰로오스검, 소듐바이카보네이트, 포타슘클로라이드, 소듐스테아로일글루타메이트, 잔탄검"
한율 어린쑥 트러블 진정 미스트,한율,skincare,mist_oil,A000000220688,16,https://www.oliveyoung.co.kr/store/goods/getGoodsDetail.do?goodsNo=A000000220688&dispCatNo=100000100010010&t_page=%EC%B9%B4%ED%85%8C%EA%B3%A0%EB%A6%AC%EA%B4%80&t_click=%EB%AF%B8%EC%8A%A4%ED%8A%B8/%EC%98%A4%EC%9D%BC_%EC%A0%84%EC%B2%B4__%EC%83%81%ED%92%88%EC%83%81%EC%84%B8&t_number=18,"정제수, 프로판다이올, 부틸렌글라이콜, 황해쑥잎수(17,590ppm), 자일리톨, 펜틸렌글라이콜, 카프릴릭/카프릭트라이글리세라이드, 피피지-13-데실테트라데세스-24, 글리세릴카프릴레이트, 향료, 2,3-부탄다이올, 에틸헥실글리세린, 소듐메타포스페이트, 1,2-헥산다이올, 글루코노락톤, 레시틴, 락토바실러스발효물, 글리세린, 이눌린라우릴카바메이트, 살리실릭애씨드, 황해쑥잎추출물(10ppm), 병풀꽃/잎/줄기추출물, 토코페롤, 소듐하이알루로네이트, 하이드롤라이즈드하이알루로닉애씨드, 소듐하이알루로네이트크로스폴리머, 하이알루로닉애씨드, 소듐아세틸레이티드하이알루로네이트"
VT 피디알엔 글로우 앰플 미스트,VT,skincare,mist_oil,A000000243432,17,https://www.oliveyoung.co.kr/store/goods/getGoodsDetail.do?goodsNo=A000000243432&dispCatNo=100000100010010&t_page=%EC%B9%B4%ED%85%8C%EA%B3%A0%EB%A6%AC%EA%B4%80&t_click=%EB%AF%B8%EC%8A%A4%ED%8A%B8/%EC%98%A4%EC%9D%BC_%EC%A0%84%EC%B2%B4__%EC%83%81%ED%92%88%EC%83%81%EC%84%B8&t_number=19,"정제수, 메틸프로판다이올, 메도우폼씨오일, 나이아신아마이드, 부틸렌글라이콜, 글리세린, 트라이에틸헥사노인, 폴리글리세린-3, 다이프로필렌글라이콜, 1,2-헥산다이올, 하이드록시아세토페논, 소듐시트레이트, 폴리글리세릴-10미리스테이트, 에틸헥실글리세린, 시트릭애씨드, 아데노신, 소듐파이테이트, 판테놀, 알란토인, 다이소듐이디티에이, 스쿠알란, 카프릴릭/카프릭트라이글리세라이드, 세라마이드엔피, 바오밥나무씨오일, 하이드로제네이티드레시틴, 폴리글루쿠로닉애씨드, 토코페롤, 소듐하이알루로네이트, 세라마이드에이에스, 세라마이드엔에스, 세라마이드에이피, 세라마이드이오피, 산양삼추출물, 소듐디엔에이 (0.5ppb)"
바이오던스 캐비어 PDRN 젤리 세럼 미스트,바이오던스,skincare,mist_oil,A000000251221,18,https://www.oliveyoung.co.kr/store/goods/getGoodsDetail.do?goodsNo=A000000251221&dispCatNo=100000100010010&t_page=%EC%B9%B4%ED%85%8C%EA%B3%A0%EB%A6%AC%EA%B4%80&t_click=%EB%AF%B8%EC%8A%A4%ED%8A%B8/%EC%98%A4%EC%9D%BC_%EC%A0%84%EC%B2%B4__%EC%83%81%ED%92%88%EC%83%81%EC%84%B8&t_number=20,"캐비어수(760,867ppm), 글리세린, 메틸프로판다이올, 글리세레스-26, 1,2-헥산다이올, 나이아신아마이드, 소듐클로라이드, 하이드록시아세토페논, 젤란검, 소듐디엔에이(1,000ppm), 칼슘락테이트, 아데노신, 에틸헥실글리세린, 다이소듐이디티에이, 덱스트린, 연어알추출물, 캐비아추출물(77ppm), 치자추출물, 하이드롤라이즈드스클레로튬검, 카라기난, 잔탄검, 정제수, 캐롭검, 수크로오스, 소듐하이알루로네이트, 포타슘하이알루로네이트, 하이드록시프로필트라이모늄하이알루로네이트, 하이드롤라이즈드소듐하이알루로네이트, 하이드롤라이즈드하이알루로닉애씨드, 하이알루로닉애씨드, 펜틸렌글라이콜, 소듐하이알루로네이트크로스폴리머, 소듐아세틸레이티드하이알루로네이트"
퍼셀 247 초유 포어 디펜스 장벽강화 미스트 핑크,퍼셀,skincare,mist_oil,A000000245184,19,https://www.oliveyoung.co.kr/store/goods/getGoodsDetail.do?goodsNo=A000000245184&dispCatNo=100000100010010&t_page=%EC%B9%B4%ED%85%8C%EA%B3%A0%EB%A6%AC%EA%B4%80&t_click=%EB%AF%B8%EC%8A%A4%ED%8A%B8/%EC%98%A4%EC%9D%BC_%EC%A0%84%EC%B2%B4__%EC%83%81%ED%92%88%EC%83%81%EC%84%B8&t_number=21,"정제수, 프로판다이올, 비피다발효용해물(3.6%), 락토바실러스발효용해물(3.6%), 다이프로필렌글라이콜, 펜틸렌글라이콜, 부틸렌글라이콜, 락토코쿠스발효용해물, 피키아발효용해여과물, 효모발효용해여과물, 1,2-헥산다이올, 베타인, 초유(7,500ppm), 클로렐라 불가리스추출물, 자일리톨, 백미꽃추출물, 접시꽃추출물, 하이알루로닉애씨드, 우유지질, 판테놀, 글루코오스, 글리세린, 프룩토올리고사카라이드, 프룩토오스, 에틸헥실글리세린, 다이페닐다이메티콘, 아데노신, 트라이에틸헥사노인, 소듐시트레이트, 소듐파이테이트, 시트릭애씨드, 하이드로제네이티드레시틴, 베타-글루칸, 토코페롤, 마그네슘클로라이드, 테트라데실아미노부티로일발릴아미노부티릭우레아트라이플루오로아세테이트"
런드리유 카밍 고체미스트,런드리유,skincare,mist_oil,A000000235494,20,https://www.oliveyoung.co.kr/store/goods/getGoodsDetail.do?goodsNo=A000000235494&dispCatNo=100000100010010&t_page=%EC%B9%B4%ED%85%8C%EA%B3%A0%EB%A6%AC%EA%B4%80&t_click=%EB%AF%B8%EC%8A%A4%ED%8A%B8/%EC%98%A4%EC%9D%BC_%EC%A0%84%EC%B2%B4__%EC%83%81%ED%92%88%EC%83%81%EC%84%B8&t_number=23,"정제수, 글리세린, 프로판다이올, 부틸렌글라이콜, 오레가노잎추출물, 1,2-헥산다이올, 편백잎추출물, 해수, 젤란검, 칼슘락테이트, 에틸헥실글리세린, 다이소듐이디티에이, 다이포타슘글리시리제이트, 다이프로필렌글라이콜, 락토바실러스발효용해물, 락토코쿠스발효용해물, 비피다발효용해물, 토코페롤, 엑토인, 서양민들레잎추출물"
달바 비타 토닝 안티에이징 스프레이 세럼 8퍼센트,달바,skincare,mist_oil,A000000241879,21,https://www.oliveyoung.co.kr/store/goods/getGoodsDetail.do?goodsNo=A000000241879&dispCatNo=100000100010010&t_page=%EC%B9%B4%ED%85%8C%EA%B3%A0%EB%A6%AC%EA%B4%80&t_click=%EB%AF%B8%EC%8A%A4%ED%8A%B8/%EC%98%A4%EC%9D%BC_%EC%A0%84%EC%B2%B4__%EC%83%81%ED%92%88%EC%83%81%EC%84%B8&t_number=24,"비타민나무수,흰서양송로수,콜라겐수,다이프로필렌글라이콜,해바라기씨오일,1,2-헥산다이올,글리세레스-26,정제수,나이아신아마이드,폴리프로필실세스퀴옥세인,흰서양송로추출물,카프릴릭/카프릭트라이글리세라이드,하이드록시에틸우레아,부틸렌글라이콜,마카다미아씨오일,올리브오일,베타인,토코페롤,동백나무씨오일,아보카도오일,솔비톨,다이포타슘글리시리제이트,다이소듐이디티에이,펜타에리스리틸테트라-다이-t-부틸하이드록시하이드로신나메이트,아데노신,바위돌꽃뿌리추출물,돌콩오일,비타민나무열매오일,달맞이꽃오일,인도멀구슬나무꽃추출물,소듐팔미토일프롤린,알지닌,카보머,홀리바질잎추출물,인도멀구슬나무잎추출물,덱스트린,카카오추출물,아나토씨오일,하이드롤라이즈드하이알루로닉애씨드,아스코빅애씨드,울금뿌리추출물,글루타티온,글루코오스,만노오스,참산호말추출물,알바수련꽃추출물,소듐하이알루로네이트,하이드롤라이즈드옥수수단백질,하이드롤라이즈드귀리단백질,하이드롤라이즈드완두콩단백질,하이드롤라이즈드쌀겨단백질,하이드롤라이즈드쌀단백질,하이드롤라이즈드참깨단백질,하이드롤라이즈드콩단백질,하이드롤라이즈드밀단백질,하이드록시프로필트라이모늄하이알루로네이트,소듐아세틸레이티드하이알루로네이트,하이알루로닉애씨드,하이드롤라이즈드소듐하이알루로네이트,소듐하이알루로네이트크로스폴리머,포타슘하이알루로네이트,향료,리날룰,헥실신남알,리모넨,시트로넬올"
바이오힐 보 프로바이오덤 3D 리프팅 크림 미스트,바이오힐보,skincare,mist_oil,A000000201287,22,https://www.oliveyoung.co.kr/store/goods/getGoodsDetail.do?goodsNo=A000000201287&dispCatNo=100000100010010&trackingCd=Cat100000100010010_Small&t_page=%EC%B9%B4%ED%85%8C%EA%B3%A0%EB%A6%AC%EA%B4%80&t_click=%EB%AF%B8%EC%8A%A4%ED%8A%B8/%EC%98%A4%EC%9D%BC_%EC%A0%84%EC%B2%B4__%EC%83%81%ED%92%88%EC%83%81%EC%84%B8&t_number=25,"정제수, 락토바실러스발효용해물, 글리세린, 세틸에틸헥사노에이트, 트라이에틸헥사노인, 메틸프로판다이올, 펜틸렌글라이콜, 하이드로제네이티드폴리데센, 락토바실러스발효물, 프룩토올리고사카라이드, 프룩탄, 이눌린, 판테놀, 베타인, 베타-글루칸, 아데노신, 사포닌, 수용성프로테오글리칸, 노나펩타이드-1, 아세틸테트라펩타이드-9, 아세틸테트라펩타이드-5, 아세틸헥사펩타이드-1, 아세틸헥사펩타이드-8, 팔미토일트라이펩타이드-8, 다이펩타이드다이아미노부티로일벤질아마이드다이아세테이트, 카퍼트라이펩타이드-1, 트라이펩타이드-1, 팔미토일테트라펩타이드-7, 팔미토일트라이펩타이드-1, 팔미토일트라이펩타이드-5, 팔미토일펜타펩타이드-4, 팔미토일헥사펩타이드-12, 펜타펩타이드-3, 헥사펩타이드-9, 올리고펩타이드-2, 병풀추출물, 쇠비름추출물, 지치뿌리추출물, 로즈마리잎추출물, 마트리카리아꽃추출물, 석류추출물, 양까막까치밥나무열매추출물, 참마뿌리추출물, 하이드로제네이티드레시틴, 오일팜오일, 1,2-헥산다이올, 부틸렌글라이콜, 에틸헥실글리세린, 하이드록시아세토페논, 카프릴릭/카프릭트라이글리세라이드, 셀룰로오스검, 폴리쿼터늄-51, 말토덱스트린, 토코페롤, 프로판다이올, 세테아릴글루코사이드, 세테아릴알코올, 소듐폴리아크릴레이트, 알진, 소듐스테아로일글루타메이트, 바이오사카라이드검-4, 잔탄검, 하이드롤라이즈드옥수수전분, 소듐포스페이트, 카프릴릴글라이콜, 수크로오스, 덱스트란, 미네랄솔트, 다이소듐포스페이트, 향료"
라네즈 크림스킨 미스트,라네즈,skincare,mist_oil,A000000230967,23,https://www.oliveyoung.co.kr/store/goods/getGoodsDetail.do?goodsNo=A000000230967&dispCatNo=100000100010010&trackingCd=Cat100000100010010_Small&t_page=%EC%B9%B4%ED%85%8C%EA%B3%A0%EB%A6%AC%EA%B4%80&t_click=%EB%AF%B8%EC%8A%A4%ED%8A%B8/%EC%98%A4%EC%9D%BC_%EC%A0%84%EC%B2%B4__%EC%83%81%ED%92%88%EC%83%81%EC%84%B8&t_number=26,"정제수, 부틸렌글라이콜, 글리세린, 메도우폼씨오일, 아이소펜틸다이올, 1,2-헥산다이올, 스쿠알란, 폴리글리세릴-10스테아레이트, 글리세릴스테아레이트시트레이트, 소듐스테아로일글루타메이트, 이눌린라우릴카바메이트, 글리세릴카프릴레이트, 에틸헥실글리세린, 프로판다이올, 다이소듐이디티에이, 카보머, 만니톨, 아크릴레이트/스테아릴메타크릴레이트코폴리머, 흰목이버섯포자낭과추출물, 하이알루로닉애씨드, 녹차추출물, 잔탄검, 세라마이드엔피, 동백나무꽃추출물, 토코페롤, 아세틸테트라펩타이드-11"
유이크 바이옴 베리어 크림 미스트,유이크,skincare,mist_oil,A000000249277,24,https://www.oliveyoung.co.kr/store/goods/getGoodsDetail.do?goodsNo=A000000249277&dispCatNo=100000100010010&trackingCd=Cat100000100010010_Small&t_page=%EC%B9%B4%ED%85%8C%EA%B3%A0%EB%A6%AC%EA%B4%80&t_click=%EB%AF%B8%EC%8A%A4%ED%8A%B8/%EC%98%A4%EC%9D%BC_%EC%A0%84%EC%B2%B4__%EC%83%81%ED%92%88%EC%83%81%EC%84%B8&t_number=27,"정제수, 쿠티박테리움 아비둠발효추출여과물(9.79%), 메틸프로판다이올, 글리세린, 트라이에틸헥사노인, 하이드로제네이티드폴리(C6-14올레핀), 나이아신아마이드, 펜틸렌글라이콜, 다시마추출물, 한련초잎추출물, 귀리커넬추출물, 아티초크잎추출물, 하이드로제네이티드레시틴, 녹차수, 폴리글리세릴-10미리스테이트, 다이프로필렌글라이콜, 셀룰로오스검, 베타-글루칸, 폴리쿼터늄-51, 프룩토올리고사카라이드, 레시틴, 하이드롤라이즈드하이알루로닉애씨드, 토코페롤, 부틸렌글라이콜, 에탄올, 프룩탄, 락토바실러스발효용해물, 프로테아제, 1,2-헥산다이올, 에틸헥실글리세린, 페녹시에탄올"
메디힐 에센셜 마스크팩 마데카소사이드,메디힐,mask_pack,sheet_mask,A000000223414,1,https://www.oliveyoung.co.kr/store/goods/getGoodsDetail.do?goodsNo=A000000223414&dispCatNo=100000100090001&t_page=%EC%B9%B4%ED%85%8C%EA%B3%A0%EB%A6%AC%EA%B4%80&t_click=%EC%8B%9C%ED%8A%B8%ED%8C%A9_%EC%A0%84%EC%B2%B4__%EC%83%81%ED%92%88%EC%83%81%EC%84%B8&t_number=1,"정제수, 프로판다이올, 다이프로필렌글라이콜, 나이아신아마이드, 글리세린, 1,2-헥산다이올, 트레할로오스, 하이드록시아세토페논, 알지닌, 카보머, 폴리글리세릴-10라우레이트, 에틸헥실글리세린, 폴리글리세릴-4라우레이트, 잔탄검, 다이소듐이디티에이, 옥틸도데세스-16, 연필향나무오일, 마데카소사이드, 서양배추출물, 호호바씨오일, 다마스크장미꽃수, 광곽향오일, 글리세릴아크릴레이트/아크릴릭애씨드코폴리머, 오리스뿌리추출물, 멜론추출물, 불가리스쑥오일, 서양송악잎/줄기추출물, 로즈마리잎오일, 부틸렌글라이콜, 해수, 소듐하이알루로네이트, 병풀추출물, 소듐하이알루로네이트크로스폴리머, 하이드롤라이즈드글라이코사미노글리칸, 하이드로제네이티드레시틴, 향부자추출물, 벤질글라이콜, 하이드롤라이즈드하이알루로닉애씨드, 하이알루로닉애씨드, 판테놀, 세라마이드엔피"
메디힐 에센셜 마스크팩 PDRN,메디힐,mask_pack,sheet_mask,A000000217620,2,https://www.oliveyoung.co.kr/store/goods/getGoodsDetail.do?goodsNo=A000000217620&dispCatNo=100000100090001&t_page=%EC%B9%B4%ED%85%8C%EA%B3%A0%EB%A6%AC%EA%B4%80&t_click=%EC%8B%9C%ED%8A%B8%ED%8C%A9_%EC%A0%84%EC%B2%B4__%EC%83%81%ED%92%88%EC%83%81%EC%84%B8&t_number=2,"정제수, 글리세린, 프로판다이올, 부틸렌글라이콜, 글리세레스-26, 1,2-헥산다이올, 다마스크장미추출물, 잔탄검, 카보머, 판테놀, 알지닌, 하이드록시아세토페논, 카놀라오일, 폴리글리세릴-10라우레이트, 아데노신, 해바라기씨오일, 메도우폼씨오일, 다이프로필렌글라이콜, 폴리글리세릴-4라우레이트, 폴리글리세릴-10스테아레이트, 다이소듐이디티에이, 하이드록시에틸셀룰로오스, 아르간커넬오일, 다마스크장미꽃수, 치자나무꽃추출물, 락토바실러스발효물, 양까막까치밥나무잎추출물, 첨차잎추출물, 해수, 서양송악잎/줄기추출물, 센티드제라늄꽃오일, 스쿠알란, 검정콩추출물, 무화과추출물, 밤껍질추출물, 버지니아풍년화잎수, 퀴노아씨추출물, 하이드로제네이티드레시틴, 향부자추출물, 밤부사 불가리스잎추출물, 아마씨추출물, 에틸헥실글리세린, 소듐디엔에이, 글루코노락톤, 세라마이드엔피"
토리든 다이브인 마스크,토리든,mask_pack,sheet_mask,A000000158752,3,https://www.oliveyoung.co.kr/store/goods/getGoodsDetail.do?goodsNo=A000000158752&dispCatNo=100000100090001&t_page=%EC%B9%B4%ED%85%8C%EA%B3%A0%EB%A6%AC%EA%B4%80&t_click=%EC%8B%9C%ED%8A%B8%ED%8C%A9_%EC%A0%84%EC%B2%B4__%EC%83%81%ED%92%88%EC%83%81%EC%84%B8&t_number=3,"정제수, 부틸렌글라이콜, 글리세린, 다이프로필렌글라이콜, 소듐하이알루로네이트크로스폴리머, 소듐하이알루로네이트, 소듐아세틸레이티드하이알루로네이트, 하이드롤라이즈드소듐하이알루로네이트, 하이드롤라이즈드하이알루로닉애씨드(100ppm), 판테놀, 트레할로오스, 알란토인, 마트리카리아꽃추출물, 포트마리골드꽃추출물, 인도멀구슬나무잎추출물, 인도멀구슬나무꽃추출물, 아이비고드열매추출물, 가지열매추출물, 홀리바질잎추출물, 울금뿌리추출물, 참산호말추출물, 글리세릴아크릴레이트/아크릴릭애씨드코폴리머, 피브이엠/엠에이코폴리머, 사카라이드아이소머레이트, 카보머, 잔탄검, 트로메타민, 펜틸렌글라이콜, 1,2-헥산다이올, 하이드록시아세토페논, 쇠비름추출물, 말라카이트추출물, 에틸헥실글리세린"
바이오던스 바이오 콜라겐 리얼 딥 마스크,바이오던스,mask_pack,sheet_mask,A000000221807,4,https://www.oliveyoung.co.kr/store/goods/getGoodsDetail.do?goodsNo=A000000221807&dispCatNo=100000100090001&t_page=%EC%B9%B4%ED%85%8C%EA%B3%A0%EB%A6%AC%EA%B4%80&t_click=%EC%8B%9C%ED%8A%B8%ED%8C%A9_%EC%A0%84%EC%B2%B4__%EC%83%81%ED%92%88%EC%83%81%EC%84%B8&t_number=4,"정제수, 갈락토미세스발효여과물, 글리세린, 아크릴레이트코폴리머, 나이아신아마이드 , 캐롭검, 아이리쉬모스추출물, 베타인, 알진, 다이프로필렌글라이콜, 아가, 하이드록시아세토페논, 1,2-헥산다이올, 포타슘클로라이드, 폴리글리세릴-10라우레이트, 카프릴릴글라이콜, 수크로오스, 부틸렌글라이콜, 알란토인, 에틸헥실글리세린, 하이드롤라이즈드하이알루로닉애씨드, 아데노신, 다이소듐이디티에이, 서양배추출물, 다마스크장미꽃수, 오리스뿌리추출물, 멜론추출물, 서양송악잎/줄기추출물, 콜라겐추출물(55,000ppb), 다이포타슘글리시리제이트, 비피다발효여과물, 토코페롤, 락토바실러스발효물, 락토바실러스발효용해물"
메디힐 하이퍼 콜라겐 겔 마스크,메디힐,mask_pack,sheet_mask,A000000239102,5,https://www.oliveyoung.co.kr/store/goods/getGoodsDetail.do?goodsNo=A000000239102&dispCatNo=100000100090001&t_page=%EC%B9%B4%ED%85%8C%EA%B3%A0%EB%A6%AC%EA%B4%80&t_click=%EC%8B%9C%ED%8A%B8%ED%8C%A9_%EC%A0%84%EC%B2%B4__%EC%83%81%ED%92%88%EC%83%81%EC%84%B8&t_number=5,"정제수, 글리세린, 다이프로필렌글라이콜, 나이아신아마이드, 세틸에틸헥사노에이트, 카프릴릭/카프릭트라이글리세라이드, 캐롭검, 아이리쉬모스, 아이리쉬모스가루, 하이드록시아세토페논, 셀룰로오스검, 시어버터, 카프릴릴글라이콜, 포타슘클로라이드, 호호바에스터, 글리세릴스테아레이트, 소듐폴리아크릴레이트, 콜라겐(1,100 ppm), 스테아릴알코올, 세틸알코올, 솔비탄세스퀴올리에이트, 하이드로제네이티드폴리데센, 수크로오스, 에틸헥실글리세린, 소듐스테아로일글루타메이트, 해바라기씨왁스, 아데노신, 부틸렌글라이콜, 로즈마리잎오일, 트라이데세스-6, C11-13아이소알케인, 하이드롤라이즈드치자추출물, 폴리글리세린-3, 말토덱스트린, 라벤더오일, 1,2-헥산다이올, 다이포타슘글리시리제이트, 황련뿌리추출물, 글루타티온, 하이드롤라이즈드콜라겐(500 ppb), 구기자추출물, 석류추출물, 토코페롤, 하이드로제네이티드레시틴, 수용성콜라겐(100 ppb), 글루코오스, 만노오스, 콜라겐추출물(1 ppb), 다이소듐이디티에이"
이옴 트러블 패치 마스크,이옴,mask_pack,sheet_mask,A000000248829,6,https://www.oliveyoung.co.kr/store/goods/getGoodsDetail.do?goodsNo=A000000248829&dispCatNo=100000100090001&t_page=%EC%B9%B4%ED%85%8C%EA%B3%A0%EB%A6%AC%EA%B4%80&t_click=%EC%8B%9C%ED%8A%B8%ED%8C%A9_%EC%A0%84%EC%B2%B4__%EC%83%81%ED%92%88%EC%83%81%EC%84%B8&t_number=6,"정제수, 비피다발효여과물, 프로판다이올, 메틸프로판다이올, 다이프로필렌글라이콜, 1,2-헥산다이올, 폴리글리세릴-6다이카프레이트, 락토바실러스/티트리잎추출물발효여과물, 화이트티트리잎추출물, 사카라이드하이드롤리세이트, 에틸헥실글리세린, 카보머, 트로메타민, 부틸렌글라이콜, 잔탄검, 락토바실러스발효물, 알란토인, 소듐하이알루로네이트, 다이소듐이디티에이, 글리세린, 베타-글루칸, 월계수잎추출물, 유칼립투스잎추출물, 락토바실러스발효용해물, 하이드로제네이티드레시틴, 폴리글리세릴-10다이스테아레이트, 폴리글리세릴-10다이올리에이트, 당느릅나무뿌리추출물, 칡뿌리추출물, 대왕소나무잎추출물, 달맞이꽃꽃추출물, 자일리톨, 라피노오스, 프룩토올리고사카라이드"
넘버즈인 1번 수분팩,넘버즈인,mask_pack,sheet_mask,A000000205979,7,https://www.oliveyoung.co.kr/store/goods/getGoodsDetail.do?goodsNo=A000000205979&dispCatNo=100000100090001&t_page=%EC%B9%B4%ED%85%8C%EA%B3%A0%EB%A6%AC%EA%B4%80&t_click=%EC%8B%9C%ED%8A%B8%ED%8C%A9_%EC%A0%84%EC%B2%B4__%EC%83%81%ED%92%88%EC%83%81%EC%84%B8&t_number=7,"정제수,메틸프로판다이올,나이아신아마이드,글리세린,1,2-헥산다이올,부틸렌글라이콜,베타인,판테놀,알란토인,도둑놈의지팡이뿌리추출물,카보머,트레할로오스,트로메타민,에틸헥실글리세린,잔탄검,다이포타슘글리시리제이트,소듐파이테이트,인도멀구슬나무잎추출물,인도멀구슬나무꽃추출물,병풀추출물,소듐하이알루로네이트,아이비고드열매추출물,가지열매추출물,하이드롤라이즈드하이알루로닉애씨드,프로판다이올,홀리바질잎추출물,감초뿌리추출물,판토테닉애씨드,울금뿌리추출물,참산호말추출물,약모밀추출물,글리세릴올리에이트,소듐아세틸레이티드하이알루로네이트,하이드로제네이티드레시틴,라우릴글루코사이드,미리스틸글루코사이드,폴리글리세릴-6라우레이트,베타-글루칸,토코페롤,데실글루코사이드,알파-알부틴,하이알루로닉애씨드,징크피씨에이,시트릭애씨드,호호바씨오일,녹차추출물,병풀잎추출물,오카무라큰실말추출물,흰버드나무껍질추출물,커피콩추출물,베타-시토스테롤,폴리글리세릴-10스테아레이트,아시아티코사이드,마데카소사이드,아시아틱애씨드,마데카식애씨드,베르가모트잎추출물,소나무잎추출물"
프롬리에 EGF 피지팩 하이퍼 액티브 모공 피지 마스크,프롬리에,mask_pack,sheet_mask,A000000254427,8,https://www.oliveyoung.co.kr/store/goods/getGoodsDetail.do?goodsNo=A000000254427&dispCatNo=100000100090001&t_page=%EC%B9%B4%ED%85%8C%EA%B3%A0%EB%A6%AC%EA%B4%80&t_click=%EC%8B%9C%ED%8A%B8%ED%8C%A9_%EC%A0%84%EC%B2%B4__%EC%83%81%ED%92%88%EC%83%81%EC%84%B8&t_number=8,"정제수, 글리세린, 부틸렌글라이콜, 1,2-헥산다이올, 글루코오스, 폴리글리세릴-10카프릴레이트/카프레이트, 트레할로오스, 알로에베라잎추출물, 셀룰로오스검, 우레아, 잔탄검, 다이프로필렌글라이콜, 제올라이트, 토코페릴아세테이트, 덱스트린, 말토덱스트린, 버지니아풍년화추출물, 소듐하이알루로네이트, 티트리추출물, 글라이신, 세린, 글루타믹애씨드, 아스파틱애씨드, 류신, 알라닌, 라이신, 알지닌, 타이로신, 페닐알라닌, 프롤린, 트레오닌, 발린, 아이소류신, 히스티딘, 시스테인, 메티오닌, 에틸헥실글리세린, 아세틸헥사펩타이드-8, 팔미토일트라이펩타이드-1, 팔미토일헥사펩타이드-12, 카퍼트라이펩타이드-1, 트라이펩타이드-1, 노나펩타이드-1, 팔미토일테트라펩타이드-7, 아세틸테트라펩타이드-2, 팔미토일펜타펩타이드-4, 팔미토일트라이펩타이드-5, 헥사펩타이드-9, 포도세포추출물, 에스에이치-올리고펩타이드-1"
프리메라 워터리 에이치씨 디퍼프 메가 샷 겔마시크,프리메라,mask_pack,sheet_mask,A000000248965,9,https://www.oliveyoung.co.kr/store/goods/getGoodsDetail.do?goodsNo=A000000248965&dispCatNo=100000100090001&t_page=%EC%B9%B4%ED%85%8C%EA%B3%A0%EB%A6%AC%EA%B4%80&t_click=%EC%8B%9C%ED%8A%B8%ED%8C%A9_%EC%A0%84%EC%B2%B4__%EC%83%81%ED%92%88%EC%83%81%EC%84%B8&t_number=9,"정제수, 글리세린, 부틸렌글라이콜, 세틸에틸헥사노에이트, 1,2-헥산다이올, 카라기난, 캐롭검, 카페인, 아이리쉬모스가루, 카프릴릭/카프릭트라이글리세라이드, 에틸헥실올리베이트, 셀룰로오스검, 에리스리톨, 포타슘클로라이드, 수크로오스, 잔탄검, 글리세릴스테아레이트, 나이아신아마이드, 소듐아크릴레이트코폴리머, 사카라이드아이소머레이트, 아이리쉬모스추출물, 글루코만난, 폴리글리세릴-4올리에이트, 에틸헥실글리세린, 덱스트린, 아가, 젤란검, 소듐파이테이트, 멘틸락테이트, 에틸멘탄카복사마이드, 치자추출물, 메틸다이아이소프로필프로피온아마이드, 소듐하이알루로네이트, 마데카소사이드, 구아이아줄렌, 유비퀴논, 토코페롤, 병풀추출물, 하이알루로닉애씨드"
듀이트리 AC 딥 열감 진정 마스크,듀이트리,mask_pack,sheet_mask,A000000211187,10,https://www.oliveyoung.co.kr/store/goods/getGoodsDetail.do?goodsNo=A000000211187&dispCatNo=100000100090001&t_page=%EC%B9%B4%ED%85%8C%EA%B3%A0%EB%A6%AC%EA%B4%80&t_click=%EC%8B%9C%ED%8A%B8%ED%8C%A9_%EC%A0%84%EC%B2%B4__%EC%83%81%ED%92%88%EC%83%81%EC%84%B8&t_number=10,"정제수,부틸렌글라이콜,프로판다이올,1,2-헥산다이올,글리세레스-26,메틸글루세스-20,하이드록시에틸우레아,아크릴레이트/C10-30알킬아크릴레이트크로스폴리머,알지닌,알란토인,폴리글리세릴-10라우레이트,에틸헥실글리세린,하이드록시에틸아크릴레이트/소듐아크릴로일다이메틸타우레이트코폴리머,글리세린,다이소듐이디티에이,폴리글리세릴-10미리스테이트,잔탄검,다이포타글리시리제이트,자작나무수액,페퍼민트오일,페퍼민트잎추출물,솔비탄아이소스테아레이트,데실글루코사이드,병풀추출물,파파인,글루코오스,카프릴릭/카프릭트라이글리세라이드,당느릅나무뿌리추출물,병풀잎추출물,오카무라큰실말추출물,녹차추출물,흰버드나무껍질추출물,제비꽃꽃추출물,소듐하이알루로네이트,알로에베라잎추출물,참마뿌리추출물,다시마추출물,세라마이드엔피,커피콩추출물,하이드로제네이티드레시틴,글리세릴카프릴레이트,달맞이꽃추출물,대왕소나무잎추출물,칡뿌리추출물,토코페롤,베르가모트잎추출물,하이드록시프로필트라이모늄하이알루로네이트,소나무잎추출물,소듐아세틸레이티드하이알루로네이트,하이드롤라이즈드하이알루로닉애씨드,하이알루로닉애씨드,소듐하이알루로네이트크로스폴리머,포타슘하이알루로네이트"
아비브 껌딱지 시트 마스크 어성초 스티커,아비브,mask_pack,sheet_mask,A000000188019,11,https://www.oliveyoung.co.kr/store/goods/getGoodsDetail.do?goodsNo=A000000188019&dispCatNo=100000100090001&t_page=%EC%B9%B4%ED%85%8C%EA%B3%A0%EB%A6%AC%EA%B4%80&t_click=%EC%8B%9C%ED%8A%B8%ED%8C%A9_%EC%A0%84%EC%B2%B4__%EC%83%81%ED%92%88%EC%83%81%EC%84%B8&t_number=11,"정제수, 다이프로필렌글라이콜, 글리세린, 글리세레스-26, 하이드록시아세토페논, 폴리글리세릴-10라우레이트, 카프릴릴글라이콜, 알지닌, 카보머, 잔탄검, 1,2-헥산다이올, 에틸헥실글리세린, 소듐하이알루로네이트, 알란토인, 판테놀, 약모밀추출물(60 ppm), 부틸렌글라이콜, 다이포타슘글리시리제이트, 로즈마리잎추출물, 하이드로제네이티드레시틴, 나이아신아마이드, 판토락톤, 티트리추출물, 아시아티코사이드, 아시아틱애씨드, 마데카식애씨드, 쿼세틴, 바이오플라보노이드, 탄닉애씨드, 다이소듐이디티에이"
닥터지 레드 블레미쉬 쿨 수딩 마스크,닥터지,mask_pack,sheet_mask,A000000253382,12,https://www.oliveyoung.co.kr/store/goods/getGoodsDetail.do?goodsNo=A000000253382&dispCatNo=100000100090001&t_page=%EC%B9%B4%ED%85%8C%EA%B3%A0%EB%A6%AC%EA%B4%80&t_click=%EC%8B%9C%ED%8A%B8%ED%8C%A9_%EC%A0%84%EC%B2%B4__%EC%83%81%ED%92%88%EC%83%81%EC%84%B8&t_number=12,"정제수,메틸프로판다이올,글리세린,아이소펜틸다이올,1,2-헥산다이올,베타인,트레할로오스,하이드록시아세토페논,프로판다이올,판테놀,다이소듐이디티에이,알로에베라잎추출물,부틸렌글라이콜,메틸다이아이소프로필프로피온아마이드,아크릴레이트/C10-30알킬아크릴레이트크로스폴리머,암모늄아크릴로일다이메틸타우레이트/브이피코폴리머,트로메타민,펜틸렌글라이콜,하이드로제네이티드레시틴,병풀추출물,소듐하이알루로네이트,무화과추출물,다시마추출물,당느릅나무뿌리추출물,제비꽃꽃추출물,참마뿌리추출물,올레라케아아크멜라추출물,베타-글루칸,하이드롤라이즈드하이알루로닉애씨드,세라마이드엔피,소듐하이알루로네이트크로스폴리머,마데카소사이드,하이알루로닉애씨드,에틸헥실글리세린,마데카식애씨드,아시아티코사이드,아시아틱애씨드,소듐아세틸레이티드하이알루로네이트,하이드롤라이즈드소듐하이알루로네이트"
메디힐 에센셜 마스크팩 콜라겐,메디힐,mask_pack,sheet_mask,A000000208231,13,https://www.oliveyoung.co.kr/store/goods/getGoodsDetail.do?goodsNo=A000000208231&dispCatNo=100000100090001&t_page=%EC%B9%B4%ED%85%8C%EA%B3%A0%EB%A6%AC%EA%B4%80&t_click=%EC%8B%9C%ED%8A%B8%ED%8C%A9_%EC%A0%84%EC%B2%B4__%EC%83%81%ED%92%88%EC%83%81%EC%84%B8&t_number=13,"정제수, 글리세린, 메틸프로판다이올, 프로판다이올, 1,2-헥산다이올, 하이드롤라이즈드익스텐신, 하이드록시아세토페논, 카보머, 알지닌, 잔탄검, 베타인, 트레할로오스, 아데노신, 폴리글리세릴-10라우레이트, 해수, 다이프로필렌글라이콜, 폴리글리세릴-4라우레이트, 다이소듐이디티에이, 옥틸도데세스-16, 소듐하이알루로네이트, 판테놀, 아미노부티릭애씨드, 부틸렌글라이콜, 스위트아몬드오일, 글리세릴글루코사이드, 소듐폴리아크릴레이트, 센티드제라늄꽃오일, 라벤더오일, 하이드로제네이티드레시틴, 흰목이버섯폴리사카라이드, 캐모마일꽃오일, 오렌지껍질오일, 소엽잎추출물, 서양민들레뿌리줄기/뿌리추출물, 멕시칸주니퍼오일, 엘라스틴, 향부자추출물, 카프릴릭/카프릭트라이글리세라이드, 아세틸헥사펩타이드-8, 카퍼트라이펩타이드-1, 헥사펩타이드-9, 노나펩타이드-1, 팔미토일펜타펩타이드-4, 팔미토일테트라펩타이드-7, 트라이펩타이드-1, 세라마이드엔피"
프리메라 피디알엔-나이아10 세럼 메가 샷 겔마시크,프리메라,mask_pack,sheet_mask,A000000244410,14,https://www.oliveyoung.co.kr/store/goods/getGoodsDetail.do?goodsNo=A000000244410&dispCatNo=100000100090001&t_page=%EC%B9%B4%ED%85%8C%EA%B3%A0%EB%A6%AC%EA%B4%80&t_click=%EC%8B%9C%ED%8A%B8%ED%8C%A9_%EC%A0%84%EC%B2%B4__%EC%83%81%ED%92%88%EC%83%81%EC%84%B8&t_number=14,"정제수, 나이아신아마이드(10.09%), 글리세린, 다이프로필렌글라이콜, 세틸에틸헥사노에이트, 1,2-헥산다이올, 시어버터, 아이리쉬모스가루, 캐롭검, 카라기난, 잔탄검, 글리세릴스테아레이트, 카프릴릭/카프릭트라이글리세라이드, 락토 바실러스/콩추출물발효여과물, 판테놀, 호호바에스터, 혼합글리세릴스테아레이트, 세틸알코올, 스테아릴알코올, 부틸렌글라이콜, 알란토인, 셀룰로오스검, 알진, 수크로오스, 포타슘클로라이드, 소듐스테아로일글루타메이트, 해바라기씨왁스, 병풀추출물, 모란뿌리추출물, 아데노신, 마트리카리아꽃추출물, 소듐파이테이트, 글리세릴카프릴레이트, 토코페롤, 소듐디엔에이(100ppm), 치자추출물, 에틸헥실글리세린, 향료, 말토덱스트린, 젤란검, 사이아노코발아민, 폴리글리세린-3, 아가, 덱스트린, 판토락톤, 3-O-에틸아스코빅애씨드, 페룰릭애씨드, 글루타티온, 해바라기씨오일, 크산토필, 하이드록시데실유비퀴논, 황련뿌리추출물"
하우스오브비 페이스필름,하우스오브비,mask_pack,sheet_mask,A000000212579,15,https://www.oliveyoung.co.kr/store/goods/getGoodsDetail.do?goodsNo=A000000212579&dispCatNo=100000100090001&t_page=%EC%B9%B4%ED%85%8C%EA%B3%A0%EB%A6%AC%EA%B4%80&t_click=%EC%8B%9C%ED%8A%B8%ED%8C%A9_%EC%A0%84%EC%B2%B4__%EC%83%81%ED%92%88%EC%83%81%EC%84%B8&t_number=15,"정제수, 글리세린, 부틸렌글라이콜, 나이아신아마이드, 프로판다이올, 메틸프로판다이올, 카프릴릭/카프릭트라이글리세라이드, 1,2-헥산다이올, 하이드록시에틸아크릴레이트/소듐아크릴로일다이메틸타우레이트코폴리머, 변성알코올, 피브이피, 폴리솔베이트20, 암모늄아크릴로일다이메틸타우레이트/브이피코폴리머, 글루타티온, 에틸헥실글리세린, 솔비탄아이소스테아레이트, 멘틸락테이트, 아데노신, 글라이신, 다이소듐이디티에이, 세린, 글루타믹애씨드, 인도멀구슬나무잎추출물, 아스파틱애씨드, 류신, 인도멀구슬나무꽃추출물, 은방울수선비늘줄기추출물, 울금뿌리추출물, 알라닌, 라이신, 알지닌, 타이로신, 페닐알라닌, 발린, 트레오닌, 프롤린, 아이소류신, 히스티딘, 메티오닌, 시스테인, 홀리바질잎추출물, 참산호말추출물, 토코페롤, 향료, 아스코빅애씨드, 정제수, 글리세린, 다이프로필렌글라이콜, 메틸프로판다이올, 나이아신아마이드, 아이리쉬모스, 캐롭검, 1,2-헥산다이올, 펜틸렌글라이콜, 폴리글리세릴-6카프릴레이트, 폴리글리세릴-4카프레이트, 잔탄검, 셀룰로오스검, 포타슘클로라이드, 소듐폴리아크릴레이트, 수크로오스, 콜라겐추출물, 글루타티온, 알란토인, 에틸헥실글리세린, 아데노신, 다이소듐이디티에이, 부틸렌글라이콜, 하이드롤라이즈드해면, 세룰라타벚나무꽃추출물, 아르니카 몬타나꽃추출물, 감국꽃추출물, 복사나무꽃추출물, 해당화추출물, 향료, 토코페롤"
바이오힐 보 프로바이오덤 3D 리프팅 크림 마스크,바비오힐보,mask_pack,sheet_mask,A000000226508,16,https://www.oliveyoung.co.kr/store/goods/getGoodsDetail.do?goodsNo=A000000226508&dispCatNo=100000100090001&t_page=%EC%B9%B4%ED%85%8C%EA%B3%A0%EB%A6%AC%EA%B4%80&t_click=%EC%8B%9C%ED%8A%B8%ED%8C%A9_%EC%A0%84%EC%B2%B4__%EC%83%81%ED%92%88%EC%83%81%EC%84%B8&t_number=16,"정제수, 글리세린, 메틸프로판다이올, 카프릴릭/카프릭트라이글리세라이드, 세틸에틸헥사노에이트, 다이프로필렌글라이콜, 락토바실러스발효물, 소듐디엔에이, 하이드롤라이즈드콜라겐, 아세틸다이펩타이드-1세틸에스터, 다이펩타이드다이아미노부티로일벤질아마이드다이아세테이트, 헥사펩타이드-2, 아세틸헥사펩타이드-8, 팔미토일트라이펩타이드-1, 아스코빅애씨드폴리펩타이드, 팔미토일테트라펩타이드-7, 아세틸옥타펩타이드-3, 아세틸테트라펩타이드-2, 아세틸테트라펩타이드-3, 아세틸테트라펩타이드-5, 아세틸테트라펩타이드-9, 카퍼트라이펩타이드-1, 노나펩타이드-1, 팔미토일펜타펩타이드-4, 팔미토일트라이펩타이드-5, 세라마이드엔피, 암모늄아크릴로일다이메틸타우레이트/브이피코폴리머, 아크릴레이트/C10-30알킬아크릴레이트크로스폴리머, 아데노신, 백미꽃추출물, 판테놀, 토코페롤, 알란토인, 풀루란, 타피오카전분, 녹두싹추출물, 밀싹추출물, 브로콜리싹추출물, 진흙버섯추출물, 접시꽃추출물, 허니로커스트씨추출물, 키토산, 부틸렌글라이콜, 하이드록시아세토페논, 폴리글리세릴-6스테아레이트, 세테아릴올리베이트, 1,2-헥산다이올, 솔비탄올리베이트, 트레할로오스, 트로메타민, 프로판다이올, 에틸헥실글리세린, 카프릴릴글라이콜, 폴리글리세릴-6베헤네이트, 폴리글리세릴-10아이소스테아레이트, 폴리글리세릴-10올리에이트, 하이드로제네이티드폴리아이소부텐, 소듐파이테이트, 사이아노코발아민, 베타인, 프룩토올리고사카라이드, 베타-글루칸, 프룩탄, 솔비탄라우레이트, 펜틸렌글라이콜, 하이드록시에틸셀룰로오스, 이눌린, 소듐락테이트, 폴리솔베이트20, 글리세릴카프릴레이트, 하이드로제네이티드레시틴, 콜레스테롤, 바이오틴, 카르노신, 카페인, 잔탄검, 카보머, 향료"
리쥬란 힐러 스킨 프로텍션 마스크,리쥬란,mask_pack,sheet_mask,A000000243440,17,https://www.oliveyoung.co.kr/store/goods/getGoodsDetail.do?goodsNo=A000000243440&dispCatNo=100000100090001&t_page=%EC%B9%B4%ED%85%8C%EA%B3%A0%EB%A6%AC%EA%B4%80&t_click=%EC%8B%9C%ED%8A%B8%ED%8C%A9_%EC%A0%84%EC%B2%B4__%EC%83%81%ED%92%88%EC%83%81%EC%84%B8&t_number=17,"정제수, 다이프로필렌글라이콜, 글리세린, 아이소펜틸다이올, 나이아신아마이드, 베타인, 에탄올, 판테놀, 다이메티콘, 부틸렌글라이콜, 모란뿌리추출물, 병풀추출물, 1,2-헥산다이올, 카보머, 알란토인, 피이지-60하이드로제네이티드캐스터오일, 마트리카리아꽃추출물, 멕시칸치아씨추출물, 글리세릴카프릴레이트, 잔탄검, 포타슘하이드록사이드, 아데노신, 에틸헥실글리세린, 하이드로제네이티드레시틴, 글리세릴아크릴레이트/아크릴릭애씨드코폴리머, 소듐팔미토일사코시네이트, 알로에베라잎추출물, 판토락톤, 피브이엠/엠에이코폴리머, 라벤더추출물, 로즈마리잎추출물, 레몬밤잎추출물, 타임꽃/잎추출물, 센티드제라늄추출물, 오레가노잎추출물, 유칼립투스잎추출물, 티트리잎추출물, 페퍼민트잎추출물, 하이드롤라이즈드디엔에이, 다이소듐이디티에이, 향료"
브링그린 프레시 마스크 티트리 시카,브링그린,mask_pack,sheet_mask,A000000185112,18,https://www.oliveyoung.co.kr/store/goods/getGoodsDetail.do?goodsNo=A000000185112&dispCatNo=100000100090001&t_page=%EC%B9%B4%ED%85%8C%EA%B3%A0%EB%A6%AC%EA%B4%80&t_click=%EC%8B%9C%ED%8A%B8%ED%8C%A9_%EC%A0%84%EC%B2%B4__%EC%83%81%ED%92%88%EC%83%81%EC%84%B8&t_number=18,"정제수, 부틸렌글라이콜, 1,2-헥산다이올, 글리세린, 티트리잎추출물, 카보머, 알지닌, 알란토인, 베타인, 폴리글리세릴-10라우레이트, 잔탄검, 셀룰로오스검, 다이소듐이디티에이, 에틸헥실글리세린, 티트리잎오일, 병풀추출물 [알로에수딩] 정제수, 부틸렌글라이콜, 1,2-헥산다이올, 알로에베라추출물, 카보머, 잔탄검, 알지닌, 알란토인, 폴리글리세릴-10라우레이트, 셀룰로오스검, 다이소듐이디티에이, 에틸헥실글리세린, 올리브오일, 콘민트추출물, 베르가모트오일, 마닐라엘레미트리검비휘발물, 솔잣나무오일"
프리메라 비타티놀 세럼 메가-샷 겔마스크,프리메라,mask_pack,sheet_mask,A000000231294,19,https://www.oliveyoung.co.kr/store/goods/getGoodsDetail.do?goodsNo=A000000231294&dispCatNo=100000100090001&t_page=%EC%B9%B4%ED%85%8C%EA%B3%A0%EB%A6%AC%EA%B4%80&t_click=%EC%8B%9C%ED%8A%B8%ED%8C%A9_%EC%A0%84%EC%B2%B4__%EC%83%81%ED%92%88%EC%83%81%EC%84%B8&t_number=19,"정제수, 글리세린, 다이프로필렌글라이콜, 세틸에틸헥사노에이트, 나이아신아마이드(20,000ppm), 1,2-헥산다이올, 판테놀(13,000ppm), 캐롭검, 카라기난, 다이글리세린, 아이리쉬모스추출물, 카프릴릭/카프릭트라이글리세라이드, 시어버터, 에틸헥실올리베이트, 잔탄검, 셀룰로오스검, 포타슘클로라이드, 폴리아크릴레이트-13, 글리세릴스테아레이트, 소듐아크릴레이트코폴리머, 수크로오스, 폴리글리세릴-4올리에이트, 에틸헥실글리세린, 하이드로제네이티드폴리아이소부텐, 아데노신, 다이소듐이디티에이, 아가, 향료, 폴리글리세릴-10라우레이트, 에틸헥실팔미테이트, 구아검, 콩폴리펩타이드, 마그네슘아스코빌포스페이트(98.85ppm), 부틸렌글라이콜, 솔비탄아이소스테아레이트, 레틴알(50ppm), 아스코빅애씨드(10.5ppm), 해바라기씨오일, 돌콩오일, 세라마이드엔피, 하이드로제네이티드레시틴, 크산토필, 레티놀(1ppm), 포스포릭애씨드(0.65ppm), 소듐아스코빌포스페이트(0.4ppm), 토코페롤"
아누아 데일리케어 마스크팩 피디알엔 마스크,아누아,mask_pack,sheet_mask,A000000231836,20,https://www.oliveyoung.co.kr/store/goods/getGoodsDetail.do?goodsNo=A000000231836&dispCatNo=100000100090001&t_page=%EC%B9%B4%ED%85%8C%EA%B3%A0%EB%A6%AC%EA%B4%80&t_click=%EC%8B%9C%ED%8A%B8%ED%8C%A9_%EC%A0%84%EC%B2%B4__%EC%83%81%ED%92%88%EC%83%81%EC%84%B8&t_number=20,"정제수, 부틸렌글라이콜, 글리세린, 나이아신아마이드, 1,2-헥산다이올, 아이소펜틸다이올, 트레할로오스, 카보머, 알지닌, 프로판다이올, 알란토인, 판테놀, 에틸헥실글리세린, 폴리글리세릴-10라우레이트, 잔탄검, 아데노신, 인도멀구슬나무잎추출물, 소듐디엔에이, 하이드롤라이즈드하이알루로닉애씨드, 인도멀구슬나무꽃추출물, 다이소듐이디티에이, 글리세릴아크릴레이트/아크릴릭애씨드코폴리머, 아이비고드열매추출물, 가지열매추출물, 글리세릴올리에이트, 라우릴글루코사이드, 미리스틸글루코사이드, 폴리글리세릴-6라우레이트, 하이드로제네이티드레시틴, 홀리바질잎추출물, 하이드롤라이즈드콜라겐, 소듐하이알루로네이트, 울금뿌리추출물, 참산호말추출물, 황련뿌리추출물, 글루타티온, 하이알루로닉애씨드, 하이드롤라이즈드소듐하이알루로네이트, 하이드록시프로필트라이모늄하이알루로네이트, 포타슘하이알루로네이트, 소듐하이알루로네이트크로스폴리머, 시트릭애씨드, 소듐시트레이트, 펜틸렌글라이콜, 소듐아세틸레이티드하이알루로네이트"
메디힐 히알루론산 바이오 세컨덤,메디힐,mask_pack,sheet_mask,A000000229375,21,https://www.oliveyoung.co.kr/store/goods/getGoodsDetail.do?goodsNo=A000000229375&dispCatNo=100000100090001&t_page=%EC%B9%B4%ED%85%8C%EA%B3%A0%EB%A6%AC%EA%B4%80&t_click=%EC%8B%9C%ED%8A%B8%ED%8C%A9_%EC%A0%84%EC%B2%B4__%EC%83%81%ED%92%88%EC%83%81%EC%84%B8&t_number=21,"정제수, 부틸렌글라이콜, 1,2-헥산다이올, 아이소펜틸다이올, 글리세린, 소듐폴리아크릴레이트, 잔탄검, 폴리글리세릴-10라우레이트, 소듐하이알루로네이트(720 ppm), 에틸헥실글리세린, 다이소듐이디티에이, 베르가모트오일, 판테놀, 바이오사카라이드검-1, 엑토인, 토코페롤, 흰버드나무껍질추출물, *리모넨, *리날룰, 정제수, 부틸렌글라이콜, 아이소펜틸다이올, 글리세린, 1,2-헥산다이올, 트레할로오스, 소듐폴리아크릴레이트, 풀루란, 폴리글리세릴-10미리스테이트, 소듐하이알루로네이트(720 ppm), 알지닌, 카보머, 에틸헥실글리세린, 다이소듐이디티에이, 글리세릴아크릴레이트/아크릴릭애씨드코폴리머, 바이오사카라이드검-1, 피브이엠/엠에이코폴리머, 센티드제라늄꽃오일, 흰버드나무껍질추출물, 판테놀, 엑토인, 토코페롤"
바이오던스 하이드로 세라놀 리얼 딥 마스크,바이오던스,mask_pack,sheet_mask,A000000181343,22,https://www.oliveyoung.co.kr/store/goods/getGoodsDetail.do?goodsNo=A000000181343&dispCatNo=100000100090001&t_page=%EC%B9%B4%ED%85%8C%EA%B3%A0%EB%A6%AC%EA%B4%80&t_click=%EC%8B%9C%ED%8A%B8%ED%8C%A9_%EC%A0%84%EC%B2%B4__%EC%83%81%ED%92%88%EC%83%81%EC%84%B8&t_number=22,"정제수, 다이프로필렌글라이콜, 글리세린, 빙하수, 세틸에틸헥사노에이트, 나이아신아마이드, 잔탄검, 캐롭검, 아이리쉬모스, 베타인, 판테놀, 하이드록시아세토페논, 에틸헥실올리베이트, 시어버터, 포타슘클로라이드, 카프릴릴글라이콜, 부틸렌글라이콜, 셀룰로오스검, 1,2-헥산다이올, 수크로오스, 폴리아크릴레이트-13, 소듐아크릴레이트코폴리머, 알진, 글리세릴스테아레이트, 아이리쉬모스추출물, 글루코만난, 폴리글리세릴-4올리에이트, 에틸헥실글리세린, 하이드롤라이즈드하이알루로닉애씨드, 하이드로제네이티드폴리아이소부텐, 아데노신, 서양배추출물, 다이소듐이디티에이, 폴리글리세릴-10라우레이트, 다마스크장미꽃수, 에틸헥실팔미테이트, 알란토인, 오리스뿌리추출물, 솔비탄아이소스테아레이트, 멜론추출물, 하이드로제네이티드레시틴, 서양송악잎/줄기추출물, 덱스트린, 세테아릴알코올, 스테아릭애씨드, 소듐하이알루로네이트, 다이포타슘글리시리제이트, 콜라겐추출물, 고수추출물, 회향씨추출물, 소두구씨추출물, 샤프란꽃추출물, 하이드록시프로필트라이모늄하이알루로네이트, 세라마이드엔피, 토코페롤, 세라마이드엔에스, 콜레스테롤, 소듐아세틸레이티드하이알루로네이트, 피토스핑고신, 세라마이드에이피, 세라마이드에이에스, 하이알루로닉애씨드, 하이드롤라이즈드소듐하이알루로네이트, 소듐하이알루로네이트크로스폴리머, 포타슘하이알루로네이트, 세라마이드이오피"
메디힐 랩핑 세럼 마스크 마데카소사이드,메디힐,mask_pack,sheet_mask,A000000229695,23,https://www.oliveyoung.co.kr/store/goods/getGoodsDetail.do?goodsNo=A000000229695&dispCatNo=100000100090001&t_page=%EC%B9%B4%ED%85%8C%EA%B3%A0%EB%A6%AC%EA%B4%80&t_click=%EC%8B%9C%ED%8A%B8%ED%8C%A9_%EC%A0%84%EC%B2%B4__%EC%83%81%ED%92%88%EC%83%81%EC%84%B8&t_number=23,"정제수, 글리세린, 부틸렌글라이콜, 나이아신아마이드, 프로판다이올, 다이프로필렌글라이콜, 1,2-헥산다이올, 글리세레스-26, 하이드록시아세토페논, 카보머, 알지닌, 카놀라오일, 폴리글리세릴-10라우레이트, 병풀추출물, 해바라기씨오일, 다이소듐이디티에이, 폴리글리세릴-4라우레이트, 잔탄검, 메도우폼씨오일, 마데카소사이드, 폴리글리세릴-10스테아레이트, 아르간커넬오일, 연필향나무오일, 서양배추출물, 판토락톤, 호호바씨오일, 다마스크장미꽃수, 광곽향오일, 글리세릴글루코사이드, 병풀잎추출물, 아이리쉬모스추출물, 오리스뿌리추출물, 멜론추출물, 불가리스쑥오일, 서양송악잎/줄기추출물, 로즈마리잎오일, 흰목이버섯폴리사카라이드, 밤부사 불가리스잎추출물, 아마씨추출물, 향부자추출물, 하이드로제네이티드레시틴, 판테놀, 판토테닉애씨드, 소듐하이알루로네이트, 에틸헥실글리세린, 수국잎추출물, 아시아틱애씨드, 아시아티코사이드, 마데카식애씨드"
브링그린 프레시 마스크 알로에 수딩,브링그린,mask_pack,sheet_mask,A000000185111,24,https://www.oliveyoung.co.kr/store/goods/getGoodsDetail.do?goodsNo=A000000185111&dispCatNo=100000100090001&t_page=%EC%B9%B4%ED%85%8C%EA%B3%A0%EB%A6%AC%EA%B4%80&t_click=%EC%8B%9C%ED%8A%B8%ED%8C%A9_%EC%A0%84%EC%B2%B4__%EC%83%81%ED%92%88%EC%83%81%EC%84%B8&t_number=24,"정제수, 부틸렌글라이콜, 1,2-헥산다이올, 알로에베라추출물, 카보머, 잔탄검, 알지닌, 알란토인, 폴리글리세릴-10라우레이트, 셀룰로오스검, 다이소듐이디티에이, 에틸헥실글리세린, 올리브오일, 콘민트추출물, 베르가모트오일, 마닐라엘레미트리검비휘발물, 솔잣나무오일"
비플레인 녹두 약산성 클렌징폼,비플레인,cleansing,cleansing,A000000249797,1,https://www.oliveyoung.co.kr/store/goods/getGoodsDetail.do?goodsNo=A000000249797&dispCatNo=100000100100001&trackingCd=Cat100000100100001_MID&t_page=%EC%B9%B4%ED%85%8C%EA%B3%A0%EB%A6%AC%EA%B4%80&t_click=%ED%81%B4%EB%A0%8C%EC%A7%95%ED%8F%BC/%EC%A0%A4_%EC%A0%84%EC%B2%B4__%EC%83%81%ED%92%88%EC%83%81%EC%84%B8&t_number=1,"글리세린, 정제수, 소듐코코일글라이시네이트, 소듐라우로일글루타메이트, 1,2-헥산다이올, 하이드록시프로필스타치포스페이트, 부틸렌글라이콜, 녹두가루(9,000ppm), 라우릴베타인, 하이드록시아세토페논, 녹두추출물(3,300ppm), 에틸헥실글리세린, 소듐클로라이드, 에탄올, 베타인, 폴리쿼터늄-39, 인도멀구슬나무잎추출물, 인도멀구슬나무꽃추출물, 덱스트린, 카카오씨추출물, 아이비고드열매추출물, 알란토인, 황벽나무껍질추출물, 알로에베라꽃추출물, 가지열매추출물, 소듐벤조에이트, 홀리바질잎추출물, 참산호말추출물, 울금뿌리추출물, 캐모마일꽃추출물, 토코페롤, 하이드로제네이티드레시틴, 병풀추출물, 무화과추출물, 세라마이드엔피, 소듐하이알루로네이트, 녹차가루"
라곰 셀럽 마이크로 폼 클렌저,라곰,cleansing,cleansing,A000000230821,2,https://www.oliveyoung.co.kr/store/goods/getGoodsDetail.do?goodsNo=A000000230821&dispCatNo=1000001001000010001&t_page=%EC%B9%B4%ED%85%8C%EA%B3%A0%EB%A6%AC%EA%B4%80&t_click=%ED%81%B4%EB%A0%8C%EC%A7%95%ED%8F%BC/%EC%A0%A4_%EC%A0%84%EC%B2%B4__%EC%83%81%ED%92%88%EC%83%81%EC%84%B8&t_number=2,"정제수, 스테아릭애씨드, 글리세린, 라우릭애씨드, 피이지-32, 포타슘하이드록사이드, 글리세릴스테아레이트, 미리스틱애씨드, 코카미도프로필베타인, 부틸렌글라이콜, 포타슘코코일글리시네이트, 우레아, 피이지-100스테아레이트, 소듐클로라이드, 향료, 하이드록시아세토페논, 하이드록시에틸우레아, 다이소듐이디티에이, 알지닌, 폴리쿼터늄-7, 하이드롤라이즈드식물성단백질, 말토덱스트린, 만주자작나무껍질추출물, 1,2-헥산다이올, 소듐벤조에이트, 비누풀잎추출물, 무환자추출물, 리모넨, 리날룰"
블랑네이처 아크네 클렌징 폼,블랑네이처,cleansing,cleansing,A000000186409,3,https://www.oliveyoung.co.kr/store/goods/getGoodsDetail.do?goodsNo=A000000186409&dispCatNo=1000001001000010001&t_page=%EC%B9%B4%ED%85%8C%EA%B3%A0%EB%A6%AC%EA%B4%80&t_click=%ED%81%B4%EB%A0%8C%EC%A7%95%ED%8F%BC/%EC%A0%A4_%EC%A0%84%EC%B2%B4__%EC%83%81%ED%92%88%EC%83%81%EC%84%B8&t_number=3,"녹차수, 팔미틱애씨드, 스테아릭애씨드, 미리스틱애씨드, 글리세린, 라우릭애씨드, 포타슘하이드록사이드, 정제수, 솔비탄올리베이트, 1,2-헥산다이올, 코카미도프로필베타인, 글리세릴스테아레이트, 부틸렌글라이콜, 살리실릭애씨드, 병풀추출물, 프로폴리스추출물, 포트마리골드꽃추출물, 피이지-100스테아레이트, 소듐클로라이드, 맥아추출물, 알란토인, 판테놀, 시트릭애씨드, 스페인감초뿌리추출물, 에탄올, 녹차추출물, 약모밀추출물, 펜틸렌글라이콜, 카프릴릴글라이콜, 에틸헥실글리세린, 메밀뿌리추출물, 달맞이꽃꽃추출물, 대왕소나무잎추출물, 칡뿌리추출물, 당느릅나무뿌리추출물, 다이소듐이디티에이, 소듐벤조에이트, 클로페네신, 4-터피네올, 티트리잎오일"
제로이드 포밍 클렌저,제로이드,cleansing,cleansing,A000000232081,4,https://www.oliveyoung.co.kr/store/goods/getGoodsDetail.do?goodsNo=A000000232081&dispCatNo=1000001001000010001&t_page=%EC%B9%B4%ED%85%8C%EA%B3%A0%EB%A6%AC%EA%B4%80&t_click=%ED%81%B4%EB%A0%8C%EC%A7%95%ED%8F%BC/%EC%A0%A4_%EC%A0%84%EC%B2%B4__%EC%83%81%ED%92%88%EC%83%81%EC%84%B8&t_number=4,"정제수, 다이소듐라우릴설포석시네이트, 소듐라우로일메틸이세티오네이트, 다이소듐코코암포다이아세테이트, 코코-글루코사이드, 글리세린, 1,2-헥산다이올, 베타인, 소듐클로라이드, 하이드록시에틸우레아, 시트릭애씨드, 하이드록시아세토페논, 다이소듐이디티에이, 헥실렌글라이콜, 소듐피씨에이, 소듐하이알루로네이트, 미리스토일/팔미토일옥소스테아라마이드/아라카마이드엠이에이"
에스트라 아토베리어365 포밍 클렌저,에스트라,cleansing,cleansing,A000000245096,5,https://www.oliveyoung.co.kr/store/goods/getGoodsDetail.do?goodsNo=A000000245096&dispCatNo=1000001001000010001&t_page=%EC%B9%B4%ED%85%8C%EA%B3%A0%EB%A6%AC%EA%B4%80&t_click=%ED%81%B4%EB%A0%8C%EC%A7%95%ED%8F%BC/%EC%A0%A4_%EC%A0%84%EC%B2%B4__%EC%83%81%ED%92%88%EC%83%81%EC%84%B8&t_number=5,"정제수, 글리세린, 솔비톨, 프로판다이올, 카프릴릴/카프릴글루코사이드, 다이소듐코코암포다이아세테이트, 코코-글루코사이드, 다이소듐코코일글루타메이트, 말티톨, 데실글루코사이드, 소듐클로라이드, 베타인, 판테놀, 시트릭애씨드, 소듐메타포스페이트, 에틸헥실글리세린, 징크클로라이드, 만니톨, 세틸-피지하이드록시에틸팔미타마이드, 스테아릭애씨드, 세라마이드엔피, 하이드로제네이티드레시틴, 토코페롤, 실리카, 콜레스테롤, 스핑고리피드, 소듐하이알루로네이트, 하이드록시프로필메틸셀룰로오스"
마녀공장 퓨어 소이빈 클렌징폼,마녀공장,cleansing,cleansing,A000000207982,6,https://www.oliveyoung.co.kr/store/goods/getGoodsDetail.do?goodsNo=A000000207982&dispCatNo=1000001001000010001&t_page=%EC%B9%B4%ED%85%8C%EA%B3%A0%EB%A6%AC%EA%B4%80&t_click=%ED%81%B4%EB%A0%8C%EC%A7%95%ED%8F%BC/%EC%A0%A4_%EC%A0%84%EC%B2%B4__%EC%83%81%ED%92%88%EC%83%81%EC%84%B8&t_number=6,"전성분 글리세린, 정제수, 미리스틱애씨드, 스테아릭애씨드, 라우릭애씨드, 포타슘코코에이트, 포타슘하이드록사이드, 포타슘코코일글리시네이트, 팔미틱애씨드, 소듐하이알루로네이트, 부틸렌글라이콜, 라벤더꽃수, 보리지추출물, 수레국화꽃추출물, 클레리추출물, 히아신스전초추출물, 세라마이드엔피, 마트리카리아꽃/잎추출물, 하이드로제네이티드레시틴, 연꽃꽃추출물, 인동덩굴꽃추출물, 알바수련꽃추출물, 세룰라타벚나무꽃추출물, 장미꽃추출물, 1,2-헥산다이올, 코코-글루코사이드, 글리세릴스테아레이트, 아크릴레이트/C10-30알킬아크릴레이트크로스폴리머, 소듐코코일이세티오네이트, 올레익애씨드, 카프릴릭/카프릭트라이글리세라이드, 에틸헥실글리세린, 퀼라자껍질추출물, 잇꽃꽃추출물, 크리산텔룸 인디쿰추출물, 아라키딕애씨드, 소듐파이테이트, 폴리쿼터늄-7, 다마스크장미꽃오일, 센티드제라늄꽃오일, 일랑일랑꽃오일, 시트릭애씨드, 포타슘솔베이트, 소듐벤조에이트, 오렌지껍질오일, 해바라기씨오일, 베르가모트오일"
토리든 다이브인 저분자 히알루론산 클렌징폼,토리든,cleansing,cleansing,A000000189875,7,https://www.oliveyoung.co.kr/store/goods/getGoodsDetail.do?goodsNo=A000000189875&dispCatNo=1000001001000010001&t_page=%EC%B9%B4%ED%85%8C%EA%B3%A0%EB%A6%AC%EA%B4%80&t_click=%ED%81%B4%EB%A0%8C%EC%A7%95%ED%8F%BC/%EC%A0%A4_%EC%A0%84%EC%B2%B4__%EC%83%81%ED%92%88%EC%83%81%EC%84%B8&t_number=7,"정제수, 글리세린, 소듐코코일글라이시네이트, 소듐라우로일글루타메이트, 소듐하이알루로네이트, 하이알루로닉애씨드, 하이드롤라이즈드하이알루로닉애씨드, 소듐아세틸레이티드하이알루로네이트, 하이드록시프로필트라이모늄하이알루로네이트, 하이드롤라이즈드소듐하이알루로네이트, 소듐하이알루로네이트크로스폴리머, 포타슘하이알루로네이트, 판테놀, 알란토인, 트레할로오스, 토코페롤, 버지니아풍년화추출물, 녹차추출물, 마트리카리아추출물, 부틸렌글라이콜, 다이프로필렌글라이콜, 하이드록시프로필스타치포스페이트, 글리세릴스테아레이트에스이, 포타슘벤조에이트, 소듐클로라이드, 폴리쿼터늄-67, 소듐아세테이트, 1,2-헥산다이올, 시트릭애씨드, 에틸헥실글리세린, 다이소듐이디티에이, 말라카이트추출물"
라곰 셀럽 젤 투 워터 클렌저,라곰,cleansing,cleansing,A000000230822,8,https://www.oliveyoung.co.kr/store/goods/getGoodsDetail.do?goodsNo=A000000230822&dispCatNo=1000001001000010001&t_page=%EC%B9%B4%ED%85%8C%EA%B3%A0%EB%A6%AC%EA%B4%80&t_click=%ED%81%B4%EB%A0%8C%EC%A7%95%ED%8F%BC/%EC%A0%A4_%EC%A0%84%EC%B2%B4__%EC%83%81%ED%92%88%EC%83%81%EC%84%B8&t_number=88,"정제수, 다이프로필렌글라이콜, 피이지-6카프릴릭/카프릭글리세라이즈, 글리세린, 폴리글리세릴-4카프레이트, 우레아, 폴리글리세릴-6카프릴레이트, 1,2-헥산다이올, 카보머, 트로메타민, 하이드록시아세토페논, 부틸렌글라이콜, 에틸헥실글리세린, 향료, 쇠비름추출물, 다이소듐이디티에이, 비누풀잎추출물, 하이드롤라이즈드식물성단백질, 말토덱스트린, 무환자추출물"
센카 퍼펙트 휩 페이셜 워시 120g,센카,cleansing,cleansing,A000000247755,9,https://www.oliveyoung.co.kr/store/goods/getGoodsDetail.do?goodsNo=A000000247755&dispCatNo=1000001001000010001&t_page=%EC%B9%B4%ED%85%8C%EA%B3%A0%EB%A6%AC%EA%B4%80&t_click=%ED%81%B4%EB%A0%8C%EC%A7%95%ED%8F%BC/%EC%A0%A4_%EC%A0%84%EC%B2%B4__%EC%83%81%ED%92%88%EC%83%81%EC%84%B8&t_number=9,"정제수,글리세린,미리스틱애씨드,팔미틱애씨드,포타슘하이드록사이드,글라이콜다이스테아레이트,다이프로필렌글라이콜,솔비톨,라우릭애씨드,스테아릭애씨드,라우릴베타인,글리세릴스테아레이트에스이,합성왁스,미리스틸베타인,폴리쿼터늄-7,소듐벤조에이트,향료,소듐클로라이드,폴리쿼터늄-6,세틸베타인,아이소프로필알코올,다이소듐이디티에이,소듐메타바이설파이트,비스-에톡시다이글라이콜사이클로헥산1,4-다이카복실레이트,부틸렌글라이콜,소듐아세틸레이티드하이알루로네이트,세리신,비에이치티,시트릭애씨드,포타슘솔베이트,소듐하이알루로네이트,토코페롤,리모넨"
아렌시아 떡솝 프레시 클렌저,아렌시아,cleansing,cleansing,A000000214907,10,https://www.oliveyoung.co.kr/store/goods/getGoodsDetail.do?goodsNo=A000000214907&dispCatNo=1000001001000010001&t_page=%EC%B9%B4%ED%85%8C%EA%B3%A0%EB%A6%AC%EA%B4%80&t_click=%ED%81%B4%EB%A0%8C%EC%A7%95%ED%8F%BC/%EC%A0%A4_%EC%A0%84%EC%B2%B4__%EC%83%81%ED%92%88%EC%83%81%EC%84%B8&t_number=10,"글리세린, 정제수, 소듐코코일이세티오네이트, 스위트아몬드씨드케이크, 소듐코코일글라이시네이트, 1,2-헥산다이올, 코코넛애씨드, 쌀가루, 향료, 카올린, 소듐이세티오네이트, 하이드록시프로필스타치포스페이트, 글리세릴스테아레이트, 사철쑥가루, 잔탄검, 덱스트린, 에틸헥실글리세린, 치자추출물, 리날룰, 녹차추출물, 히솝추출물, 구기자추출물, 버지니아풍년화추출물, 티트리추출물, 삼백초추출물, 병풀추출물, 쇠비름추출물, 마트리카리아꽃추출물, 무화과추출물, 귀리커넬추출물, 연꽃잎추출물, 가지열매추출물, 바다포도추출물, 바오밥나무열매추출물, 쑥잎추출물, 인삼추출물, 감초추출물, 커피콩추출물, 유칼립투스잎추출물, 쌀추출물 [프레시 로얄 로즈힙 클렌저]글리세린, 정제수, 소듐코코일이세티오네이트, 소듐코코일글라이시네이트, 스위트아몬드씨드케이크, 1,2-헥산다이올, 코코넛애씨드, 소듐메틸코코일타우레이트, 셀룰로오스, 쌀가루, 소듐이세티오네이트, 사과식이섬유, 글리세릴스테아레이트, 하이드록시프로필스타치포스페이트, 프로판다이올, 소듐클로라이드, 잔탄검, 향료, 치자추출물, 카프릴릴글라이콜, 덱스트린, 에틸헥실글리세린, 다이소듐이디티에이, 알로에베라잎추출물, 마트리카리아추출물, 로즈힙열매추출물(55ppm), 소듐코코일애플아미노산, 헥실렌글라이콜, 테트라소듐글루타메이트다이아세테이트 [프레시 로얄 블루히솝 클렌저]글리세린, 정제수, 소듐코코일이세티오네이트, 스위트아몬드씨드케이크, 소듐코코일글라이시네이트, 코코넛애씨드, 1,2-헥산다이올, 소듐메틸코코일타우레이트, 쌀가루, 향료, 카올린, 소듐이세티오네이트, 하이드록시프로필스타치포스페이트, 글리세릴스테아레이트, 잔탄검, 소듐클로라이드, 덱스트린, 에틸헥실글리세린, 치자추출물, 녹차추출물, 히솝추출물(1.05ppm)"
라로슈포제 에빠끌라 딥 클렌징 포밍 크림,라로슈포제,cleansing,cleansing,A000000250102,11,https://www.oliveyoung.co.kr/store/goods/getGoodsDetail.do?goodsNo=A000000250102&dispCatNo=1000001001000010001&t_page=%EC%B9%B4%ED%85%8C%EA%B3%A0%EB%A6%AC%EA%B4%80&t_click=%ED%81%B4%EB%A0%8C%EC%A7%95%ED%8F%BC/%EC%A0%A4_%EC%A0%84%EC%B2%B4__%EC%83%81%ED%92%88%EC%83%81%EC%84%B8&t_number=111,정제수 글리세린 미리스틱애씨드 포타슘하이드록사이드 글리세릴스테아레이트에스이 스테아릭애씨드 라우릭애씨드 팔미틱애씨드 코코-글루코사이드 테트라소듐이디티에이 살리실릭애씨드 향료
아벤느 클리낭스 클렌징 젤,아벤느,cleansing,cleansing,A000000216311,12,https://www.oliveyoung.co.kr/store/goods/getGoodsDetail.do?goodsNo=A000000216311&dispCatNo=1000001001000010001&t_page=%EC%B9%B4%ED%85%8C%EA%B3%A0%EB%A6%AC%EA%B4%80&t_click=%ED%81%B4%EB%A0%8C%EC%A7%95%ED%8F%BC/%EC%A0%A4_%EC%A0%84%EC%B2%B4__%EC%83%81%ED%92%88%EC%83%81%EC%84%B8&t_number=12,"아벤느 온천수(아쿠아),정제수,징크코세스설페이트,라우릴베타인,데실글루코사이드,세테아레스-60미리스틸글라이콜,피이지-7글리세릴코코에이트,폴리솔베이트 20,시트릭애씨드,조합향료,녹색201호,아이소프로필알코올,피이지-40하이드로제네이티드캐스터오일,피이지-6,피피지-26-부테스-26,흰무늬엉겅퀴열매추출물,소듐벤조에이트,소듐클로라이드,소듐하이드록사이드,트라이소듐에틸렌다이아민다이석시네이트,황색 4호,징크글루코네이트"
아누아 어성초 피지쏙 모공 폼,아누아,cleansing,cleansing,A000000222790,13,https://www.oliveyoung.co.kr/store/goods/getGoodsDetail.do?goodsNo=A000000222790&dispCatNo=1000001001000010001&t_page=%EC%B9%B4%ED%85%8C%EA%B3%A0%EB%A6%AC%EA%B4%80&t_click=%ED%81%B4%EB%A0%8C%EC%A7%95%ED%8F%BC/%EC%A0%A4_%EC%A0%84%EC%B2%B4__%EC%83%81%ED%92%88%EC%83%81%EC%84%B8&t_number=13,"약모밀꽃/잎/줄기수, 글리세린, 소듐코코일글라이시네이트, 정제수, 다이소듐코코암포다이아세테이트, 소듐라우로일글루타메이트, 글리세릴스테아레이트, 프로판다이올, 코코-글루코사이드, 소듐클로라이드, 데실글루코사이드, 헥토라이트, 1,2-헥산다이올, 하이드록시아세토페논, 살리실릭애씨드, 부틸렌글라이콜, 폴리쿼터늄-67, 약모밀가루, 아크릴레이트/C10-30알킬아크릴레이트크로스폴리머, 솔비톨, 에틸헥실글리세린, 유칼립투스잎오일, 헥실렌글라이콜, 달맞이꽃꽃추출물, 칡뿌리추출물, 대왕소나무잎추출물, 당느릅나무뿌리추출물, 펜틸렌글라이콜, 소듐하이알루로네이트, 하이알루로닉애씨드, 하이드롤라이즈드하이알루로닉애씨드, 하이드록시프로필트라이모늄하이알루로네이트, 하이드롤라이즈드소듐하이알루로네이트, 포타슘하이알루로네이트, 소듐하이알루로네이트크로스폴리머, 소듐아세틸레이티드하이알루로네이트, 쿼세틴"
이니스프리 화산송이 바하 모공 클렌징폼,이니스프리,cleansing,cleansing,A000000232913,14,https://www.oliveyoung.co.kr/store/goods/getGoodsDetail.do?goodsNo=A000000232913&dispCatNo=1000001001000010001&t_page=%EC%B9%B4%ED%85%8C%EA%B3%A0%EB%A6%AC%EA%B4%80&t_click=%ED%81%B4%EB%A0%8C%EC%A7%95%ED%8F%BC/%EC%A0%A4_%EC%A0%84%EC%B2%B4__%EC%83%81%ED%92%88%EC%83%81%EC%84%B8&t_number=15,"정제수, 글리세린, 미리스틱애씨드, 라우릭애씨드, 포타슘하이드록사이드, 카올린, 스테아릭애씨드, 글리세릴스테아레이트, 라우릴하이드록시설테인, 글라이콜다이스테아레이트, 팔미틱애씨드, 라우릴글루코사이드, 폴리쿼터늄-22, 향료, 살리실릭애씨드(5,000ppm), 실리카, 온천수, 징크피씨에이, 화산재(1,073ppm), 다이소듐이디티에이, 프로판다이올, 락틱애씨드/글라이콜릭애씨드코폴리머, 1,2-헥산다이올, 마데카소사이드, 폴리쿼터늄-10, 에틸헥실글리세린"
휩드 비건 팩클렌저,휩드,cleansing,cleansing,A000000217511,15,https://www.oliveyoung.co.kr/store/goods/getGoodsDetail.do?goodsNo=A000000217511&dispCatNo=1000001001000010001&t_page=%EC%B9%B4%ED%85%8C%EA%B3%A0%EB%A6%AC%EA%B4%80&t_click=%ED%81%B4%EB%A0%8C%EC%A7%95%ED%8F%BC/%EC%A0%A4_%EC%A0%84%EC%B2%B4__%EC%83%81%ED%92%88%EC%83%81%EC%84%B8&t_number=16,"글리세린, 소듐코코일이세티오네이트, 정제수, 코코넛애씨드, 나이아신아마이드, 1,2-헥산다이올, 세테아릴알코올, 코코-베타인, 미리스틱애씨드, 소듐이세티오네이트, 스테아릭애씨드, 부틸렌글라이콜, 소듐라우로일글루타메이트, 팔미틱애씨드, 소듐코코일글루타메이트, 소듐클로라이드, 살리실릭애씨드, 쑥잎가루, 병풀추출물, 사철쑥추출물, 마데카소사이드, 아시아티코사이드, 마데카식애씨드, 아시아틱애씨드, 세라마이드엔피, 폴리쿼터늄-67, 치자추출물, 잔탄검, 포트마리골드추출물, 하이드로제네이티드레시틴, 소듐하이알루로네이트, 소듐아세테이트,덱스트린, 티트리잎오일, 향료, 리모넨, 시트로넬올, 제라니올, 시트랄, 리날룰"
닥터지 약산성 클렌징 젤 폼,닥터지,cleansing,cleansing,A000000148023,16,https://www.oliveyoung.co.kr/store/goods/getGoodsDetail.do?goodsNo=A000000148023&dispCatNo=1000001001000010001&t_page=%EC%B9%B4%ED%85%8C%EA%B3%A0%EB%A6%AC%EA%B4%80&t_click=%ED%81%B4%EB%A0%8C%EC%A7%95%ED%8F%BC/%EC%A0%A4_%EC%A0%84%EC%B2%B4__%EC%83%81%ED%92%88%EC%83%81%EC%84%B8&t_number=17,"정제수, 글리세린, 다이소듐코코암포다이아세테이트, 다이소듐코코일글루타메이트, 시트릭애씨드, 하이드록시프로필스타치포스페이트, 아크릴레이트/C10-30알킬아크릴레이트크로스폴리머, 카프릴릴글라이콜, 1,2-헥산다이올, 소듐메틸올레오일타우레이트, 코코-베타인, 글리세릴카프릴레이트, 코코-글루코사이드, 에틸헥실글리세린, 다이소듐이디티에이, 부틸렌글라이콜, 락토바실러스, 류코노스톡/무발효여과물, 비피다발효용해물, 스트렙토코쿠스 테르모필루스발효물, 토코페롤, 폴리글리세릴-10올리에이트, 프룩토올리고사카라이드, 하이드로제네이티드레시틴, 올리브오일불검화물, 돌콩오일불검화물, 밀배아오일불검화물, 꽃가루추출물"
에스네이처 아쿠아 라이스 약산성 클렌징폼,에스네이처,cleansing,cleansing,A000000250762,17,https://www.oliveyoung.co.kr/store/goods/getGoodsDetail.do?goodsNo=A000000250762&dispCatNo=1000001001000010001&t_page=%EC%B9%B4%ED%85%8C%EA%B3%A0%EB%A6%AC%EA%B4%80&t_click=%ED%81%B4%EB%A0%8C%EC%A7%95%ED%8F%BC/%EC%A0%A4_%EC%A0%84%EC%B2%B4__%EC%83%81%ED%92%88%EC%83%81%EC%84%B8&t_number=18,"정제수, 글리세린, 소듐코코일글라이시네이트, 솔비톨, 소듐라우로일글루타메이트, 1,2-헥산다이올, 다이소듐코코암포다이아세테이트, 쌀추출물(4,180ppm), 당호박추출물, 팥추출물, 라우릴베타인, 쌀가루(10ppb), 부틸렌글라이콜, 토코페롤, 소듐클로라이드, 하이드록시프로필스타치포스페이트, 아크릴레이트/C10-30알킬아크릴레이트크로스폴리머, 폴리쿼터늄-22, 헥실렌글라이콜,에틸헥실글리세린, 하이드록시아세토페논, 시트릭애씨드"
에스트라 아토베리어365 클렌징폼,에스트라,cleansing,cleansing,A000000245046,18,https://www.oliveyoung.co.kr/store/goods/getGoodsDetail.do?goodsNo=A000000245046&dispCatNo=1000001001000010001&t_page=%EC%B9%B4%ED%85%8C%EA%B3%A0%EB%A6%AC%EA%B4%80&t_click=%ED%81%B4%EB%A0%8C%EC%A7%95%ED%8F%BC/%EC%A0%A4_%EC%A0%84%EC%B2%B4__%EC%83%81%ED%92%88%EC%83%81%EC%84%B8&t_number=19,"정제수, 글리세린, 포타슘코코일글리시네이트, 소듐라우로일글루타메이트, 글리세릴스테아레이트, 글라이콜다이스테아레이트, 소듐코코일글라이시네이트, 라우릴하이드록시설테인, 시트릭애씨드, 코코-글루코사이드, 데실글루코사이드, 베타인, 하이드록시프로필스타치포스페이트, 판테놀, 소듐클로라이드, 카프릴릴글라이콜, 소듐메타포스페이트, 글리세릴카프릴레이트, 하이드록시프로필구아하이드록시프로필트라이모늄클로라이드, 스핑고모나스발효추출물, 에틸헥실글리세린, 징크클로라이드, 만니톨, 세틸-피지하이드록시에틸팔미타마이드, 스테아릭애씨드, 세라마이드엔피, 하이드로제네이티드레시틴, 토코페롤, 실리카, 콜레스테롤, 스핑고리피드, 소듐하이알루로네이트, 하이드록시프로필메틸셀룰로오스"
메디힐 더마 크림 팩클렌저,메디힐,cleansing,cleansing,A000000237394,19,https://www.oliveyoung.co.kr/store/goods/getGoodsDetail.do?goodsNo=A000000237394&dispCatNo=1000001001000010001&t_page=%EC%B9%B4%ED%85%8C%EA%B3%A0%EB%A6%AC%EA%B4%80&t_click=%ED%81%B4%EB%A0%8C%EC%A7%95%ED%8F%BC/%EC%A0%A4_%EC%A0%84%EC%B2%B4__%EC%83%81%ED%92%88%EC%83%81%EC%84%B8&t_number=20,"글리세린, 정제수, 소듐코코일글라이시네이트, 라우릴하이드록시설테인, 코코-글루코사이드, 병풀잎추출물, 서양배추출물, 연필향나무오일, 다마스크장미꽃수, 멜론추출물, 오리스뿌리추출물, 호호바씨오일, 서양송악잎/줄기추출물, 카카오추출물, 광곽향오일, 불가리스쑥오일, 퀼라자껍질추출물, 로즈마리잎오일, 소듐하이알루로네이트, 백미꽃추출물, 접시꽃추출물, 병풀추출물, 1,2-헥산다이올, 카프릴릴글라이콜, 글루코노락톤, 헥토라이트, 하이드록시프로필스타치포스페이트, 펜틸렌글라이콜, 소듐라우로일글루타메이트, 시트릭애씨드, 아크릴레이트/C10-30알킬아크릴레이트크로스폴리머, 데실글루코사이드, 폴리쿼터늄-7, 덱스트린, 소듐코코일이세티오네이트, 소듐클로라이드, 소듐폴리아크릴레이트, 프로판다이올, 소듐파이테이트, 폴리글리세릴-10아이소스테아레이트, 폴리글리세릴-10올리에이트, 부틸렌글라이콜, 나이아신아마이드, 판테놀, 마데카소사이드, 에틸헥실글리세린, 소듐벤조에이트, 치자추출물"
메이크프렘 세이프 미 릴리프 모이스처 클렌징폼,메이크프렘,cleansing,cleansing,A000000113670,20,https://www.oliveyoung.co.kr/store/goods/getGoodsDetail.do?goodsNo=A000000113670&dispCatNo=1000001001000010001&t_page=%EC%B9%B4%ED%85%8C%EA%B3%A0%EB%A6%AC%EA%B4%80&t_click=%ED%81%B4%EB%A0%8C%EC%A7%95%ED%8F%BC/%EC%A0%A4_%EC%A0%84%EC%B2%B4__%EC%83%81%ED%92%88%EC%83%81%EC%84%B8&t_number=21,"정제수, 소듐코코일이세티오네이트, 글리세린, 소듐메틸코코일타우레이트, 베타인, 판테놀, 라즈베리추출물, 쓴박하추출물, 소듐하이알루로네이트, 바오밥나무열매추출물, 코코-베타인, 포타슘코코일글리시네이트, 포타슘벤조에이트, 소듐클로라이드, 폴리쿼터늄-67, 포타슘코코에이트, 소듐아세테이트, 1,2-헥산다이올, 에틸헥실글리세린, 시트릭애씨드, 다이소듐이디티에이, 로즈마리잎오일, 다이프로필렌글라이콜"
라운드랩 1025 독도 클렌저,라운드랩,cleansing,cleansing,A000000154644,21,https://www.oliveyoung.co.kr/store/goods/getGoodsDetail.do?goodsNo=A000000154644&dispCatNo=1000001001000010001&t_page=%EC%B9%B4%ED%85%8C%EA%B3%A0%EB%A6%AC%EA%B4%80&t_click=%ED%81%B4%EB%A0%8C%EC%A7%95%ED%8F%BC/%EC%A0%A4_%EC%A0%84%EC%B2%B4__%EC%83%81%ED%92%88%EC%83%81%EC%84%B8&t_number=22,"정제수, 소듐코코일이세티오네이트, 글리세린, 소듐메틸코코일타우레이트, 코코-베타인, 포타슘코코일글리시네이트, 포타슘벤조에이트, 소듐클로라이드, 폴리쿼터늄-67, 포타슘코코에이트, 시트릭애씨드, 프룩토올리고사카라이드, 사카라이드하이드롤리세이트, 다이소듐이디티에이, 풀루란, 1,2-헥산다이올, 알란토인, 판테놀, 해수, 소듐아세테이트, 부틸렌글라이콜, 마트리카리아꽃오일, 카프릴릭/카프릭트라이글리세라이드, 베타-글루칸, 포스파티딜콜린, 하이알루로닉애씨드, 에틸헥실글리세린, 세라마이드엔피, 글라이신, 하이드롤라이즈드하이알루로닉애씨드, 글루타믹애씨드, 세린, 소듐하이알루로네이트, 라이신, 알라닌, 알지닌, 트레오닌, 프롤린"
션리 다시마 앰플 클렌징폼,션리,cleansing,cleansing,A000000233335,22,https://www.oliveyoung.co.kr/store/goods/getGoodsDetail.do?goodsNo=A000000233335&dispCatNo=1000001001000010001&t_page=%EC%B9%B4%ED%85%8C%EA%B3%A0%EB%A6%AC%EA%B4%80&t_click=%ED%81%B4%EB%A0%8C%EC%A7%95%ED%8F%BC/%EC%A0%A4_%EC%A0%84%EC%B2%B4__%EC%83%81%ED%92%88%EC%83%81%EC%84%B8&t_number=23,"정제수, 글리세린, 다시마즙 (10%), 미리스틱애씨드, 팔미틱애씨드, 스테아릭애씨드, 라우릭애씨드, 포타슘하이드록사이드, 솔비톨, 코카미도프로필베타인, 글리세릴스테아레이트, 다시마가루 (1%), 합성비즈왁스, 솔비탄올리베이트, 1,2-헥산다이올, 소듐폴리아크릴레이트, 소듐클로라이드, 향료, 폴리쿼터늄-7, 살리실릭애씨드, 아라키딕애씨드, 다이소듐이디티에이, 소듐벤조에이트, 석시닉애씨드, 부틸렌글라이콜, 블랙윌로우나무껍질추출물, 소듐하이알루로네이트, 숯추출물, 하이드록시프로필트라이모늄하이알루로네이트, 하이드롤라이즈드하이알루로닉애씨드, 소듐아세틸레이티드하이알루로네이트, 하이알루로닉애씨드, 하이드롤라이즈드소듐하이알루로네이트, 소듐하이알루로네이트크로스폴리머, 포타슘하이알루로네이트"
라곰 셀럽 마이크로 폼 클렌저,라곰,cleansing,cleansing,A000000145581,23,https://www.oliveyoung.co.kr/store/goods/getGoodsDetail.do?goodsNo=A000000145581&dispCatNo=1000001001000010001&t_page=%EC%B9%B4%ED%85%8C%EA%B3%A0%EB%A6%AC%EA%B4%80&t_click=%ED%81%B4%EB%A0%8C%EC%A7%95%ED%8F%BC/%EC%A0%A4_%EC%A0%84%EC%B2%B4__%EC%83%81%ED%92%88%EC%83%81%EC%84%B8&t_number=24,"정제수, 글리세린, 팔미틱애씨드, 라우릭애씨드, 스테아릭애씨드, 피이지-32, 포타슘하이드록사이드, 미리스틱애씨드, 글리세릴스테아레이트, 부틸렌글라이콜,코카미도프로필베타인, 포타슘코코일글리시네이트, 피이지-100스테아레이트, 비누풀잎추출물, 무환자추출물, 말토덱스트린 , 하이드롤라이즈드식물성단백질, 코코넛애씨드, 우레아, 하이드록시에틸우레아, 소듐클로라이드, 오렌지오일, 아라키딕애씨드, 라벤더오일, 와일드제라늄오일, 베르가모트오일, 단향오일, 장미꽃오일, 마트리카리아꽃오일, 벤조인나무검, 몰약오일, 다이소듐이디티에이, 페녹시에탄올, 클로페네신, 카프릴릴글라이콜, 에틸헥실글리세린, 리모넨, 리날룰"
마녀공장 퓨어 소이빈 클렌징오일,마녀공장,cleansing,cleansing,A000000207444,1,https://www.oliveyoung.co.kr/store/goods/getGoodsDetail.do?goodsNo=A000000207444&dispCatNo=100000100100004&t_page=%EC%B9%B4%ED%85%8C%EA%B3%A0%EB%A6%AC%EA%B4%80&t_click=%EC%98%A4%EC%9D%BC/%EB%B0%A4_%EC%A0%84%EC%B2%B4__%EC%83%81%ED%92%88%EC%83%81%EC%84%B8&t_number=1,"돌콩오일, 유럽개암씨오일, 솔베스-30테트라올리에이트 , 포도씨오일, 식물성오일, 올리브오일, 카프릴릭/카프릭트라이글리세라이드, 오렌지껍질오일, 올리브껍질오일, 호호바씨오일, 라벤더오일 , 식물성스쿠알란, 티트리잎오일, 정제수, 부틸렌글라이콜, 토코페롤, 해바라기씨오일, 달맞이꽃오일, 동백나무씨오일, 바바수씨오일, 쌀겨오일, 아르간커넬오일, 아이소아밀라우레이트, 알로에베라잎추출물, 글리세린, 데실글루코사이드, 은행나무잎추출물 , 비누풀잎추출물, 말토덱스트린, 녹차추출물, 1,2-헥산다이올, 쌀발효여과물, 리모넨, 리날룰"
비플레인 녹두 클렌징오일,비플레인,cleansing,cleansing,A000000249800,2,https://www.oliveyoung.co.kr/store/goods/getGoodsDetail.do?goodsNo=A000000249800&dispCatNo=100000100100004&t_page=%EC%B9%B4%ED%85%8C%EA%B3%A0%EB%A6%AC%EA%B4%80&t_click=%EC%98%A4%EC%9D%BC/%EB%B0%A4_%EC%A0%84%EC%B2%B4__%EC%83%81%ED%92%88%EC%83%81%EC%84%B8&t_number=2,"에틸헥실팔미테이트, 세틸에틸헥사노에이트, 솔베스-30테트라올리에이트, 솔비탄세스퀴올리에이트, 녹차씨오일, 정제수, 부틸렌글라이콜, 폴리글리세릴-3폴리리시놀리에이트, 치자추출물, 잇꽃꽃추출물, 1,2-헥산다이올, 녹두추출물(10ppm), 녹두싹추출물(10ppm), 녹두씨추출물(10ppm), 녹두전초추출물(10ppm), 판테놀, 알란토인"
아누아 어성초 포어 컨트롤 클렌징오일,아누아,cleansing,cleansing,A000000191483,3,https://www.oliveyoung.co.kr/store/goods/getGoodsDetail.do?goodsNo=A000000191483&dispCatNo=100000100100004&t_page=%EC%B9%B4%ED%85%8C%EA%B3%A0%EB%A6%AC%EA%B4%80&t_click=%EC%98%A4%EC%9D%BC/%EB%B0%A4_%EC%A0%84%EC%B2%B4__%EC%83%81%ED%92%88%EC%83%81%EC%84%B8&t_number=3,"에틸헥실팔미테이트, 솔베스-30테트라올리에이트, 솔비탄세스퀴올리에이트, 카프릴릭/카프릭트라이글리세라이드, 부틸아보카데이트, 향료, 해바라기씨오일, 마카다미아씨오일, 올리브오일, 호호바씨오일, 포도씨오일, 카프릴릴글라이콜, 에틸헥실글리세린, 울금뿌리추출물, 인도멀구슬나무꽃추출물, 토코페롤, 인도멀구슬나무잎추출물, 약모밀추출물, 참산호말추출물, 인도멀구슬나무껍질추출물, 드럼스틱씨오일, 홀리바질잎추출물"
마몽드 어메이징 딥 민트 클렌징밤,마몽드,cleansing,cleansing,A000000198831,4,https://www.oliveyoung.co.kr/store/goods/getGoodsDetail.do?goodsNo=A000000198831&dispCatNo=100000100100004&t_page=%EC%B9%B4%ED%85%8C%EA%B3%A0%EB%A6%AC%EA%B4%80&t_click=%EC%98%A4%EC%9D%BC/%EB%B0%A4_%EC%A0%84%EC%B2%B4__%EC%83%81%ED%92%88%EC%83%81%EC%84%B8&t_number=4,"세틸에틸헥사노에이트, 아이소프로필팔미테이트, 피이지-20글리세릴트라이아이소스테아레이트, 카프릴릭/카프릭트라이글리세라이드, 트라이에틸헥사노인, 피이지-8아이소스테아레이트, 해바라기씨오일, 합성왁스, C9-12알케인, 정제수, 향료, 코코-카프릴레이트/카프레이트, 살리실릭애씨드, 시트릭애씨드, 글루코노락톤, 리모넨, 프로판다이올, 헥실신남알, 에탄올, 리날룰, 1,2-헥산다이올, 클로로필린-카퍼컴플렉스, 약모밀추출물, 비니거(10ppm), 고추추출물, 병풀꽃/잎/줄기추출물, 에틸헥실글리세린, 베타-카로틴, 다이소듐이디티에이, 토코페롤"
프리메라 마일드 앤 퍼펙트 클렌징 오일 투 폼,프리메라,cleansing,cleansing,A000000231315,5,https://www.oliveyoung.co.kr/store/goods/getGoodsDetail.do?goodsNo=A000000231315&dispCatNo=100000100100004&t_page=%EC%B9%B4%ED%85%8C%EA%B3%A0%EB%A6%AC%EA%B4%80&t_click=%EC%98%A4%EC%9D%BC/%EB%B0%A4_%EC%A0%84%EC%B2%B4__%EC%83%81%ED%92%88%EC%83%81%EC%84%B8&t_number=5,"정제수, 글리세린, 다이프로필렌글라이콜, 라우릴베타인, 포타슘코코일글리시네이트, 라우릴글루코사이드, 폴리글리세릴-6카프릴레이트, 다이소듐코코암포다이아세테이트, 1,2-헥산다이올, 라우릴하이드록시설테인, 코코-글루코사이드, 폴리글리세릴-10라우레이트, 아크릴레이트코폴리머, 소듐클로라이드, 데실글루코사이드, 피피지-7, 향료, 카프릴릭/카프릭트라이글리세라이드, 호호바씨오일, 폴리글리세릴-10다이아이소스테아레이트, 에틸헥실글리세린, 알지닌, 아스파틱애씨드, 글루타믹애씨드, 콩폴리펩타이드, 덱스트린, 카카오추출물, 토코페롤"
바닐라코 클린잇제로 오리지널 클렌징밤,바닐라코,cleansing,cleansing,A000000202675,6,https://www.oliveyoung.co.kr/store/goods/getGoodsDetail.do?goodsNo=A000000202675&dispCatNo=100000100100004&t_page=%EC%B9%B4%ED%85%8C%EA%B3%A0%EB%A6%AC%EA%B4%80&t_click=%EC%98%A4%EC%9D%BC/%EB%B0%A4_%EC%A0%84%EC%B2%B4__%EC%83%81%ED%92%88%EC%83%81%EC%84%B8&t_number=6,"세틸에틸헥사노에이트, 에틸헥실스테아레이트, 피이지-20글리세릴트라이아이소스테아레이트, 피이지-10아이소스테아레이트, 합성왁스, 올리브오일, 1,2-헥산다이올, 부틸렌글라이콜, 정제수, 아세로라추출물, 향료, 지치뿌리추출물, 호호바씨오일, 온천수, 석류추출물, 크랜베리추출물, 락토바실러스발효물, 아스코빅애씨드"
닥터지 그린딥 포어 클렌징밤,닥터지,cleansing,cleansing,A000000207640,7,https://www.oliveyoung.co.kr/store/goods/getGoodsDetail.do?goodsNo=A000000207640&dispCatNo=100000100100004&t_page=%EC%B9%B4%ED%85%8C%EA%B3%A0%EB%A6%AC%EA%B4%80&t_click=%EC%98%A4%EC%9D%BC/%EB%B0%A4_%EC%A0%84%EC%B2%B4__%EC%83%81%ED%92%88%EC%83%81%EC%84%B8&t_number=7,"세틸에틸헥사노에이트, 에틸헥실팔미테이트, 피이지-20글리세릴트라이아이소스테아레이트, 합성왁스, 카프릴릭/카프릭트라이글리세라이드, 해바라기씨오일, 솔비탄세스퀴올리에이트, 칸디다 봄비콜라/글루코오스/메틸레이프씨데이트발효물, 포도씨오일, 향료, 하이드로제네이티드폴리(C6-20 올레핀), 트라이에틸헥사노인, 에틸헥실글리세린, 에이치디아이/트라이메틸올헥실락톤크로스폴리머, 인도멀구슬나무잎추출물, 돌콩오일, 인도멀구슬나무꽃추출물, 녹차씨오일, 마카다미아씨오일, 아이비고드열매추출물, 정제수, 가지열매추출물, 호박가루, 아나토씨오일, 부틸렌글라이콜, 돌콩스테롤, 울금뿌리추출물, 홀리바질잎추출물, 헥실라우레이트, 드럼스틱씨오일, 참산호말추출물, 토코페롤, 부틸아보카데이트, 아보카도오일, 비누풀잎추출물, 퀼라자껍질추출물, 세테아릴알코올, 흰버드나무껍질추출물, 아스코빌팔미테이트, 하이드로제네이티드팜글리세라이즈시트레이트"
바닐라코 클린잇제로 포어클래리파잉 클렌징밤,바닐라코,cleansing,cleansing,A000000202678,8,https://www.oliveyoung.co.kr/store/goods/getGoodsDetail.do?goodsNo=A000000202678&dispCatNo=100000100100004&t_page=%EC%B9%B4%ED%85%8C%EA%B3%A0%EB%A6%AC%EA%B4%80&t_click=%EC%98%A4%EC%9D%BC/%EB%B0%A4_%EC%A0%84%EC%B2%B4__%EC%83%81%ED%92%88%EC%83%81%EC%84%B8&t_number=8,"세틸에틸헥사노에이트, 에틸헥실스테아레이트, 피이지-20글리세릴트라이아이소스테아레이트, 피이지-10아이소스테아레이트, 합성왁스, 호호바씨오일, 1,2-헥산다이올, 부틸렌글라이콜, 정제수, 티트리추출물, 향료, 온천수, 잇꽃꽃추출물, 치자추출물, 카프릴로일살리실릭애씨드, 살리실릭애씨드, 덱스트린, 티트리잎오일, 시트릭애씨드, 글루코놀락톤, 락토바실러스발효물, 4-터피네올"
티스 딥오프 오일,티스,cleansing,cleansing,A000000184371,9,https://www.oliveyoung.co.kr/store/goods/getGoodsDetail.do?goodsNo=A000000184371&dispCatNo=100000100100004&t_page=%EC%B9%B4%ED%85%8C%EA%B3%A0%EB%A6%AC%EA%B4%80&t_click=%EC%98%A4%EC%9D%BC/%EB%B0%A4_%EC%A0%84%EC%B2%B4__%EC%83%81%ED%92%88%EC%83%81%EC%84%B8&t_number=9,"미네랄오일, 에틸헥실팔미테이트 , 트라이에틸헥사노인 , 솔베스-30테트라아이소스테아레이트, 아이소도데케인, 피이지-20글리세릴트라이아이소스테아레이트 , 비에이치티 , 테트라하이드록시프로필에틸렌다이아민, 정제수 , 토코페롤"
한스킨 클렌징오일&블랙헤드 PHA,한스킨,cleansing,cleansing,A000000228836,10,https://www.oliveyoung.co.kr/store/goods/getGoodsDetail.do?goodsNo=A000000228836&dispCatNo=100000100100004&t_page=%EC%B9%B4%ED%85%8C%EA%B3%A0%EB%A6%AC%EA%B4%80&t_click=%EC%98%A4%EC%9D%BC/%EB%B0%A4_%EC%A0%84%EC%B2%B4__%EC%83%81%ED%92%88%EC%83%81%EC%84%B8&t_number=12,"카프릴릭/카프릭트라이글리세라이드, 에틸헥실팔미테이트, 해바라기씨오일, 세틸에틸헥사노에이트, 피이지-20글리세릴트라이아이소스테아레이트, 아이소프로필팔미테이트, 폴리글리세릴-2트라이아이소스테아레이트, 리모넨, 카프릴릴글라이콜, 에틸헥실글리세린, 레몬껍질오일, 정제수, 오렌지껍질오일, 글루코노락톤(100 ppm), 자몽껍질오일, 부틸렌글라이콜, 보리지씨오일, 호동씨오일, 메도우폼씨오일, 호호바씨오일, 포도씨오일, 티트리잎오일, 동백나무꽃 추출물, 동백나무씨추출물, 베타인, 비타민나무열매오일, 1,2-헥산다이올, 동백나무씨오일, 글라이신, 세린, 글루타믹애씨드, 보스웰리아추출물, 마트리카리아꽃추출물, 아스파틱애씨드, 류신, 알라닌, 라이신, 알지닌, 타이로신, 페닐알라닌, 프롤린, 트레오닌, 발린, 아이소류신, 히스티딘, 시스테인, 메티오닌, 감나무잎추출물, 포도추출물, 잇꽃꽃추출물, 커피콩추출물, 호장근뿌리추출물, 녹차추출물, 밤껍질추출물, 초피나무열매추출물, 숯가루, 구아이아줄렌"
넘버즈인 3번 보들보들 모공결 클렌징 오일,넘버즈인,cleansing,cleansing,A000000250980,11,https://www.oliveyoung.co.kr/store/goods/getGoodsDetail.do?goodsNo=A000000250980&dispCatNo=100000100100004&t_page=%EC%B9%B4%ED%85%8C%EA%B3%A0%EB%A6%AC%EA%B4%80&t_click=%EC%98%A4%EC%9D%BC/%EB%B0%A4_%EC%A0%84%EC%B2%B4__%EC%83%81%ED%92%88%EC%83%81%EC%84%B8&t_number=13,"세틸에틸헥사노에이트, 부틸렌글라이콜다이카프릴레이트/다이카프레이트, 폴리글리세릴-10다이아이소스테아레이트, 다이카프릴릴에터, 폴리글리세릴-6다이카프레이트, 글리세린, 메도우폼씨오일, 비피다발효용해물, 갈락토미세스발효여과물, 쌀배아오일, 바쿠치올, 락토바실러스발효용해물, 칸디다 봄비콜라/글루코오스/메틸레이프씨데이트발효물, 프로테아제, 파파인, 리파아제, 서브틸리신, 아밀라아제, 부틸렌글라이콜, 스테아로일이눌린, 1,2-헥산다이올, 오렌지껍질오일, 라벤더오일, 로즈마리잎오일, 아틀라스시다나무껍질오일, 카프릴릴글라이콜, 하이드로제네이티드레시틴, 사이클로덱스트린, 글루코오스, 트로폴론, 하이드롤라이즈드콜라겐, 락토오스, 글리세릴베헤네이트/에이코사디오에이트, 말토덱스트린, 정제수, 리모넨"
에이프릴스킨 당근클렌징밤,에이프릴스킨,cleansing,cleansing,A000000202472,12,https://www.oliveyoung.co.kr/store/goods/getGoodsDetail.do?goodsNo=A000000202472&dispCatNo=100000100100004&t_page=%EC%B9%B4%ED%85%8C%EA%B3%A0%EB%A6%AC%EA%B4%80&t_click=%EC%98%A4%EC%9D%BC/%EB%B0%A4_%EC%A0%84%EC%B2%B4__%EC%83%81%ED%92%88%EC%83%81%EC%84%B8&t_number=14,"에틸헥실팔미테이트, 솔베스-30테트라올리에이트, 합성왁스, 다이펜타에리스리틸헥사C5-9애씨드에스터, 폴리글리세릴-6다이카프레이트, 글리세린, 솔비톨, 오렌지꽃오일, 리씨열매오일, 자몽껍질오일, 베르가모트오일, 리모넨, 해바라기씨오일, 리날룰, 수크로오스스테아레이트, 카프릴릭/카프릭트라이글리세라이드, 글리세릴스테아레이트, 스피어민트잎오일, 바추잎잎추출물, 베타-카로틴, o-사이멘-5-올(이소프로필메칠페놀), 토코페롤, 정제수, 부틸렌글라이콜, 당근수, 1,2-헥산다이올, 당근추출물, 당근씨오일"
넘버즈인 1번 말끔 순삭 클렌징 오일,넘버즈인,cleansing,cleansing,A000000165797,13,https://www.oliveyoung.co.kr/store/goods/getGoodsDetail.do?goodsNo=A000000165797&dispCatNo=100000100100004&t_page=%EC%B9%B4%ED%85%8C%EA%B3%A0%EB%A6%AC%EA%B4%80&t_click=%EC%98%A4%EC%9D%BC/%EB%B0%A4_%EC%A0%84%EC%B2%B4__%EC%83%81%ED%92%88%EC%83%81%EC%84%B8&t_number=15,"옥수수오일, 아이소프로필미리스테이트, 솔베스-30테트라올리에이트, 에틸헥실팔미테이트, 카프릴릭/카프릭트라이글리세라이드, 다이아이소스테아릴말레이트, 솔비탄세스퀴올리에이트, 퀸즈랜드넛오일, 기름골뿌리오일, 해바라기씨오일, 정제수, 토코페릴아세테이트, 향료"
에스네이처 아쿠아 라이스 클렌징오일,에스네이처,cleansing,cleansing,A000000241733,14,https://www.oliveyoung.co.kr/store/goods/getGoodsDetail.do?goodsNo=A000000241733&dispCatNo=100000100100004&t_page=%EC%B9%B4%ED%85%8C%EA%B3%A0%EB%A6%AC%EA%B4%80&t_click=%EC%98%A4%EC%9D%BC/%EB%B0%A4_%EC%A0%84%EC%B2%B4__%EC%83%81%ED%92%88%EC%83%81%EC%84%B8&t_number=16,"세틸에틸헥사노에이트, 솔베스-30테트라올리에이트, 카프릴릭/카프릭트라이글리세라이드, 해바라기씨오일, 쌀겨오일(1,000ppm), 락토바실러스/소이밀크발효여과물, 카프릴로일살리실릭애씨드,효모/쌀발효여과물(93ppm), 비누풀잎추출물, 토코페롤, 부틸렌글라이콜, 펜틸렌글라이콜, 정제수, 카프릴릴글라이콜, 1,2-헥산다이올"
바이오더마 센시비오 미셀라 클렌징 오일,바이오더마,cleansing,cleansing,A000000184908,15,https://www.oliveyoung.co.kr/store/goods/getGoodsDetail.do?goodsNo=A000000184908&dispCatNo=100000100100004&t_page=%EC%B9%B4%ED%85%8C%EA%B3%A0%EB%A6%AC%EA%B4%80&t_click=%EC%98%A4%EC%9D%BC/%EB%B0%A4_%EC%A0%84%EC%B2%B4__%EC%83%81%ED%92%88%EC%83%81%EC%84%B8&t_number=18,"에틸헥실팔미테이트, 유채씨오일, 폴리글리세릴-4올리에이트, 정제수, 소듐피씨에이, 프로판다이올, 카프릴릭/카프릭트라이글리세라이드, 벤조트라이아졸릴도데실p-크레솔, 토코페롤, 해바라기씨오일, 라미나리아 오크롤레우카추출물, 스테아릴글리시레티네이트"
비플레인 녹두 모공 클렌징 밀크밤,비플레인,cleansing,cleansing,A000000225801,16,https://www.oliveyoung.co.kr/store/goods/getGoodsDetail.do?goodsNo=A000000225801&dispCatNo=100000100100004&t_page=%EC%B9%B4%ED%85%8C%EA%B3%A0%EB%A6%AC%EA%B4%80&t_click=%EC%98%A4%EC%9D%BC/%EB%B0%A4_%EC%A0%84%EC%B2%B4__%EC%83%81%ED%92%88%EC%83%81%EC%84%B8&t_number=19,"에틸헥실팔미테이트,해바라기씨오일,폴리글리세릴-10다이아이소스테아레이트,폴리글리세릴-6다이카프레이트,폴리에틸렌,세테아릴알코올,다이프로필렌글라이콜,티타늄디옥사이드,카프릴릭/카프릭트라이글리세라이드,녹두추출물,녹차씨오일,인도멀구슬나무잎추출물,알루미늄하이드록사이드,카프릴로일살리실릭애씨드,비타민나무열매오일,인도멀구슬나무꽃추출물,아이비고드열매추출물,정제수,가지열매추출물,호박가루,세라마이드엔피,글루코노락톤, 울금뿌리추출물,홀리바질잎추출물,글리세린,참산호말추출물,드럼스틱씨오일,부틸렌글라이콜,1,2-헥산다이올,락토바실러스/소이밀크발효여과물,하이드로제네이티드레시틴,아시아티코사이드,마데카식애씨드,아시아틱애씨드,콜레스테롤"
메이크프렘 세이프 미 릴리프 모이스처 클렌징오일,메이크프렘,cleansing,cleansing,A000000174062,17,https://www.oliveyoung.co.kr/store/goods/getGoodsDetail.do?goodsNo=A000000174062&dispCatNo=100000100100004&t_page=%EC%B9%B4%ED%85%8C%EA%B3%A0%EB%A6%AC%EA%B4%80&t_click=%EC%98%A4%EC%9D%BC/%EB%B0%A4_%EC%A0%84%EC%B2%B4__%EC%83%81%ED%92%88%EC%83%81%EC%84%B8&t_number=20,"해바라기씨오일, 살구씨오일, 카프릴릭/카프릭트라이글리세라이드, 아이소프로필미리스테이트, 옥틸도데칸올, 에톡시다이글라이콜, 솔베스-30테트라올리에이트, 피마자씨오일, 세틸에틸헥사노에이트, 호호바씨오일, 블랙윌로우나무껍질추출물, 유향나무오일, 토코페롤, 정제수"
포들 2엑스 프레시밤 밤투폼,포들,cleansing,cleansing,A000000230421,18,https://www.oliveyoung.co.kr/store/goods/getGoodsDetail.do?goodsNo=A000000230421&dispCatNo=100000100100004&t_page=%EC%B9%B4%ED%85%8C%EA%B3%A0%EB%A6%AC%EA%B4%80&t_click=%EC%98%A4%EC%9D%BC/%EB%B0%A4_%EC%A0%84%EC%B2%B4__%EC%83%81%ED%92%88%EC%83%81%EC%84%B8&t_number=21,"글리세린, 정제수, 소듐코코일이세티오네이트, 부틸렌글라이콜, 소듐스테아레이트, 팔미틱애씨드, 스테아릭애씨드, 코코-글루코사이드, 1,2-헥산다이올, 글리세릴스테아레이트, 소듐클로라이드, 소듐스위트아몬드암포아세테이트, 에틸헥실글리세린, 오일팜오일, 피토스테릴/옥틸도데실라우로일글루타메이트, 옥수수배아유, 덱스트린, 카카오씨추출물, 향료, 카프릴릭/카프릭트라이글리세라이드, 하이드로제네이티드레시틴, 모란뿌리추출물, 병풀추출물, 무화과추출물, 베타-글루칸, 토코페롤, 세라마이드엔피, 밤껍질추출물, 펜타에리스리틸테트라-다이-t-부틸하이드록시하이드로신나메이트, 살리실릭애씨드, 시트릭애씨드, 카프릴로일살리실릭애씨드"
라곰 저자극 마이크로 포어  클렌징 오일,라곰,cleansing,cleansing,A000000230497,19,https://www.oliveyoung.co.kr/store/goods/getGoodsDetail.do?goodsNo=A000000230497&dispCatNo=100000100100004&t_page=%EC%B9%B4%ED%85%8C%EA%B3%A0%EB%A6%AC%EA%B4%80&t_click=%EC%98%A4%EC%9D%BC/%EB%B0%A4_%EC%A0%84%EC%B2%B4__%EC%83%81%ED%92%88%EC%83%81%EC%84%B8&t_number=23,"에틸헥실팔미테이트, 세틸에틸헥사노에이트, 솔베스-30테트라올리에이트, 카프릴릭/카프릭트라이글리세라이드, 정제수, 카프릴릴글라이콜, 향료, 올레일알코올, 올리브오일, 에틸헥실글리세린, 카프릴로일살리실릭애씨드, 달맞이꽃꽃추출물, 대왕송잎추출물, 칡뿌리추출물, 당느릅나무뿌리추출물, 토코페롤, 부틸렌글라이콜, 칸디다 봄비콜라/글루코오스/메틸레이프씨데이트발효물, 보검선인장줄기추출물, 말토덱스트린, 시어버터, 하이드롤라이즈드식물성단백질, 1,2-헥산다이올, 가지열매추출물, 커먼자스민추출물, 흰버드나무껍질추출물, 돌콩스테롤"
바이오더마 센시비오 H2O 클렌징워터,바이오더마,cleansing,cleansing,A000000130319,1,https://www.oliveyoung.co.kr/store/goods/getGoodsDetail.do?goodsNo=A000000130319&dispCatNo=100000100100005&t_page=%EC%B9%B4%ED%85%8C%EA%B3%A0%EB%A6%AC%EA%B4%80&t_click=%EC%9B%8C%ED%84%B0/%EB%B0%80%ED%81%AC_%EC%A0%84%EC%B2%B4__%EC%83%81%ED%92%88%EC%83%81%EC%84%B8&t_number=1,"정제수, 피이지-6카프릴릭/카프릭글리세라이즈, 다이소듐이디티에이, 세트리모늄브로마이드, 프로필렌글라이콜, 오이열매추출물, 프룩토올리고사카라이드, 만니톨, 자일리톨, 람노오스"
이즈앤트리 참마 비건 밀크 클렌저,이즈앤트리,cleansing,cleansing,A000000245640,2,https://www.oliveyoung.co.kr/store/goods/getGoodsDetail.do?goodsNo=A000000245640&dispCatNo=100000100100005&t_page=%EC%B9%B4%ED%85%8C%EA%B3%A0%EB%A6%AC%EA%B4%80&t_click=%EC%9B%8C%ED%84%B0/%EB%B0%80%ED%81%AC_%EC%A0%84%EC%B2%B4__%EC%83%81%ED%92%88%EC%83%81%EC%84%B8&t_number=2,"정제수, 해바라기씨오일, 에틸헥실팔미테이트, 1,2-헥산다이올, 폴리글리세릴-10미리스테이트, 아라키딜알코올, 글리세린, 세테아릴알코올, 베헤닐알코올, 부틸렌글라이콜, 글리세릴스테아레이트, 코코-글루코사이드, 아라키딜글루코사이드, 참마뿌리추출물(1,000 ppm), 시트릭애씨드, 잔탄검, 소듐폴리아크릴레이트, 미역추출물, 연꽃뿌리추출물, 다시마추출물, 오크라열매추출물, 스위트아몬드추출물, 쌀추출물, 콩추출물, 코코넛야자열매추출물, 귀리가루추출물"
히야 마일드벗딥 클렌징 워터,히야,cleansing,cleansing,A000000237800,3,https://www.oliveyoung.co.kr/store/goods/getGoodsDetail.do?goodsNo=A000000237800&dispCatNo=100000100100005&t_page=%EC%B9%B4%ED%85%8C%EA%B3%A0%EB%A6%AC%EA%B4%80&t_click=%EC%9B%8C%ED%84%B0/%EB%B0%80%ED%81%AC_%EC%A0%84%EC%B2%B4__%EC%83%81%ED%92%88%EC%83%81%EC%84%B8&t_number=3,"정제수, 다이프로필렌글라이콜, 폴리글리세릴-4카프레이트, 펜틸렌글라이콜, 오레가노잎추출물, 편백잎추출물, 흰버드나무껍질추출물, 락토바실러스/콩발효추출물, 쇠비름추출물, 육계나무껍질추출물, 황금추출물, 폴리글리세릴-3코코에이트, 폴리글리세릴-6리시놀리에이트, 폴리글리세릴-6카프릴레이트, 카프릴/카프라미도프로필베타인, 소듐클로라이드, 다이소듐이디티에이, 부틸렌글라이콜, 폴리쿼터늄-51, 토코페롤, 1,2-헥산다이올, 하이드록시아세토페논, 에틸헥실글리세린"
메이크프렘 PDRN 포어 클레이 클렌징밀크,메이크프렘,cleansing,cleansing,A000000232109,4,https://www.oliveyoung.co.kr/store/goods/getGoodsDetail.do?goodsNo=A000000232109&dispCatNo=100000100100005&t_page=%EC%B9%B4%ED%85%8C%EA%B3%A0%EB%A6%AC%EA%B4%80&t_click=%EC%9B%8C%ED%84%B0/%EB%B0%80%ED%81%AC_%EC%A0%84%EC%B2%B4__%EC%83%81%ED%92%88%EC%83%81%EC%84%B8&t_number=4,"정제수, 글리세린, 세틸에틸헥사노에이트, 아이소프로필미리스테이트, 에틸헥실팔미테이트, 카프릴릭/카프릭트라이글리세라이드, 아라키딜알코올, 라우릴글루코사이드, 마니쿠아강클레이(10,000ppm), 베헤닐알코올, 1,2-헥산다이올, 하이드록시아세토페논, 하이드록시에틸아크릴레이트/소듐아크릴로일다이메틸타우레이트코폴리머, 아라키딜글루코사이드, 스쿠알란, 아크릴레이트/C10-30알킬아크릴레이트크로스폴리머, 알지닌, 동백나무씨오일, 프로판다이올, 폴리솔베이트60, 잔탄검, 시트릭애씨드, 다이소듐이디티에이, 솔비탄아이소스테아레이트, 소듐디엔에이(107.5ppm), 쌀겨오일, 글루코노락톤, 카프릴로일살리실릭애씨드, 소듐파이테이트, 락틱애씨드, 부틸렌글라이콜, 우유단백질추출물"
듀이트리 하이 아미노 올 클렌징 밀크,듀이트리,cleansing,cleansing,A000000231175,5,https://www.oliveyoung.co.kr/store/goods/getGoodsDetail.do?goodsNo=A000000231175&dispCatNo=100000100100005&t_page=%EC%B9%B4%ED%85%8C%EA%B3%A0%EB%A6%AC%EA%B4%80&t_click=%EC%9B%8C%ED%84%B0/%EB%B0%80%ED%81%AC_%EC%A0%84%EC%B2%B4__%EC%83%81%ED%92%88%EC%83%81%EC%84%B8&t_number=6,"정제수, 마카다미아씨오일, 다이프로필렌글라이콜, 글리세린, 1,2-헥산다이올, 베타인, C14-22알코올, 폴리솔베이트80, 글리세릴스테아레이트, 세테아릴올리베이트, 데실글루코사이드, 솔비탄올리베이트, 아라키딜알코올, C12-20알킬글루코사이드, 베헤닐알코올, 아라키딜글루코사이드, 에틸헥실글리세린, 잔탄검, 토코페롤, 아크릴레이트/C10-30알킬아크릴레이트크로스폴리머, 알지닌, 글루코오스, 글리세릴글루코사이드, 부틸렌글라이콜, 소듐라우로일귀리아미노산(3 ppm) , 소듐코코일애플아미노산(2.55 ppm), 옥틸도데칸올, 하이드로제네이티드레시틴, 우유단백질추출물(0.5 ppm), 헥실렌글라이콜, 세라마이드 3 (세라마이드엔피), 자작나무수액, 하이알루로닉애씨드, 코코넛야자열매추출물, 테트라소듐글루타메이트다이아세테이트, 카프릴릴글라이콜, 다이소듐이디티에이, 라벤더오일"
마녀공장 퓨어 소이빈 클렌징 밀크,마녀공장,cleansing,cleansing,A000000231998,6,https://www.oliveyoung.co.kr/store/goods/getGoodsDetail.do?goodsNo=A000000231998&dispCatNo=100000100100005&t_page=%EC%B9%B4%ED%85%8C%EA%B3%A0%EB%A6%AC%EA%B4%80&t_click=%EC%9B%8C%ED%84%B0/%EB%B0%80%ED%81%AC_%EC%A0%84%EC%B2%B4__%EC%83%81%ED%92%88%EC%83%81%EC%84%B8&t_number=7,"정제수, 글리세린, 세틸에틸헥사노에이트, 해바라기씨오일, 부틸렌글라이콜, 솔비탄올리베이트, 글리세릴스테아레이트에스이, 세라마이드엔피, 세라마이드에이피, 콜레스테롤, 스테아릭애씨드, 판테놀, 소듐하이알루로네이트, 돌콩추출물(100ppm), 락토바실러스/소이밀크발효여과물(100ppm), 병풀추출물, 무화과추출물, 하이드로제네이티드레시틴, C14-22알코올, 1,2-헥산다이올, 데실글루코사이드, 하이드록시아세토페논, 알지닌, 카보머, C12-20알킬글루코사이드, 에틸헥실글리세린, 베헤닐알코올, 호호바씨오일, 토코페롤, 소듐파이테이트, 황련뿌리추출물, 맥아추출물, 카프릴릭/카프릭트라이글리세라이드, 글리세릴스테아레이트, 세테아릴알코올, 테트라아세틸피토스핑고신, 글라이코스핑고리피드, 잔탄검"
블랑네이처 버블 클렌징밀크,블랑네이처,cleansing,cleansing,A000000248430,7,https://www.oliveyoung.co.kr/store/goods/getGoodsDetail.do?goodsNo=A000000248430&dispCatNo=100000100100005&t_page=%EC%B9%B4%ED%85%8C%EA%B3%A0%EB%A6%AC%EA%B4%80&t_click=%EC%9B%8C%ED%84%B0/%EB%B0%80%ED%81%AC_%EC%A0%84%EC%B2%B4__%EC%83%81%ED%92%88%EC%83%81%EC%84%B8&t_number=8,"정제수, 글리세린, 솔비톨, 다이프로필렌글라이콜, 라우릴하이드록시설테인, 포타슘코코일글리시네이트, 2,3-부탄다이올, 글라이코리피드, 소듐클로라이드, 약모밀추출물(12,510 ppm), 알지닌, 코코-글루코사이드, C12-14알케스-12, 살리실릭애씨드, 에탄올, 1,2-헥산다이올, 하이드록시아세토페논, 알란토인, 판테놀, 폴리쿼터늄-10, 에틸헥실글리세린, 다이소듐이디티에이, 4-터피네올, 메일펀뿌리추출물, 드럼스틱씨추출물, 녹차추출물, 소듐디엔에이, 소듐하이알루로네이트, 부틸렌글라이콜, 카프릴릭/카프릭트라이글리세라이드, 하이드로제네이티드포스파티딜콜린, 병풀추출물, 수크로오스스테아레이트, 세테아릴알코올, 녹차씨오일, 티트리잎오일, 아시아티코사이드, 마데카식애씨드, 마데카소사이드, 아시아틱애씨드."
에스네이처 아쿠아 라이스 클렌징밀크,에스네이처,cleansing,cleansing,A000000250764,8,https://www.oliveyoung.co.kr/store/goods/getGoodsDetail.do?goodsNo=A000000250764&dispCatNo=100000100100005&t_page=%EC%B9%B4%ED%85%8C%EA%B3%A0%EB%A6%AC%EA%B4%80&t_click=%EC%9B%8C%ED%84%B0/%EB%B0%80%ED%81%AC_%EC%A0%84%EC%B2%B4__%EC%83%81%ED%92%88%EC%83%81%EC%84%B8&t_number=9,"정제수, 세틸에틸헥사노에이트, 해바라기씨오일, 글리세린, 아이소펜틸다이올, 펜틸렌글라이콜, 판테놀, 알란토인, 세라마이드엔피, 쌀겨오일(1,000ppm), 알지닌, 호호바씨오일, 쌀추출물(100ppm), 귀리단백질추출물, 귀리가루추출물, 콩추출물, 토코페롤, 모란뿌리추출물, 부틸렌글라이콜, 에틸헥실글리세린, 1,2-헥산다이올, 글리세릴스테아레이트에스이, 세테아릴올리베이트, 솔비탄올리베이트, 데실글루코사이드, C12-20알킬글루코사이드, 카보머, 비닐다이메티콘, C14-22알코올, 하이드록시아세토페논"
라운드랩 1025 독도 클렌징 워터,라운드랩,cleansing,cleansing,A000000149140,9,https://www.oliveyoung.co.kr/store/goods/getGoodsDetail.do?goodsNo=A000000149140&dispCatNo=100000100100005&t_page=%EC%B9%B4%ED%85%8C%EA%B3%A0%EB%A6%AC%EA%B4%80&t_click=%EC%9B%8C%ED%84%B0/%EB%B0%80%ED%81%AC_%EC%A0%84%EC%B2%B4__%EC%83%81%ED%92%88%EC%83%81%EC%84%B8&t_number=10,"정제수, 다이프로필렌글라이콜, 글리세린, 폴리글리세릴-4카프레이트, 1,2-헥산다이올, 해수, 하이알루로닉애씨드, 하이드롤라이즈드하이알루로닉애씨드, 소듐하이알루로네이트, 판테놀, 알란토인, 세라마이드엔피, 펜틸렌글라이콜, C12-14파레스-12, 카프릴릴글라이콜, 에틸헥실글리세린, 부틸렌글라이콜, 토코페롤, 다이소듐이디티에이"
주닥 약산성 로즈 68% 클렌징밀크,주닥,cleansing,cleansing,A000000233155,10,https://www.oliveyoung.co.kr/store/goods/getGoodsDetail.do?goodsNo=A000000233155&dispCatNo=100000100100005&t_page=%EC%B9%B4%ED%85%8C%EA%B3%A0%EB%A6%AC%EA%B4%80&t_click=%EC%9B%8C%ED%84%B0/%EB%B0%80%ED%81%AC_%EC%A0%84%EC%B2%B4__%EC%83%81%ED%92%88%EC%83%81%EC%84%B8&t_number=11,"다마스크장미꽃수 (68%), 카프릴릭/카프릭트라이글리세라이드, 세틸에틸헥사노에이트, 글리세린, 마룰라씨오일, 1,2-헥산다이올, 글리세릴스테아레이트에스이, 베타인, 세테아릴올리베이트, 솔비탄올리베이트, 세라마이드엔피, 보리지씨오일, 블랙윌로우껍질추출물, 카보머, 알지닌, 다이소듐이디티에이"
바이오더마 세비엄 H2O,바이오더마,cleansing,cleansing,A000000230980,11,https://www.oliveyoung.co.kr/store/goods/getGoodsDetail.do?goodsNo=A000000230980&dispCatNo=100000100100005&t_page=%EC%B9%B4%ED%85%8C%EA%B3%A0%EB%A6%AC%EA%B4%80&t_click=%EC%9B%8C%ED%84%B0/%EB%B0%80%ED%81%AC_%EC%A0%84%EC%B2%B4__%EC%83%81%ED%92%88%EC%83%81%EC%84%B8&t_number=12,"정제수, 피이지-6카프릴릭/카프릭글리세라이즈, 소듐시트레이트, 시트릭애씨드, 다이소듐이디티에이, 징크글루코네이트, 세트리모늄브로마이드, 카퍼설페이트, 프룩토올리고사카라이드, 만니톨, 람노오스, 자일리톨, 프로필렌글라이콜, 은행나무잎추출물, 향료"
브링그린 티트리 시카 센시티브 클렌징 워터,브링그린,cleansing,cleansing,A000000185118,12,https://www.oliveyoung.co.kr/store/goods/getGoodsDetail.do?goodsNo=A000000185118&dispCatNo=100000100100005&t_page=%EC%B9%B4%ED%85%8C%EA%B3%A0%EB%A6%AC%EA%B4%80&t_click=%EC%9B%8C%ED%84%B0/%EB%B0%80%ED%81%AC_%EC%A0%84%EC%B2%B4__%EC%83%81%ED%92%88%EC%83%81%EC%84%B8&t_number=13,"정제수, 다이프로필렌글라이콜, 폴리글리세릴-4카프레이트, 1,2-헥산다이올, 티트리추출물*, 티트리잎추출물*, 티트리꽃/잎/줄기추출물*, 티트리잎수*, 티트리잎오일*, 병풀추출물, 트레할로오스, 다이에톡시에틸석시네이트, 베타인, 폴리글리세릴-3코코에이트, 폴리글리세릴-6리시놀리에이트, 폴리글리세릴-6카프릴레이트, 알란토인, 다이소듐이디티에이, 다이포타슘글리시리제이트, 하이드록시아세토페논, 에틸헥실글리세린"
바이오더마 하이드라비오 H2O,바이오더마,cleansing,cleansing,A000000230983,13,https://www.oliveyoung.co.kr/store/goods/getGoodsDetail.do?goodsNo=A000000230983&dispCatNo=100000100100005&t_page=%EC%B9%B4%ED%85%8C%EA%B3%A0%EB%A6%AC%EA%B4%80&t_click=%EC%9B%8C%ED%84%B0/%EB%B0%80%ED%81%AC_%EC%A0%84%EC%B2%B4__%EC%83%81%ED%92%88%EC%83%81%EC%84%B8&t_number=14,"정제수, 글리세린, 피이지-6카프릴릭/카프릭글리세라이즈, 다이소듐이디티에이, 만니톨, 자일리톨, 세트리모늄브로마이드, 람노오스, 나이아신아마이드, 헥실데칸올, 소듐하이드록사이드, 사과씨추출물, 유채스테롤, 토코페롤, 향료"
주미소 디판테놀 베리어 수딩 클렌징밀크,주미소,cleansing,cleansing,A000000237461,14,https://www.oliveyoung.co.kr/store/goods/getGoodsDetail.do?goodsNo=A000000237461&dispCatNo=100000100100005&t_page=%EC%B9%B4%ED%85%8C%EA%B3%A0%EB%A6%AC%EA%B4%80&t_click=%EC%9B%8C%ED%84%B0/%EB%B0%80%ED%81%AC_%EC%A0%84%EC%B2%B4__%EC%83%81%ED%92%88%EC%83%81%EC%84%B8&t_number=15,"마트리카리아꽃수, 정제수, 에틸헥실팔미테이트, 카프릴릭/카프릭트라이글리세라이드, 글리세린, 트라이프로필렌글라이콜, 1,2-헥산다이올, 암모늄아크릴로일다이메틸타우레이트/브이피코폴리머, 세테아릴알코올, 글리세릴스테아레이트에스이, 폴리글리세릴-3메틸글루코오스다이스테아레이트, 솔비탄스테아레이트, 세테아릴올리베이트, 코코-글루코사이드, 솔비탄올리베이트, 알지닌, 아크릴레이트/C10-30알킬아크릴레이트크로스폴리머, 에틸헥실글리세린, 아마씨오일, 판테놀, 수크로오스코코에이트, 파파인, 소듐글루코네이트, 시트릭애씨드, 말토덱스트린, 해바라기씨오일, 호호바씨오일, 토코페롤, 아데노신, 소듐구아이아줄렌설포네이트*, 세라마이드엔피, 2,3-부탄다이올, 하이드로제네이티드레시틴, 글리세릴스테아레이트, 콜레스테롤, 세라마이드에이에스, 세라마이드에이피, 세라마이드엔에스, 세라마이드이오피"
토리든 다이브인 저분자 히알루론산 클렌징밀크,토리든,cleansing,cleansing,A000000248122,15,https://www.oliveyoung.co.kr/store/goods/getGoodsDetail.do?goodsNo=A000000248122&dispCatNo=100000100100005&t_page=%EC%B9%B4%ED%85%8C%EA%B3%A0%EB%A6%AC%EA%B4%80&t_click=%EC%9B%8C%ED%84%B0/%EB%B0%80%ED%81%AC_%EC%A0%84%EC%B2%B4__%EC%83%81%ED%92%88%EC%83%81%EC%84%B8&t_number=17,"정제수, 에틸헥실팔미테이트, 세틸에틸헥사노에이트, 글리세린, 폴리글리세릴-4카프레이트, 폴리글리세릴-6카프릴레이트, 트라이프로필렌글라이콜, 하이알루로닉애씨드, 포타슘하이알루로네이트, 소듐아세틸레이티드하이알루로네이트, 다이메틸실란올하이알루로네이트, 하이드롤라이즈드소듐하이알루로네이트, 하이드록시프로필트라이모늄하이알루로네이트, 소듐하이알루로네이트, 하이드롤라이즈드하이알루로닉애씨드(2,000ppb), 아세틸헥사펩타이드-8, 카퍼트라이펩타이드-1, 팔미토일펜타펩타이드-4, 팔미토일트라이펩타이드-1, 트라이펩타이드-1, 헥사펩타이드-9, 노나펩타이드-1, 판테놀, 알란토인, 에틸헥실글리세린, 글루코오스, 말토덱스트린, 부틸렌글라이콜, 스테아릴알코올, 카프릴릴글라이콜, 1,2-헥산다이올, 아라키딜알코올, 세테아릴올리베이트, 솔비탄올리베이트, 세테아릴글루코사이드, 세틸알코올, 암모늄아크릴로일다이메틸타우레이트/브이피코폴리머, 소듐폴리아크릴로일다이메틸타우레이트, 하이드록시아세토페논, 세테아릴알코올, 하이드롤라이즈드치자추출물, 말라카이트추출물"
라로슈포제 미셀라 클렌징워터 센시티브,라로슈포제,cleansing,cleansing,A000000102238,16,https://www.oliveyoung.co.kr/store/goods/getGoodsDetail.do?goodsNo=A000000102238&dispCatNo=100000100100005&t_page=%EC%B9%B4%ED%85%8C%EA%B3%A0%EB%A6%AC%EA%B4%80&t_click=%EC%9B%8C%ED%84%B0/%EB%B0%80%ED%81%AC_%EC%A0%84%EC%B2%B4__%EC%83%81%ED%92%88%EC%83%81%EC%84%B8&t_number=18,정제수 글리세린 피이지-7카프릴릭/카프릭글리세라이드 폴록사머124 폴록사머184 피이지-6카프릴릭/카프릭글리세라이드 폴리소르베이트80 디소듐이디티에이 비에이치티 미르트리모늄브로마이드
뉴트로지나 딥클린 클렌징 로션,뉴트로지나,cleansing,cleansing,A000000000463,17,https://www.oliveyoung.co.kr/store/goods/getGoodsDetail.do?goodsNo=A000000000463&dispCatNo=100000100100005&t_page=%EC%B9%B4%ED%85%8C%EA%B3%A0%EB%A6%AC%EA%B4%80&t_click=%EC%9B%8C%ED%84%B0/%EB%B0%80%ED%81%AC_%EC%A0%84%EC%B2%B4__%EC%83%81%ED%92%88%EC%83%81%EC%84%B8&t_number=20,"정제수,이소노닐이소노나노에이트,사이클로메치콘,이소스테아릴팔미테이트,세틸에칠헥사노에이트,펜타에리스리틸테트라에칠헥사노에이트,헥실렌글라이콜,슈크로오스코코에이트,피이지-6카프릴릭/카프릭글리세라이드,카보머,메칠파라벤,디소듐이디티에이,프로필파라벤,소듐하이드록사이드"
아벤느 미셀라 클렌징 워터,아벤느,cleansing,cleansing,A000000206932,18,https://www.oliveyoung.co.kr/store/goods/getGoodsDetail.do?goodsNo=A000000206932&dispCatNo=100000100100005&t_page=%EC%B9%B4%ED%85%8C%EA%B3%A0%EB%A6%AC%EA%B4%80&t_click=%EC%9B%8C%ED%84%B0/%EB%B0%80%ED%81%AC_%EC%A0%84%EC%B2%B4__%EC%83%81%ED%92%88%EC%83%81%EC%84%B8&t_number=21,온천수(아벤느 온천수) 글리세린 펜틸렌글라이콜 씨트릭애씨드 코코-글루코사이드 에칠라우로일알지네이트하이드로클로라이드 향료 폴리글리세릴-4카프레이트 폴리글리세릴-6카프릴레이트 트레할로오스 정제수
파티온 노스카나인 클렌징워터,파티온,cleansing,cleansing,A000000169509,19,https://www.oliveyoung.co.kr/store/goods/getGoodsDetail.do?goodsNo=A000000169509&dispCatNo=100000100100005&t_page=%EC%B9%B4%ED%85%8C%EA%B3%A0%EB%A6%AC%EA%B4%80&t_click=%EC%9B%8C%ED%84%B0/%EB%B0%80%ED%81%AC_%EC%A0%84%EC%B2%B4__%EC%83%81%ED%92%88%EC%83%81%EC%84%B8&t_number=23,"정제수, 부틸렌글라이콜, 다이프로필렌글라이콜, 펜틸렌글라이콜, 돌콩추출물, 쑥잎추출물, 소듐헤파린, 1,2-헥산다이올, 판테놀, 코카미도프로필하이드록시설테인, 미리스타민옥사이드, 비스-에톡시다이글라이콜사이클로헥산1,4-다이카복실레이트, 카프릴릴글라이콜, 에틸헥실글리세린, 알란토인, 카프릴릴/카프릴글루코사이드, 데실글루코사이드, 소듐시트레이트, 글리세린, 시트릭애씨드, 옥탄다이올, 토코페롤, 하이드록시아세토페논, 폴리글리세릴-10라우레이트"
유리아쥬 레데마끼앙,유리아쥬,cleansing,cleansing,A000000014359,20,https://www.oliveyoung.co.kr/store/goods/getGoodsDetail.do?goodsNo=A000000014359&dispCatNo=100000100100005&t_page=%EC%B9%B4%ED%85%8C%EA%B3%A0%EB%A6%AC%EA%B4%80&t_click=%EC%9B%8C%ED%84%B0/%EB%B0%80%ED%81%AC_%EC%A0%84%EC%B2%B4__%EC%83%81%ED%92%88%EC%83%81%EC%84%B8&t_number=24,"정제수, 온천수, 해바라기씨오일, 옥틸도데칸올, C13-15알케인, 글리세린, 1,2-헥산다이올, 폴리솔베이트60, 향료, 아크릴레이트/C10-30알킬아크릴레이트크로스폴리머, 소듐벤조에이트, 소듐폴리아크릴레이트, 토코페릴아세테이트, 소듐하이드록사이드, 에델바이스꽃/잎추출물, 시트릭애씨드"
닥터지 브라이트닝 필링젤,닥터지,cleansing,cleansing,A000000162279,1,https://www.oliveyoung.co.kr/store/goods/getGoodsDetail.do?goodsNo=A000000162279&dispCatNo=100000100100007&trackingCd=Cat100000100100007_MID&t_page=%EC%B9%B4%ED%85%8C%EA%B3%A0%EB%A6%AC%EA%B4%80&t_click=%ED%95%84%EB%A7%81&%EC%8A%A4%ED%81%AC%EB%9F%BD_%EC%A0%84%EC%B2%B4__%EC%83%81%ED%92%88%EC%83%81%EC%84%B8&t_number=1,"정제수, 셀룰로오스, 다이프로필렌글라이콜, 글리세릴카프릴레이트, 아크릴레이트/C10-30알킬아크릴레이트크로스폴리머, 카프릴릴글라이콜, 알란토인, 판테놀, 폴리글리세릴-10라우레이트, 프로판다이올, 알지닌, 다이소듐이디티에이, 글리세린, 1,2-헥산다이올, 부틸렌글라이콜, 소듐하이알루로네이트, 글라이코스핑고리피드, 하이드록시프로필트라이모늄하이알루로네이트, 아스코빅애씨드, 하이드롤라이즈드하이알루로닉애씨드, 소듐아세틸레이티드하이알루로네이트, 하이알루로닉애씨드, 하이드롤라이즈드소듐하이알루로네이트, 소듐하이알루로네이트크로스폴리머, 포타슘하이알루로네이트"
일소 슈퍼 멜팅 세범 소프트너,일소,cleansing,cleansing,A000000225736,2,https://www.oliveyoung.co.kr/store/goods/getGoodsDetail.do?goodsNo=A000000225736&dispCatNo=100000100100007&trackingCd=Cat100000100100007_MID&t_page=%EC%B9%B4%ED%85%8C%EA%B3%A0%EB%A6%AC%EA%B4%80&t_click=%ED%95%84%EB%A7%81&%EC%8A%A4%ED%81%AC%EB%9F%BD_%EC%A0%84%EC%B2%B4__%EC%83%81%ED%92%88%EC%83%81%EC%84%B8&t_number=2,"정제수, 1,2-헥산다이올, 글리세린, 영지버섯추출물, 흰버드나무껍질추출물, 더덕뿌리추출물, 우엉뿌리추출물, 시넨스국화꽃추출물, 부틸렌글라이콜, 폴리글리세릴-10올리에이트, 겨우살이잎추출물, 버지니아풍년화추출물, 하이드로제네이티드레시틴, 폴리글리세릴-10아이소스테아레이트, 라벤더추출물, 피토스테롤, 에틸헥실글리세린, 스타아니스추출물, 소듐글루코네이트, 라벤더오일, 판테놀, 황금추출물, 파파야열매추출물, 스쿠알란, 글루코오스, 마트리카리아꽃추출물, 병풀추출물, 매실추출물, 사과추출물, 포도추출물, 파파인, 약모밀추출물, 편백잎추출물, 오레가노잎추출물, 쇠비름추출물, 육계나무껍질추출물, 락토바실러스/콩발효추출물, 마데카소사이드, 마트리카리아꽃추출물, 시트릭애씨드, 치자추출물, 호장근뿌리추출물, 까무까무열매추출물, 카카두플럼추출물"
프리메라 마일드 앤 퍼펙트 페이셜 필링,프리메라,cleansing,cleansing,A000000231310,3,https://www.oliveyoung.co.kr/store/goods/getGoodsDetail.do?goodsNo=A000000231310&dispCatNo=100000100100007&trackingCd=Cat100000100100007_MID&t_page=%EC%B9%B4%ED%85%8C%EA%B3%A0%EB%A6%AC%EA%B4%80&t_click=%ED%95%84%EB%A7%81&%EC%8A%A4%ED%81%AC%EB%9F%BD_%EC%A0%84%EC%B2%B4__%EC%83%81%ED%92%88%EC%83%81%EC%84%B8&t_number=3,"정제수, 글리세린, 스테아트리모늄메토설페이트, 아크릴레이트/C10-30알킬아크릴레이트크로스폴리머, 이소프로필알코올, 디스테아릴디모늄클로라이드, 리모넨, 코카미도프로필베타인, 부틸렌글라이콜, 향료, 리날룰, 소듐클로라이드, 브로콜리추출물, 소듐벤조에이트, 인도멀구슬나무추출물, 보리지추출물, 방울양배추추출물, 해바라기추출물, 야생딸기잎추출물, 인디언구스베리추출물, 폴리쿼터늄-51, 페녹시에탄올,디소듐이디티에이"
파파레서피 블레미쉬 효소파우더 클렌저,파파레서피,cleansing,cleansing,A000000237644,4,https://www.oliveyoung.co.kr/store/goods/getGoodsDetail.do?goodsNo=A000000237644&dispCatNo=100000100100007&trackingCd=Cat100000100100007_MID&t_page=%EC%B9%B4%ED%85%8C%EA%B3%A0%EB%A6%AC%EA%B4%80&t_click=%ED%95%84%EB%A7%81&%EC%8A%A4%ED%81%AC%EB%9F%BD_%EC%A0%84%EC%B2%B4__%EC%83%81%ED%92%88%EC%83%81%EC%84%B8&t_number=5,"옥수수전분, 소듐코코일이세티오네이트, 소듐팔미네이트, 소듐라우로일글루타메이트, 다이글리세린, 호두나무열매껍질가루, 시트릭애씨드, 쌀가루, 알란토인, 향료, 말토덱스트린, 파파인(1923.92ppm), 정제수, 락토바이오닉애씨드, 글리세린, 코튼씨추출물, 부틸렌글라이콜, 1,2-헥산다이올, 신선초잎/줄기추출물, 쌀추출물, 쇠비름추출물, 홍삼추출물, 송이버섯추출물, 로즈마리잎추출물, 황금추출물, 알부틴, 글루코노락톤, 소듐벤조에이트, 쌀발효여과물, 칼슘글루코네이트"
마녀공장 갈락 필링젤,마녀공장,cleansing,cleansing,A000000150105,5,https://www.oliveyoung.co.kr/store/goods/getGoodsDetail.do?goodsNo=A000000150105&dispCatNo=100000100100007&trackingCd=Cat100000100100007_MID&t_page=%EC%B9%B4%ED%85%8C%EA%B3%A0%EB%A6%AC%EA%B4%80&t_click=%ED%95%84%EB%A7%81&%EC%8A%A4%ED%81%AC%EB%9F%BD_%EC%A0%84%EC%B2%B4__%EC%83%81%ED%92%88%EC%83%81%EC%84%B8&t_number=6,"정제수, 다이프로필렌글라이콜, 셀룰로오스, 프로필렌글라이콜, 쿼터늄-60, 카보머, 1,2-헥산다이올, 카프릴릴글라이콜, C12-14알케스-12, 알란토인, 갈락토미세스발효여과물(980ppm), 자일리틸글루코사이드, 다이소듐이디티에이, 안하이드로자일리톨, 자일리톨, 글루코노락톤, 말토덱스트린, 오렌지껍질오일, 글루코오스, 소듐하이알루로네이트, 파파인, 일랑일랑꽃오일, 광곽향오일, 소듐메타바이설파이트, 하이드록시프로필트라이모늄하이알루로네이트, 하이드롤라이즈드하이알루로닉애씨드, 소듐아세틸레이티드하이알루로네이트, 하이알루로닉애씨드, 소듐하이알루로네이트크로스폴리머, 포타슘하이알루로네이트, 리모넨"
스킨시그널 클레이 효소클렌저,스킨시그널,cleansing,cleansing,A000000219984,6,https://www.oliveyoung.co.kr/store/goods/getGoodsDetail.do?goodsNo=A000000219984&dispCatNo=100000100100007&trackingCd=Cat100000100100007_MID&t_page=%EC%B9%B4%ED%85%8C%EA%B3%A0%EB%A6%AC%EA%B4%80&t_click=%ED%95%84%EB%A7%81&%EC%8A%A4%ED%81%AC%EB%9F%BD_%EC%A0%84%EC%B2%B4__%EC%83%81%ED%92%88%EC%83%81%EC%84%B8&t_number=8,"옥수수전분(NON GMO), 소듐코코일이세티오네이트, 소듐라우로일글루티메이트, 카올린, 일라이트, 소듐하이알루로네이트, 파파인, 글루코오스, 마데카소사이드, 병풀추출물, 살리실릭애씨드 (BHA 0.5%)"
라씨엘르 엔자임 곡물 클렌징 파우더워시,라씨엘르,cleansing,cleansing,A000000184949,7,https://www.oliveyoung.co.kr/store/goods/getGoodsDetail.do?goodsNo=A000000184949&dispCatNo=100000100100007&trackingCd=Cat100000100100007_MID&t_page=%EC%B9%B4%ED%85%8C%EA%B3%A0%EB%A6%AC%EA%B4%80&t_click=%ED%95%84%EB%A7%81&%EC%8A%A4%ED%81%AC%EB%9F%BD_%EC%A0%84%EC%B2%B4__%EC%83%81%ED%92%88%EC%83%81%EC%84%B8&t_number=10,"옥수수전분 , 소듐코코일이세티오네이트 , 녹두가루 , 소듐라우로일글루타메이트 , 쌀겨 다이글리세린 , 코코넛애씨드 , 베타인 , 셀룰로오스검 , 알란토인 , 소듐이세티오네이트 , 정제수 , 귀리커넬가루 보리가루 , 율무씨가루 , 녹차가루 , 밀배아추출물 , 말토덱스트린 , 프로테아제 , 수퍼옥사이드디스뮤타아제"
비플레인 녹두 모공 스케일링 워터,비플레인,cleansing,cleansing,A000000228792,8,https://www.oliveyoung.co.kr/store/goods/getGoodsDetail.do?goodsNo=A000000228792&dispCatNo=100000100100007&trackingCd=Cat100000100100007_MID&t_page=%EC%B9%B4%ED%85%8C%EA%B3%A0%EB%A6%AC%EA%B4%80&t_click=%ED%95%84%EB%A7%81&%EC%8A%A4%ED%81%AC%EB%9F%BD_%EC%A0%84%EC%B2%B4__%EC%83%81%ED%92%88%EC%83%81%EC%84%B8&t_number=11,"정제수, 트로메타민, 1,2-헥산다이올, 부틸렌글라이콜, 알지닌, 프로판다이올, 폴리글리세릴-6다이카프레이트, 폴리아크릴레이트크로스폴리머-6, 메틸프로판다이올, 데하이드로잔탄검, 소듐코코일알라니네이트, 에틸헥실글리세린, 비니거, 녹두추출물 (500ppm), 하이드롤라이즈드스클레로튬검, 알란토인, 다이포타슘글리시리제이트, 물망초꽃/잎/줄기추출물, 원추리꽃추출물, 포도추출물, 사과추출물, 매실추출물, 파파야열매추출물, 석시닉애씨드, 글루코노락톤, 시트릭애씨드, 카프릴로일살리실릭애씨드, 베타인살리실레이트, 스위트아몬드열매추출물, 흰목이버섯추출물, 타히보껍질추출물"
바닐라코 클린잇제로 티트리 포어 필링 젤,바닐라코,cleansing,cleansing,A000000205458,9,https://www.oliveyoung.co.kr/store/goods/getGoodsDetail.do?goodsNo=A000000205458&dispCatNo=100000100100007&trackingCd=Cat100000100100007_MID&t_page=%EC%B9%B4%ED%85%8C%EA%B3%A0%EB%A6%AC%EA%B4%80&t_click=%ED%95%84%EB%A7%81&%EC%8A%A4%ED%81%AC%EB%9F%BD_%EC%A0%84%EC%B2%B4__%EC%83%81%ED%92%88%EC%83%81%EC%84%B8&t_number=12,"정제수, 다이프로필렌글라이콜, 셀룰로오스, 아이소스테아라미도프로필에틸다이모늄에토설페이트, 프로필렌글라이콜, 글리세린, 1,2-헥산다이올, 카보머, 아크릴레이트/C10-30알킬아크릴레이트크로스폴리머, 카프릴릴글라이콜, 티트리잎가루(3,000ppm), C12-14알케스-12, 알란토인, 향료, 인도멀구슬나무잎추출물, 다이소듐이디티에이, 인도멀구슬나무꽃추출물, 베타인살리실레이트, 카프릴로일살리실릭애씨드, 시트릭애씨드, 글루코노락톤, 소듐시트레이트, 토마토추출물, 소듐하이알루로네이트, 카페인, 하이드록시프로필트라이모늄하이알루로네이트, 하이드롤라이즈드하이알루로닉애씨드, 소듐아세틸레이티드하이알루로네이트, 하이알루로닉애씨드, 소듐하이알루로네이트크로스폴리머, 포타슘하이알루로네이트"
수이사이 파우더 워시,수이사이,cleansing,cleansing,A000000139762,10,https://www.oliveyoung.co.kr/store/goods/getGoodsDetail.do?goodsNo=A000000139762&dispCatNo=100000100100007&trackingCd=Cat100000100100007_MID&t_page=%EC%B9%B4%ED%85%8C%EA%B3%A0%EB%A6%AC%EA%B4%80&t_click=%ED%95%84%EB%A7%81&%EC%8A%A4%ED%81%AC%EB%9F%BD_%EC%A0%84%EC%B2%B4__%EC%83%81%ED%92%88%EC%83%81%EC%84%B8&t_number=13,"탤크, 소듐코코일이세티오네이트, 소듐C14-16올레핀설포네이트, 소듐라우로일글루타메이트, 포타슘라우레이트, 소듐미리스토일글루타메이트 카라기난, 실크가루, 메티콘, 메틸파라벤, 아이소스테아릴알코올, 비에이치티, 다이프로필렌글라이콜, 에틸글루코사이드, 락틱애씨드, 포타슘하이드록사이드, 프로테아제, 소듐하이알루로네이트, 리파아제"
메디필 엑스트라 슈퍼9 플러스 3X,메디필,cleansing,cleansing,A000000224468,11,https://www.oliveyoung.co.kr/store/goods/getGoodsDetail.do?goodsNo=A000000224468&dispCatNo=100000100100007&trackingCd=Cat100000100100007_MID&t_page=%EC%B9%B4%ED%85%8C%EA%B3%A0%EB%A6%AC%EA%B4%80&t_click=%ED%95%84%EB%A7%81&%EC%8A%A4%ED%81%AC%EB%9F%BD_%EC%A0%84%EC%B2%B4__%EC%83%81%ED%92%88%EC%83%81%EC%84%B8&t_number=14,"정제수, 트로메타민, 글리세린, 두송열매추출물, 비누풀뿌리추출물, 살비아잎추출물, 페퍼민트잎추출물, 겨우살이추출물, 버독뿌리추출물, 서양고추나물추출물, 버지니아풍년화수, 레몬밤잎추출물, 폴리글리세릴-10미리스테이트, 부틸렌글라이콜, 하이드록시아세토페논, 다이프로필렌글라이콜, 카프릴릴글라이콜, 베타인, 다이소듐이디티에이, 1,2-헥산다이올, 소듐하이알루로네이트, 파파야열매추출물, 카카두플럼추출물, 마트리카리아꽃추출물, 쇠비름추출물, 호장근뿌리추출물, 치자추출물, 아사이팜열매추출물, 까무까무열매추출물, 가자열매추출물, 부틸아보카데이트, 에틸헥실글리세린, 병풀추출물, 살리실릭애씨드, 글루코노락톤, 목련나무껍질추출물, 아세틸헥사펩타이드-8, 카퍼트라이펩타이드-1, 팔미토일펜타펩타이드-4, 트라이펩타이드-1, 팔미토일트라이펩타이드-1, 헥사펩타이드-9, 토코페롤, 노나펩타이드-1, 락틱애씨드, 시트릭애씨드, 향료."
닥터멜락신 필 샷 각질 케어 쌀 앰플 고마쥬 필링 젤,닥터멜락신,cleansing,cleansing,A000000229956,12,https://www.oliveyoung.co.kr/store/goods/getGoodsDetail.do?goodsNo=A000000229956&dispCatNo=100000100100007&trackingCd=Cat100000100100007_MID&t_page=%EC%B9%B4%ED%85%8C%EA%B3%A0%EB%A6%AC%EA%B4%80&t_click=%ED%95%84%EB%A7%81&%EC%8A%A4%ED%81%AC%EB%9F%BD_%EC%A0%84%EC%B2%B4__%EC%83%81%ED%92%88%EC%83%81%EC%84%B8&t_number=17,"쌀겨수(640,000ppm), 다이프로필렌글라이콜, 정제수, 트라이프로필렌글라이콜, 셀룰로오스, 프로판다이올, 부틸렌글라이콜, 1,2-헥산다이올, 카보머, 스테아트라이모늄메토설페이트, 글리세린, 사카라이드아이소머레이트, 아이소프로필알코올, 하이드록시아세토페논, 글리세레스-25피씨에이아이소스테아레이트, 세틸에틸헥사노에이트, 에틸헥실팔미테이트, 스쿠알란, 에틸헥실글리세린, 수크로오스다이스테아레이트, 카프릴릭/카프릭트라이글리세라이드, 하이드롤라이즈드치자추출물, 하이드롤라이즈드맥아추출물, 하이드롤라이즈드삼색제비꽃추출물, 다이소듐이디티에이, 향료, 하이드로제네이티드레시틴, 하이알루로닉애씨드, 하이드롤라이즈드하이알루로닉애씨드, 소듐하이알루로네이트, 나이아신아마이드, 쌀추출물(100,000ppb), 시트릭애씨드, 소듐시트레이트, 황련뿌리추출물, 카카오씨추출물, 덱스트린, 글루코노락톤"
듀이트리 하이 아미노 올 효소 파우더워시,듀이트리,cleansing,cleansing,A000000232002,13,https://www.oliveyoung.co.kr/store/goods/getGoodsDetail.do?goodsNo=A000000232002&dispCatNo=100000100100007&trackingCd=Cat100000100100007_MID&t_page=%EC%B9%B4%ED%85%8C%EA%B3%A0%EB%A6%AC%EA%B4%80&t_click=%ED%95%84%EB%A7%81&%EC%8A%A4%ED%81%AC%EB%9F%BD_%EC%A0%84%EC%B2%B4__%EC%83%81%ED%92%88%EC%83%81%EC%84%B8&t_number=18,"옥수수전분,소듐코코일글라이시네이트,포타슘미리스테이트,실리카,소듐폴리아크릴레이트,풀루란,효모추출물,올리브오일,불가리스쑥오일,로즈마리잎오일,두송열매오일,갈바눔수지오일,소듐하이알루로네이트,자작나무수액,베타인,정제수,만니톨,1,2-헥산다이올,파파인, 브로멜라인,소이아미노산(100ppm),프로테아제,나이아신아마이드,쌀전분,카올린,카프릴로일살리실릭 애씨드,부틸렌글라이콜 *3종 효소 콤플렉스 총 함량 1,000ppm 함유 (파파인,브로멜라인,프로테아제)"
라운드랩 1025 독도 필링젤,라운드랩,cleansing,cleansing,A000000163814,14,https://www.oliveyoung.co.kr/store/goods/getGoodsDetail.do?goodsNo=A000000163814&dispCatNo=100000100100007&trackingCd=Cat100000100100007_MID&t_page=%EC%B9%B4%ED%85%8C%EA%B3%A0%EB%A6%AC%EA%B4%80&t_click=%ED%95%84%EB%A7%81&%EC%8A%A4%ED%81%AC%EB%9F%BD_%EC%A0%84%EC%B2%B4__%EC%83%81%ED%92%88%EC%83%81%EC%84%B8&t_number=19,"정제수, 다이프로필렌글라이콜, 셀룰로오스, 글리세린, 부틸렌글라이콜, 해수, 소듐하이알루로네이트, 하이드롤라이즈드하이알루로닉애씨드, 하이알루로닉애씨드, 하이드록시프로필트라이모늄하이알루로네이트, 소듐아세틸레이티드하이알루로네이트, 하이드롤라이즈드소듐하이알루로네이트, 소듐하이알루로네이트크로스폴리머, 포타슘하이알루로네이트, 판테놀, 다이포타슘글리시리제이트, 알란토인, 글리세레스-25피씨에이아이소스테아레이트, 프로판다이올, 카프릴릴글라이콜, 프로테아제, 락토바이오닉애씨드, 아크릴레이트/C10-30알킬아크릴레이트크로스폴리머, 1,2-헥산다이올, 바이오사카라이드검-1, 에틸헥실글리세린, 하이드록시에틸셀룰로오스, 트로메타민, 암모늄폴리아크릴로일다이메틸타우레이트, 글리세레스-26, 다이소듐이디티에이, 펜틸렌글라이콜, 하이드록시아세토페논"
케어존 딥클린 젠틀필링젤,케어존,cleansing,cleansing,A000000155992,15,https://www.oliveyoung.co.kr/store/goods/getGoodsDetail.do?goodsNo=A000000155992&dispCatNo=100000100100007&trackingCd=Cat100000100100007_MID&t_page=%EC%B9%B4%ED%85%8C%EA%B3%A0%EB%A6%AC%EA%B4%80&t_click=%ED%95%84%EB%A7%81&%EC%8A%A4%ED%81%AC%EB%9F%BD_%EC%A0%84%EC%B2%B4__%EC%83%81%ED%92%88%EC%83%81%EC%84%B8&t_number=20,"정제수, 쿼터늄-60, 프로필렌글라이콜, 카보머, 디프로필렌글라이콜, 세이지잎추출물, 자몽추출물, 라임추출물, 빌베리열매/잎추출물, 사탕수수추출물, 설탕단풍추출물, 오렌지추출물, 레몬추출물, 부틸렌글라이콜, 페녹시에탄올, 메칠파라벤, 향료"
니들리 마일드 효소 클렌징 파우더,니들리,cleansing,cleansing,A000000242464,16,https://www.oliveyoung.co.kr/store/goods/getGoodsDetail.do?goodsNo=A000000242464&dispCatNo=100000100100007&trackingCd=Cat100000100100007_MID&t_page=%EC%B9%B4%ED%85%8C%EA%B3%A0%EB%A6%AC%EA%B4%80&t_click=%ED%95%84%EB%A7%81&%EC%8A%A4%ED%81%AC%EB%9F%BD_%EC%A0%84%EC%B2%B4__%EC%83%81%ED%92%88%EC%83%81%EC%84%B8&t_number=21,"옥수수전분,소듐코코일이세티오네이트,소듐라우로일글루타메이트,하이드록시프로필스타치포스페이트,다이글리세린,알란토인,브로멜라인(3,134ppm),정제수,말토덱스트린,스쿠알란,살리실릭애씨드(10ppm),글라이콜릭애씨드,트리리프솝베리열매추출물,원지뿌리추출물,모하비유카뿌리추출물,비누풀잎/뿌리추출물,1,2-헥산다이올."
휩드 비건 팩스크럽,휩드,cleansing,cleansing,A000000211371,17,https://www.oliveyoung.co.kr/store/goods/getGoodsDetail.do?goodsNo=A000000211371&dispCatNo=100000100100007&trackingCd=Cat100000100100007_MID&t_page=%EC%B9%B4%ED%85%8C%EA%B3%A0%EB%A6%AC%EA%B4%80&t_click=%ED%95%84%EB%A7%81&%EC%8A%A4%ED%81%AC%EB%9F%BD_%EC%A0%84%EC%B2%B4__%EC%83%81%ED%92%88%EC%83%81%EC%84%B8&t_number=22,"정제수, 마이크로크리스탈린셀룰로오스, 글리세린, 소듐C14-16올레핀설포네이트, 아크릴레이트코폴리머, 소듐코코일이세티오네이트, 라우릴베타인, 알지닌, 향료, 하이드록시아세토페논, 소듐클로라이드, 1,2-헥산다이올, 베타인, 헥사데센, 테트라데센, 다이소듐이디티에이, 에틸헥실글리세린, 인도멀구슬나무꽃추출물, 홀리바질잎추출물, 인도멀구슬나무잎추출물, 울금뿌리추출물, 참산호말추출물, 시트릭애씨드, 병풀추출물, 라임추출물, 부틸렌글라이콜, 카프릴로일살리실릭애씨드, 나이아신아마이드, 아보카도오일, 하이드로제네이티드레시틴, 세라마이드엔피, 리모넨, 리날룰, 하이드록시시트로넬알, 알파-아이소메틸아이오논"
싸이닉 퍼펙트필링젤,싸이닉,cleansing,cleansing,A000000000150,18,https://www.oliveyoung.co.kr/store/goods/getGoodsDetail.do?goodsNo=A000000000150&dispCatNo=100000100100007&trackingCd=Cat100000100100007_MID&t_page=%EC%B9%B4%ED%85%8C%EA%B3%A0%EB%A6%AC%EA%B4%80&t_click=%ED%95%84%EB%A7%81&%EC%8A%A4%ED%81%AC%EB%9F%BD_%EC%A0%84%EC%B2%B4__%EC%83%81%ED%92%88%EC%83%81%EC%84%B8&t_number=23,"정제수, 다이프로필렌글라이콜, 셀룰로오스, 1,2-헥산다이올, 베타인, 빌베리열매추출물, 사탕수수추출물, 레몬추출물, 오렌지추출물, 설탕단풍추출물, 알란토인, 판테놀, 소듐하이알루로네이트, 프로테아제, 글리세린, 드럼스틱씨오일, 세라마이드엔피, 피토스핑고신, 병풀추출물, 하이드로제네이티드레시틴, 카보머, 트로메타민, 에틸헥실글리세린, 다이소듐이디티에이"
바이오힐 보 세라마이드 아쿠아 토닝 필링 젤,바이오힐,cleansing,cleansing,A000000165068,19,https://www.oliveyoung.co.kr/store/goods/getGoodsDetail.do?goodsNo=A000000165068&dispCatNo=100000100100007&trackingCd=Cat100000100100007_MID&t_page=%EC%B9%B4%ED%85%8C%EA%B3%A0%EB%A6%AC%EA%B4%80&t_click=%ED%95%84%EB%A7%81&%EC%8A%A4%ED%81%AC%EB%9F%BD_%EC%A0%84%EC%B2%B4__%EC%83%81%ED%92%88%EC%83%81%EC%84%B8&t_number=24,"정제수, 셀룰로오스, 글리세린, 프로판다이올, 부틸렌글라이콜, 1,2-헥산다이올, 베타인, 사카라이드아이소머레이트, 트로메타민, 카보머, 아크릴레이트/C10-30알킬아크릴레이트크로스폴리머, 폴리아크릴레이트크로스폴리머-6, C12-14파레스-12, 에틸헥실글리세린, 글리세릴아크릴레이트/아크릴릭애씨드코폴리머, 다이소듐이디티에이, 소듐시트레이트, 시트릭애씨드, 카프릴릭/카프릭트라이글리세라이드, 세라마이드엔피(10ppm), 하이드로제네이티드레시틴, 나이아신아마이드, 글루코노락톤, 아스코빌글루코사이드, 알부틴, 자일리틸글루코사이드, 안하이드로자일리톨, 토코페롤, 자일리톨, 하이드롤라이즈드콜라겐"
아리얼 더 퍼펙트 클렌징 티슈,아리얼,cleansing,cleansing,A000000146512,1,https://www.oliveyoung.co.kr/store/goods/getGoodsDetail.do?goodsNo=A000000146512&dispCatNo=100000100100008&trackingCd=Cat100000100100008_MID&t_page=%EC%B9%B4%ED%85%8C%EA%B3%A0%EB%A6%AC%EA%B4%80&t_click=%ED%8B%B0%EC%8A%88/%ED%8C%A8%EB%93%9C_%EC%A0%84%EC%B2%B4__%EC%83%81%ED%92%88%EC%83%81%EC%84%B8&t_number=1,"정제수, 올리브오일피이지-8에스터, 부틸렌글라이콜, 다이프로필렌글라이콜, 피이지-7글리세릴코코에이트, 카프릴릴글라이콜, 피이지-60하이드로제네이티드캐스터오일, 세틸피리디늄클로라이드, 리모넨, 코카미도프로필피지-다이모늄클로라이드포스페이트, 시트릭애씨드, 다이소듐이디티에이, 베르가모트오일, 구주소나무잎오일, 라임전초오일, 유칼립투스잎오일, 리날룰, 레몬껍질오일, 시트랄, 소듐시트레이트, 해바라기씨오일, 글리세린, 미네랄워터, 오렌지껍질오일, 1,2-헥산다이올, 페녹시에탄올, 얼룩파인애플추출물, 매실추출물, 마트리카리아꽃추출물, 락토바실러스/호박발효추출물, 율무씨추출물, 파파인, 까무까무열매추출물, 에틸헥실글리세린, 브로멜라인"
비페스타 클렌징티슈 세럼 모이스트,비페스타,cleansing,cleansing,A000000013305,2,https://www.oliveyoung.co.kr/store/goods/getGoodsDetail.do?goodsNo=A000000013305&dispCatNo=100000100100008&trackingCd=Cat100000100100008_MID&t_page=%EC%B9%B4%ED%85%8C%EA%B3%A0%EB%A6%AC%EA%B4%80&t_click=%ED%8B%B0%EC%8A%88/%ED%8C%A8%EB%93%9C_%EC%A0%84%EC%B2%B4__%EC%83%81%ED%92%88%EC%83%81%EC%84%B8&t_number=2,"정제수, 에탄올, 글리세린, 피이지-7글리세릴코코에이트, 피이지-32, 피이지-6, 피이지-6카프릴릭/카프릭글리세라이즈, 페녹시에탄올, 메틸파라벤, 폴리글리세릴-3카프릴레이트, 폴리글리세릴-6다이카프레이트, 소듐시트레이트, 소듐스테아로일글루타메이트, 다이소듐이디티에이, 나이아신아마이드, 시트릭애씨드, 다이하이드록시프로필알지닌에이치씨엘, 하이드록시프로필트라이모늄하이알루로네이트"
비페스타 클렌징티슈 브라이트닝,비페스타,cleansing,cleansing,A000000147835,3,https://www.oliveyoung.co.kr/store/goods/getGoodsDetail.do?goodsNo=A000000147835&dispCatNo=100000100100008&trackingCd=Cat100000100100008_MID&t_page=%EC%B9%B4%ED%85%8C%EA%B3%A0%EB%A6%AC%EA%B4%80&t_click=%ED%8B%B0%EC%8A%88/%ED%8C%A8%EB%93%9C_%EC%A0%84%EC%B2%B4__%EC%83%81%ED%92%88%EC%83%81%EC%84%B8&t_number=3,"정제수, 에탄올, 글리세린, 피이지-7글리세릴코코에이트, 피이지-6카프릴릭/카프릭글리세라이즈, 페녹시에탄올, 메틸파라벤, 폴리글리세릴-3카프릴레이트, 폴리글리세릴-6다이카프레이트, 소듐시트레이트, 소듐스테아로일글루타메이트, 다이소듐이디티에이, 시트릭애씨드, 락틱애씨드, 다이소듐아스코빌설페이트"
포인트앤 딥 클린 올킬 클렌징티슈,포인트앤,cleansing,cleansing,A000000213922,4,https://www.oliveyoung.co.kr/store/goods/getGoodsDetail.do?goodsNo=A000000213922&dispCatNo=100000100100008&trackingCd=Cat100000100100008_MID&t_page=%EC%B9%B4%ED%85%8C%EA%B3%A0%EB%A6%AC%EA%B4%80&t_click=%ED%8B%B0%EC%8A%88/%ED%8C%A8%EB%93%9C_%EC%A0%84%EC%B2%B4__%EC%83%81%ED%92%88%EC%83%81%EC%84%B8&t_number=4,"정제수, 메틸프로판다이올, 폴리글리세릴-4카프레이트, 폴록사머184, 카프릴릭/카프릭트라이글리세라이드, 아이소프로필미리스테이트, 다이소듐이디티에이, 소듐벤조에이트, 라우릴피리디늄클로라이드, 하이드록시아세토페논, 부틸렌글라이콜, 시트릭애씨드, 해수, 온천수, 탄산수, 드럼스틱씨오일, 라벤더오일, 1,2-헥산다이올, 로즈마리잎오일, 해바라기씨오일, 소듐바이카보네이트, 소듐하이알루로네이트, 글리세린, 레몬껍질오일, 유칼립투스잎오일, 살비아오일, 펜틸렌글라이콜, 카프릴릴글라이콜, 에틸헥실글리세린"
아리얼 더 퍼펙트 클렌징 티슈,아리얼,cleansing,cleansing,A000000147672,5,https://www.oliveyoung.co.kr/store/goods/getGoodsDetail.do?goodsNo=A000000147672&dispCatNo=100000100100008&trackingCd=Cat100000100100008_MID&t_page=%EC%B9%B4%ED%85%8C%EA%B3%A0%EB%A6%AC%EA%B4%80&t_click=%ED%8B%B0%EC%8A%88/%ED%8C%A8%EB%93%9C_%EC%A0%84%EC%B2%B4__%EC%83%81%ED%92%88%EC%83%81%EC%84%B8&t_number=5,"정제수, 올리브오일피이지-8에스터, 부틸렌글라이콜, 다이프로필렌글라이콜, 피이지-7글리세릴코코에이트, 해바라기씨오일, 율무씨추출물, 얼룩파인애플추출물, 매실추출물, 브로멜라인, 락토바실러스/호박발효추출물, 까무까무열매추출물, 마트리카리아꽃추출물, 미네랄워터, 파파인, 피이지-60하이드로제네이티드캐스터오일, 세틸피리디늄클로라이드 , 카프릴릴글라이콜, 코카미도프로필피지-다이모늄클로라이드포스페이트, 시트릭애씨드, 소듐시트레이트, 다이소듐이디티에이, 유칼립투스잎오일, 라임전초오일, 구주소나무잎오일, 오렌지껍질오일, 베르가모트오일, 레몬껍질오일, 시트랄, 리모넨, 리날룰"
듀이트리 픽앤퀵 뜯어쓰는 클렌징 빅 패드,듀이트리,cleansing,cleansing,A000000236668,6,https://www.oliveyoung.co.kr/store/goods/getGoodsDetail.do?goodsNo=A000000236668&dispCatNo=100000100100008&trackingCd=Cat100000100100008_MID&t_page=%EC%B9%B4%ED%85%8C%EA%B3%A0%EB%A6%AC%EA%B4%80&t_click=%ED%8B%B0%EC%8A%88/%ED%8C%A8%EB%93%9C_%EC%A0%84%EC%B2%B4__%EC%83%81%ED%92%88%EC%83%81%EC%84%B8&t_number=6,"정제수, 폴리글리세릴-6카프릴레이트, 폴리글리세릴-10라우레이트, 1,2-헥산다이올, 하이드록시아세토페논, 알란토인, 카프릴릭/카프릭트라이글리세라이드, 에틸헥실글리세린, 다이소듐이디티에이, 로즈마리잎오일, 자작나무수액, 글루코 노락톤, 소듐시트레이트, 부틸렌글라이콜, 약모밀추출물, 글리세릴카프릴레이트, 소듐하이알루로네이트, 다이메틸실란올하이알루로네이트, 하이알루로닉애씨드, 하이드롤라이즈드하이알루로닉애씨드, 하이드롤라이즈드소듐하이알루로네 이트, 포타슘하이알루로네이트, 하이드록시프로필트라이모늄하이알루로네이트, 소듐하이알루로네이트크로스폴리머, 소듐하이알루로네이트다이메틸실란올, 소듐아세틸레이티드하이알루로네이트"
식물나라 제주 탄산수 딥 클렌징티슈,식물나라,cleansing,cleansing,A000000170538,7,https://www.oliveyoung.co.kr/store/goods/getGoodsDetail.do?goodsNo=A000000170538&dispCatNo=100000100100008&trackingCd=Cat100000100100008_MID&t_page=%EC%B9%B4%ED%85%8C%EA%B3%A0%EB%A6%AC%EA%B4%80&t_click=%ED%8B%B0%EC%8A%88/%ED%8C%A8%EB%93%9C_%EC%A0%84%EC%B2%B4__%EC%83%81%ED%92%88%EC%83%81%EC%84%B8&t_number=7,"정제수, 다이프로필렌글라이콜, 글리세린, 폴리글리세릴-10라우레이트, 하이드록시아세토페논, 에틸헥실글리세린, 폴리솔베이트20, 향료, 온천수(500ppm), 다이소듐이디티에이, 판테놀, 메틸프로판다이올, 1,2-헥산다이올, 소듐시트레이트"
셀리맥스 수정화장 패드,셀리맥스,cleansing,cleansing,A000000136713,8,https://www.oliveyoung.co.kr/store/goods/getGoodsDetail.do?goodsNo=A000000136713&dispCatNo=100000100100008&trackingCd=Cat100000100100008_MID&t_page=%EC%B9%B4%ED%85%8C%EA%B3%A0%EB%A6%AC%EA%B4%80&t_click=%ED%8B%B0%EC%8A%88/%ED%8C%A8%EB%93%9C_%EC%A0%84%EC%B2%B4__%EC%83%81%ED%92%88%EC%83%81%EC%84%B8&t_number=8,"정제수, 다이프로필렌글라이콜, 빙하수, 1,2-헥산다이올, 부틸렌글라이콜, 피이지-7글리세릴코코에이트, 클로페네신, 피이지-60하이드로제네이티드캐스터오일, 스타아니스추출물, 황금추출물, 티트리잎오일, 알란토인, 병풀추출물, 다이소듐이디티에이, 소듐하이알루로네이트, 바이오사카라이드검-4, 시트릭애씨드, 나이아신아마이드, 칼슘판토테네이트, 소듐아스코빌포스페이트, 피리독신에이치씨엘, 토코페릴아세테이트, 리모넨"
클라뷰 리얼 비건 퀵 클렌징 패드,클라뷰,cleansing,cleansing,A000000160578,9,https://www.oliveyoung.co.kr/store/goods/getGoodsDetail.do?goodsNo=A000000160578&dispCatNo=100000100100008&trackingCd=Cat100000100100008_MID&t_page=%EC%B9%B4%ED%85%8C%EA%B3%A0%EB%A6%AC%EA%B4%80&t_click=%ED%8B%B0%EC%8A%88/%ED%8C%A8%EB%93%9C_%EC%A0%84%EC%B2%B4__%EC%83%81%ED%92%88%EC%83%81%EC%84%B8&t_number=9,"정제수, 폴리글리세릴-4카프레이트, 1,2-헥산다이올, 글리세린, 다이프로필렌글라이콜 , 판테놀, 편백수, 약모밀추출물, 부틸렌글라이콜, 글루코노락톤, 에틸헥실글리세린, 하이드록시아세토페논"
케어존 닥터솔루션 클렌징 티슈,케어존,cleansing,cleansing,A000000006469,10,https://www.oliveyoung.co.kr/store/goods/getGoodsDetail.do?goodsNo=A000000006469&dispCatNo=100000100100008&trackingCd=Cat100000100100008_MID&t_page=%EC%B9%B4%ED%85%8C%EA%B3%A0%EB%A6%AC%EA%B4%80&t_click=%ED%8B%B0%EC%8A%88/%ED%8C%A8%EB%93%9C_%EC%A0%84%EC%B2%B4__%EC%83%81%ED%92%88%EC%83%81%EC%84%B8&t_number=10,"정제수,디프로필렌글라이콜,피이지-7카프릴릭/카프릭글리세라이드,에탄올,글리세린,피이지-15글리세릴이소스테아레이트,글리세레스-26,세테아릴이소노나노에이트,세테아릴알코올,세테아레스-12,세테아레스-20,글리세릴스테아레이트,세틸팔미테이트,코세스-7,피피지-1-피이지-9라우릴글라이콜에텔,피이지-40하이드로제네이티드캐스터오일,코코-글루코사이드,글리세릴올리에이트,폴리메칠실세스퀴옥산 ,디메치콘,피이지-40스테아레이트,이소헥사데칸,세테아릴메치콘,스테아레스-2,스테아레스-21,체이스트트리추출물,레시틴,카프릴릭/카프릭트리글리세라이드,토코페롤,아스코빌테트라이소팔미테이트,사이클로덱스트린,트리소듐이디티에이,메칠파라벤,에칠파라벤,메칠이소치아졸리논,향료"
비페스타 클렌징티슈 세럼 모이스트,비페스타,cleansing,cleansing,A000000128591,11,https://www.oliveyoung.co.kr/store/goods/getGoodsDetail.do?goodsNo=A000000128591&dispCatNo=100000100100008&trackingCd=Cat100000100100008_MID&t_page=%EC%B9%B4%ED%85%8C%EA%B3%A0%EB%A6%AC%EA%B4%80&t_click=%ED%8B%B0%EC%8A%88/%ED%8C%A8%EB%93%9C_%EC%A0%84%EC%B2%B4__%EC%83%81%ED%92%88%EC%83%81%EC%84%B8&t_number=11,"정제수, 에탄올, 글리세린, 피이지-7글리세릴코코에이트, 피이지-32, 피이지-6, 피이지-6카프릴릭/카프릭글리세라이즈, 페녹시에탄올, 메틸파라벤, 폴리글리세릴-3카프릴레이트, 폴리글리세릴-6다이카프레이트, 소듐시트레이트, 소듐스테아로일글루타메이트, 다이소듐이디티에이, 나이아신아마이드, 시트릭애씨드, 다이하이드록시프로필알지닌에이치씨엘, 하이드록시프로필트라이모늄하이알루로네이트"
바닐라코 클린잇제로 수딩 립&아이리무버 패드,바닐라코,cleansing,cleansing,A000000223461,12,https://www.oliveyoung.co.kr/store/goods/getGoodsDetail.do?goodsNo=A000000223461&dispCatNo=100000100100008&trackingCd=Cat100000100100008_MID&t_page=%EC%B9%B4%ED%85%8C%EA%B3%A0%EB%A6%AC%EA%B4%80&t_click=%ED%8B%B0%EC%8A%88/%ED%8C%A8%EB%93%9C_%EC%A0%84%EC%B2%B4__%EC%83%81%ED%92%88%EC%83%81%EC%84%B8&t_number=13,"정제수, 세틸에틸헥사노에이트, 사이클로펜타실록세인, 사이클로헥사실록세인, 메틸프로판다이올, 글리세린, 폴록사머184, 에틸헥실글리세린, 세틸피리디늄클로라이드, 카프릴릴글라이콜, 코카미도프로필피지-다이모늄클로라이드포스페이트, 포타슘코코일글리시네이트, 소듐코코일애플아미노산, 시트릭애씨드, 부틸렌글라이콜, 토코페릴아세테이트, 로즈힙열매오일, 온천수, 센티드제라늄꽃오일, 시트로넬올, 헥실렌글라이콜, 제라니올, 리날룰, 1,2-헥산다이올, 오렌지껍질오일, 비피다발효여과물, 테트라소듐글루타메이트다이아세테이트, 다마스크장미추출물, 리치추출물, 병풀추출물, 아세로라추출물, 밤부사 불가리스잎/줄기추출물, 루이보스추출물, 안젤리카뿌리추출물, 다마 스크장미꽃수"
포인트앤 비타 로즈 멀티 클렌징패드,포인트앤,cleansing,cleansing,A000000236995,13,https://www.oliveyoung.co.kr/store/goods/getGoodsDetail.do?goodsNo=A000000236995&dispCatNo=100000100100008&trackingCd=Cat100000100100008_MID&t_page=%EC%B9%B4%ED%85%8C%EA%B3%A0%EB%A6%AC%EA%B4%80&t_click=%ED%8B%B0%EC%8A%88/%ED%8C%A8%EB%93%9C_%EC%A0%84%EC%B2%B4__%EC%83%81%ED%92%88%EC%83%81%EC%84%B8&t_number=14,"정제수, 메틸프로판다이올, 1,2-헥산다이올, 다이프로필렌글라이콜, 폴리글리세릴-10라우레이트, 프로판다이올, 부틸렌글라이콜, 글리세린, 하이드록시아세토페논, 폴리글리세릴-3코코에이트, 폴리글리세릴-4카프레이트, 폴리글리세릴-6카프릴레이트, 폴리글리세릴-6리시놀리에이트, 알란토인, 에틸헥실글리세린, 다이소듐이디티에이, 소듐하이알루로네이트, 시트릭애씨드, 소듐시트레이트, 아스코빅애씨드(1,000ppb), 카프릴로일살리실릭애씨드, 나이아신아마이드(1,000ppb), 해바라기씨오일, 토코페롤(500ppb), 장미추출물(200ppb), 하이드록시프로필트라이모늄하이알루로네이트, 하이드롤라이즈드하이알루로닉애씨드, 장미꽃수(10ppb), 소듐아세틸레이티드하이알루로네이트, 하이알루로닉애씨드, 장미꽃오일(1ppb), 소듐하이알루로네이트크로스폴리머, 포타슘하이알루로네이트, 향료, 헥실신남알, 리모넨, 시트로넬올, 리날룰, 제라니올"
나이팅게일 데일리더마 클렌징패드 마일드,나이팅게일,cleansing,cleansing,A000000102967,14,https://www.oliveyoung.co.kr/store/goods/getGoodsDetail.do?goodsNo=A000000102967&dispCatNo=100000100100008&trackingCd=Cat100000100100008_MID&t_page=%EC%B9%B4%ED%85%8C%EA%B3%A0%EB%A6%AC%EA%B4%80&t_click=%ED%8B%B0%EC%8A%88/%ED%8C%A8%EB%93%9C_%EC%A0%84%EC%B2%B4__%EC%83%81%ED%92%88%EC%83%81%EC%84%B8&t_number=15,"정제수,디프로필렌글라이콜,올리브오일피이지-7에스터,피이지-6카프릴릭/카프릭글리세라이드,1,2-헥산디올,소듐하이알루로네이트,사카라이드아이소머레이트,라벤더추출물,클라리추출물 ,히아신스추출물,캐모마일꽃/잎추출물,보리지추출물,바이오사카라이드검-4,수레국화꽃추출물,자몽껍질오일,부틸렌글라이콜,에칠헥실글리세린,하이드록시아세토페논,디소듐이디티에이 ,소듐시트레이트 ,시트릭애씨드"
라운드랩 자작나무 수분 클렌징 패드,라운드랩,cleansing,cleansing,A000000148208,15,https://www.oliveyoung.co.kr/store/goods/getGoodsDetail.do?goodsNo=A000000148208&dispCatNo=100000100100008&trackingCd=Cat100000100100008_MID&t_page=%EC%B9%B4%ED%85%8C%EA%B3%A0%EB%A6%AC%EA%B4%80&t_click=%ED%8B%B0%EC%8A%88/%ED%8C%A8%EB%93%9C_%EC%A0%84%EC%B2%B4__%EC%83%81%ED%92%88%EC%83%81%EC%84%B8&t_number=16,"정제수, 부틸렌글라이콜, 다이프로필렌글라이콜, 폴리글리세릴-4카프레이트, 폴리글리세릴-6카프릴레이트, 다이에톡시에틸석시네이트, 글리세린, 자작나무수액, 글리세릴글루코사이드, 소듐하이알루로네이트, 하이알루로닉애씨드, 하이드롤라이즈드하이알루로닉애씨드, 판테놀, 알란토인, 다이포타슘글리시리제이트, 1,2-헥산다이올, 아스코빅애씨드, 카프릴로일살리실릭애씨드, 글리세릴카프릴레이트, 바이오사카라이드검-1, 에틸헥실글리세린, 다이소듐이디티에이, 폴리글리세릴-10라우레이트, 폴리글리세릴-10미리스테이트, 소듐시트레이트, 하이드록시아세토페논, 잔탄검"
라운드랩 1025 독도 클렌징 티슈,라운드랩,cleansing,cleansing,A000000160370,16,https://www.oliveyoung.co.kr/store/goods/getGoodsDetail.do?goodsNo=A000000160370&dispCatNo=100000100100008&trackingCd=Cat100000100100008_MID&t_page=%EC%B9%B4%ED%85%8C%EA%B3%A0%EB%A6%AC%EA%B4%80&t_click=%ED%8B%B0%EC%8A%88/%ED%8C%A8%EB%93%9C_%EC%A0%84%EC%B2%B4__%EC%83%81%ED%92%88%EC%83%81%EC%84%B8&t_number=18,"정제수, 메틸프로판다이올, 다이프로필렌글라이콜, 폴리글리세릴-6카프릴레이트, 해수, 소듐하이알루로네이트, 소듐아세틸레이티드하이알루로네이트, 하이드롤라이즈드하이알루로닉애씨드, 알란토인, 다이포타슘글리시리제이트, 판테놀, 말토덱스트린, 소듐메타바이설파이트, 프로테아제, 폴리글리세릴-4카프레이트, 소듐시트레이트, 하이드록시아세토페논, 데실렌글라이콜, 라우릴피리디늄클로라이드, 레불리닉애씨드, 소듐레불리네이트, 다이소듐이디티에이, 1,2-헥산다이올, 시트릭애씨드"
비페스타 클렌징티슈 퍼펙트 클리어,비페스타,cleansing,cleansing,A000000161466,17,https://www.oliveyoung.co.kr/store/goods/getGoodsDetail.do?goodsNo=A000000161466&dispCatNo=100000100100008&trackingCd=Cat100000100100008_MID&t_page=%EC%B9%B4%ED%85%8C%EA%B3%A0%EB%A6%AC%EA%B4%80&t_click=%ED%8B%B0%EC%8A%88/%ED%8C%A8%EB%93%9C_%EC%A0%84%EC%B2%B4__%EC%83%81%ED%92%88%EC%83%81%EC%84%B8&t_number=21,"정제수, 하이드로제네이티드폴리아이소부텐, 다이메티콘, 에탄올, 아이소펜틸다이올, 글리세린, 피이지-20글리세릴아이소스테아레이트, 카프릴릴메티콘, 아이소도데케인, 폴리글리세릴-3카프릴레이트, 페녹시에탄올, 메틸파라벤, 에톡시다이글라이콜, 쌀배아오일, 피이지-6카프릴릭/카프릭글리세라이즈, 풀루란, 아크릴레이트/C10-30알킬아크릴레이트크로스폴리머, 포타슘하이드록사이드, 부틸렌글라이콜, 아티초크잎추출물"
궁중비책 마일드 선클렌징 티슈,궁중비책,cleansing,cleansing,A000000183960,18,https://www.oliveyoung.co.kr/store/goods/getGoodsDetail.do?goodsNo=A000000183960&dispCatNo=100000100100008&trackingCd=Cat100000100100008_MID&t_page=%EC%B9%B4%ED%85%8C%EA%B3%A0%EB%A6%AC%EA%B4%80&t_click=%ED%8B%B0%EC%8A%88/%ED%8C%A8%EB%93%9C_%EC%A0%84%EC%B2%B4__%EC%83%81%ED%92%88%EC%83%81%EC%84%B8&t_number=22,"정제수, 헥실렌글라이콜, 복사나무잎추출물, 매실추출물, 뽕나무잎추출물, 회화나무뿌리추출물, 흰버드나무껍질추출물, 병풀추출물, 팥추출물, 연꽃추출물, 귀리커넬오일, 사이클로펜타실록세인, 사이클로헥사실록세인, 글리세린, 부틸렌글라이콜, 메틸프로판다이올, 1,2-헥산다이올, 에틸헥실팔미테이트, 폴리솔베이트20, 카프릴릴글라이콜, 소듐벤조에이트(0.45%), 에틸헥실글리세린, 시트릭애씨드, 향료"
나이팅게일 데일리더마 클렌징패드 마일드 애씨드,나이팅게일,cleansing,cleansing,A000000141661,19,https://www.oliveyoung.co.kr/store/goods/getGoodsDetail.do?goodsNo=A000000141661&dispCatNo=100000100100008&trackingCd=Cat100000100100008_MID&t_page=%EC%B9%B4%ED%85%8C%EA%B3%A0%EB%A6%AC%EA%B4%80&t_click=%ED%8B%B0%EC%8A%88/%ED%8C%A8%EB%93%9C_%EC%A0%84%EC%B2%B4__%EC%83%81%ED%92%88%EC%83%81%EC%84%B8&t_number=23,"정제수, 다이프로필렌글라이콜, 글리세레스-25피씨에이아이소스테아레이트, 1,2-헥산다이올, 다이에톡시에틸석시네이트, 소듐하이알루로네이트, 하이드롤라이즈드하이알루로닉애씨드, 소듐아세틸레이티드하이알루로네이트, 라벤더추출물, 클레리추출물, 히아신스전초추출물, 마트리카리아꽃/잎추출물, 보리지추출물, 수레국화꽃추출물, 병풀추출물, 티트리추출물, 쇠비름추출물, 마트리카리아꽃추출물, 녹차추출물, 달맞이꽃추출물, 포트마리골드추출물, 스피룰리나 플라텐시스추출물, 부틸렌글라이콜, 대왕송잎추출물, 당느릅나무뿌리추출물, 칡뿌리추출물, 마데카소사이드, 바이오사카라이드검-4, 알란토인, 판테놀, 자일리톨, 에틸헥실글리세린, 클로페네신, 소듐시트레이트, 오렌지껍질오일, 라벤더오일, 리모넨"
키노닉스 카모 원스텝 클렌징 패드,키노닉스,cleansing,cleansing,A000000137298,20,https://www.oliveyoung.co.kr/store/goods/getGoodsDetail.do?goodsNo=A000000137298&dispCatNo=100000100100008&trackingCd=Cat100000100100008_MID&t_page=%EC%B9%B4%ED%85%8C%EA%B3%A0%EB%A6%AC%EA%B4%80&t_click=%ED%8B%B0%EC%8A%88/%ED%8C%A8%EB%93%9C_%EC%A0%84%EC%B2%B4__%EC%83%81%ED%92%88%EC%83%81%EC%84%B8&t_number=24,"정제수,부틸렌글라이콜, 다이프로필렌글라이콜, 다이에톡시에틸석시네이트, 폴리글리세릴-6카프릴레이트, 폴리글리세릴-4카프레이트, 양배추추출물, 드럼스틱씨추출물, 유칼립투스잎오일, 솔잣나무오일, 라반딘오일, 페퍼민트오일, 센티드제라늄꽃오일, 개잎갈나무목부오일,리씨열매오일, 광곽향오일, 소듐하이알루로네이트, 하이드롤라이즈드하이알루로닉애씨드, 소듐아세틸레이티드하이알루로네이트,락토바이오닉애씨드,1,2-헥산다이올, 하이드록시아세토페논, 에틸헥실글리세린"
폰즈 클리어 훼이스 스파 립&아이 리무버,폰즈,cleansing,cleansing,A000000006346,1,https://www.oliveyoung.co.kr/store/goods/getGoodsDetail.do?goodsNo=A000000006346&dispCatNo=100000100100006&t_page=%EC%B9%B4%ED%85%8C%EA%B3%A0%EB%A6%AC%EA%B4%80&t_click=%EB%A6%BD&%EC%95%84%EC%9D%B4%EB%A6%AC%EB%AC%B4%EB%B2%84_%EC%A0%84%EC%B2%B4__%EC%83%81%ED%92%88%EC%83%81%EC%84%B8&t_number=1,"정제수, 사이클로펜타실록산, 이소헥사데칸, 이소도데칸, 헥실렌글라이콜, 소듐클로라이드, 디소듐이디티에이, 폴록사머 184, 페녹시에탄올, 소듐시트레이트, 벤질알코올, 벤잘코늄클로라이드, 시트릭애씨드, 구조소나무잎추출물, 디포타슘글리시리제이트, 효모/징크발효물, 효모/마그네슘발효물, 포도씨추출물, 녹차추출물, 녹색 202 호"
키스미 히로인메이크 스피디 마스카라 전용 리무버,키스미,cleansing,cleansing,A000000102752,2,https://www.oliveyoung.co.kr/store/goods/getGoodsDetail.do?goodsNo=A000000102752&dispCatNo=100000100100006&t_page=%EC%B9%B4%ED%85%8C%EA%B3%A0%EB%A6%AC%EA%B4%80&t_click=%EB%A6%BD&%EC%95%84%EC%9D%B4%EB%A6%AC%EB%AC%B4%EB%B2%84_%EC%A0%84%EC%B2%B4__%EC%83%81%ED%92%88%EC%83%81%EC%84%B8&t_number=2,"아이소헥사데칸, 트라이에틸헥사노인, 아이소도데케인, 미네랄오일, 피이지-15/라우릴다이메티콘크로스폴리머, 부틸렌글라이콜, C30-45알킬메티콘, C30-45올레핀, 토코페롤, 프로필파라벤, 동백나무씨오일, 스위트아몬드오일, 스쿠알란, 아르간커넬오일, 로즈힙열매오일, 인삼추출물, 로얄젤리추출물"
아리얼 스트레스 릴리빙 립앤아이 리무버 패드,아리얼,cleansing,cleansing,A000000125392,3,https://www.oliveyoung.co.kr/store/goods/getGoodsDetail.do?goodsNo=A000000125392&dispCatNo=100000100100006&t_page=%EC%B9%B4%ED%85%8C%EA%B3%A0%EB%A6%AC%EA%B4%80&t_click=%EB%A6%BD&%EC%95%84%EC%9D%B4%EB%A6%AC%EB%AC%B4%EB%B2%84_%EC%A0%84%EC%B2%B4__%EC%83%81%ED%92%88%EC%83%81%EC%84%B8&t_number=4,"정제수, 세틸에틸헥사노에이트, 사이클로펜타실록세인, 사이클로헥사실록세인, 메틸프로판다이올, 글리세린, 폴록사머184, 해바라기씨오일, 살구씨오일, 올리브오일, 호호바씨오일, 브로콜리추출물, 토마토추출물, 사과추출물, 바나나추출물, 양배추추출물, 당근추출물, 검정콩추출물, 참깨추출물, 귀리가루추출물, 소듐코코일애플아미노산, 헥실렌글라이콜, 테트라소듐글루타메이트다이아세테이트, 포타슘코코일글리시네이트, 에틸헥실글리세린, 세틸피리디늄클로라이드, 카프릴릴글라이콜, 코카미도프로필피지-다이모늄클로라이드포스페이트, 시트릭애씨드, 유칼립투스잎오일, 라임전초오일, 구주소나무잎오일, 오렌지껍질오일, 베르가모트오일, 레몬껍질오일, 리모넨, 리날룰"
식물나라 제주 탄산수 딥 립 앤 아이 리무버,식물나라,cleansing,cleansing,A000000204481,4,https://www.oliveyoung.co.kr/store/goods/getGoodsDetail.do?goodsNo=A000000204481&dispCatNo=100000100100006&t_page=%EC%B9%B4%ED%85%8C%EA%B3%A0%EB%A6%AC%EA%B4%80&t_click=%EB%A6%BD&%EC%95%84%EC%9D%B4%EB%A6%AC%EB%AC%B4%EB%B2%84_%EC%A0%84%EC%B2%B4__%EC%83%81%ED%92%88%EC%83%81%EC%84%B8&t_number=5,"정제수,사이클로펜타실록세인,카프릴릭/카프릭트라이글리세라이드,다이프로필렌글라이콜,아이소헥사데칸,아이소도데케인,아이소프로필미리스테이트,페녹시에탄올,소듐클로라이드,카프릴릴/카프릴글루코사이드,1,2-헥산다이올,다이소듐이디티에이,탄산수,에틸헥실글리세린,녹색202호"
포인트앤 딥 클린 올킬 립앤아이 리무버,포인트앤,cleansing,cleansing,A000000213921,5,https://www.oliveyoung.co.kr/store/goods/getGoodsDetail.do?goodsNo=A000000213921&dispCatNo=100000100100006&t_page=%EC%B9%B4%ED%85%8C%EA%B3%A0%EB%A6%AC%EA%B4%80&t_click=%EB%A6%BD&%EC%95%84%EC%9D%B4%EB%A6%AC%EB%AC%B4%EB%B2%84_%EC%A0%84%EC%B2%B4__%EC%83%81%ED%92%88%EC%83%81%EC%84%B8&t_number=6,"정제수, 에틸헥실팔미테이트, C15-23알케인, 헥실렌글라이콜, 아이소프로필미리스테이트, 아이소도데케인, 포타슘포스페이트, 다이카프릴릴카보네이트, C13-14알케인, 소듐클로라이드, 소듐벤조에이트, 부틸렌글라이콜, 알지닌, 해수, 알란토인, 다이소듐이디티에이, 온천수, 탄산수, 데실글루코사이드, 드럼스틱씨오일, 1,2-헥산다이올, 펜틸렌글라이콜, 토코페롤, 카프릴릴글라이콜, 에틸헥실글리세린"
비페스타 립앤아이 리무버,비페스타,cleansing,cleansing,A000000231085,6,https://www.oliveyoung.co.kr/store/goods/getGoodsDetail.do?goodsNo=A000000231085&dispCatNo=100000100100006&t_page=%EC%B9%B4%ED%85%8C%EA%B3%A0%EB%A6%AC%EA%B4%80&t_click=%EB%A6%BD&%EC%95%84%EC%9D%B4%EB%A6%AC%EB%AC%B4%EB%B2%84_%EC%A0%84%EC%B2%B4__%EC%83%81%ED%92%88%EC%83%81%EC%84%B8&t_number=7,"정제수, 사이클로펜타실록세인, 미네랄오일, 아이소도데케인, 에탄올, 피이지-400, 소듐클로라이드, 피씨에이에틸코코일알지네이트, 피피지-2-데세스-7, 다이소듐이디티에이, 판테놀, 토코페릴아세테이트, 피이지-6카프릴릭/카프릭글리세라이즈, 하이드롤라이즈드하이알루로닉애씨드"
바이오더마 센시비오 H2O eye,바이오더마,cleansing,cleansing,A000000237813,7,https://www.oliveyoung.co.kr/store/goods/getGoodsDetail.do?goodsNo=A000000237813&dispCatNo=100000100100006&t_page=%EC%B9%B4%ED%85%8C%EA%B3%A0%EB%A6%AC%EA%B4%80&t_click=%EB%A6%BD&%EC%95%84%EC%9D%B4%EB%A6%AC%EB%AC%B4%EB%B2%84_%EC%A0%84%EC%B2%B4__%EC%83%81%ED%92%88%EC%83%81%EC%84%B8&t_number=8,"정제수, 아이소헥사데칸, 아이소도데케인, 프로판다이올, 소듐클로라이드, 카프릴릭/카프릭트라이글리세라이드, 프룩토올리고사카라이드, 판테놀, 소듐시트레이트, 만니톨, 자일리톨, 카퍼글루코네이트, 시트릭애씨드, 세트리모늄브로마이드, 람노오스, 폴리글리세릴-10라우레이트, 라미나리아 오크롤레우카추출물"
바닐라코 클린잇제로 립&아이리무버,바닐라코,cleansing,cleansing,A000000225189,8,https://www.oliveyoung.co.kr/store/goods/getGoodsDetail.do?goodsNo=A000000225189&dispCatNo=100000100100006&t_page=%EC%B9%B4%ED%85%8C%EA%B3%A0%EB%A6%AC%EA%B4%80&t_click=%EB%A6%BD&%EC%95%84%EC%9D%B4%EB%A6%AC%EB%AC%B4%EB%B2%84_%EC%A0%84%EC%B2%B4__%EC%83%81%ED%92%88%EC%83%81%EC%84%B8&t_number=10,"정제수, 세틸에틸헥사노에이트, 아이소도데케인, 아이소프로필미리스테이트, 락토바실러스발효물, 부틸렌글라이콜, 소듐클로라이드, 알란토인, 에틸헥실글리세린, 다이포타슘글리시리제이트, 소듐시트레이트, 셀룰로오스검, 소듐파이테이트, 인도멀구슬나무잎추출물, 인도멀구슬나무꽃추출물, 판테놀, 시트릭애씨드, 아이비고드열매추출물, 1,2-헥산다이올, 알로에베라꽃추출물, 가지열매추출물, 소듐코코일애플아미노산, 홀리바질잎추출물, 히아신스전초추출물, 라벤더꽃수, 클레리추출물, 보리지추출물, 수레국화꽃추출물, 마트리카리아꽃/잎추출물, 코코넛야자오일, 호호바씨오일, 참산호말추출물, 울금뿌리추출물, 헥실렌글라이콜, 소듐구아이아줄렌설포네이트, 로즈마리잎추출물, 살비아잎추출물, 캐모마일꽃추출물, 테트라소듐글루타메이트다이아세테이트, 녹차추출물, 소듐하이알루로네이트"
뽀오얀 미소 발효 립&아이 리무버,에뛰드,cleansing,cleansing,A000000187803,9,https://www.oliveyoung.co.kr/store/goods/getGoodsDetail.do?goodsNo=A000000187803&dispCatNo=100000100100006&t_page=%EC%B9%B4%ED%85%8C%EA%B3%A0%EB%A6%AC%EA%B4%80&t_click=%EB%A6%BD&%EC%95%84%EC%9D%B4%EB%A6%AC%EB%AC%B4%EB%B2%84_%EC%A0%84%EC%B2%B4__%EC%83%81%ED%92%88%EC%83%81%EC%84%B8&t_number=11,"정제수, 세틸에틸헥사노에이트, C9-12알케인, C18-21알케인, 글리세린, 아이소도데케인, 헥실렌글라이콜, 소듐클로라이드, 코코-카프릴레이트/카프레이트, 카프릴릴/카프릴글루코사이드, 라우릴메틸글루세스-10하이드록시프로필다이모늄클로라이드, 1,2-헥산다이올, 다이포타슘포스페이트, 소듐메타포스페이트, 에틸헥실글리세린, 부틸렌글라이콜, 포타슘포스페이트, 효모/보리씨발효여과물, 프로판다이올, 쌀겨오일, 모나스커스/쌀발효물, 돌콩지질, 토코페롤, 다이소듐이디티에이"
아리얼 스트레스 릴리빙 미셀라 립앤아이 리무버,아리얼,cleansing,cleansing,A000000141457,10,https://www.oliveyoung.co.kr/store/goods/getGoodsDetail.do?goodsNo=A000000141457&dispCatNo=100000100100006&t_page=%EC%B9%B4%ED%85%8C%EA%B3%A0%EB%A6%AC%EA%B4%80&t_click=%EB%A6%BD&%EC%95%84%EC%9D%B4%EB%A6%AC%EB%AC%B4%EB%B2%84_%EC%A0%84%EC%B2%B4__%EC%83%81%ED%92%88%EC%83%81%EC%84%B8&t_number=13,"정제수, 세틸에틸헥사노에이트, 아이소도데케인, 1,2-헥산다이올, 판테놀, 황련뿌리추출물, 부틸렌글라이콜, 스테아트라이모늄메토설페이트, 아이소프로필알코올, 소듐시트레이트, 시트릭애씨드, 병풀추출물, 호장뿌리추출물, 황금추출물, 녹차추출물, 스페인감초뿌리추출물, 마트리카리아꽃추출물, 로즈마리잎추출물, 알로에베라잎추출물, 모란뿌리추출물, 다이소듐이디티에이"
일리윤 프레쉬 모이스춰 립앤아이 리무버,일리윤,cleansing,cleansing,A000000196979,11,https://www.oliveyoung.co.kr/store/goods/getGoodsDetail.do?goodsNo=A000000196979&dispCatNo=100000100100006&t_page=%EC%B9%B4%ED%85%8C%EA%B3%A0%EB%A6%AC%EA%B4%80&t_click=%EB%A6%BD&%EC%95%84%EC%9D%B4%EB%A6%AC%EB%AC%B4%EB%B2%84_%EC%A0%84%EC%B2%B4__%EC%83%81%ED%92%88%EC%83%81%EC%84%B8&t_number=14,"정제수, 사이클로펜타실록세인, 코코넛야자오일, 헥실렌글라이콜, 소듐클로라이드, 코코-카프릴레이트/카프레이트, 라우릴메틸글루세스-10하이드록시프로필다이모늄클로라이드, 1,2-헥산다이올, 포타슘포스페이트, 카프릴릴/카프릴글루코사이드, 다이소듐이디티에이, 에틸헥실글리세린, 다이포타슘포스페이트, 부틸렌글라이콜, 유자껍질추출물, 토코페롤"
후르디아 딥 클린 립앤아이 리무버,후르디아,cleansing,cleansing,A000000199223,12,https://www.oliveyoung.co.kr/store/goods/getGoodsDetail.do?goodsNo=A000000199223&dispCatNo=100000100100006&t_page=%EC%B9%B4%ED%85%8C%EA%B3%A0%EB%A6%AC%EA%B4%80&t_click=%EB%A6%BD&%EC%95%84%EC%9D%B4%EB%A6%AC%EB%AC%B4%EB%B2%84_%EC%A0%84%EC%B2%B4__%EC%83%81%ED%92%88%EC%83%81%EC%84%B8&t_number=15,"정제수,아이소헥사데칸,아이소도데케인,헥실렌글라이콜,1,2-헥산다이올,소듐클로라이드,소듐시트레이트,알지닌,다이포타슘글리시리제이트,판테놀,시트릭애씨드,데실글루코사이드,코코-글루코사이드,부틸렌글라이콜,호호바씨오일,맥주효모추출물,바위손추출물,숙근안개초뿌리추출물,인카르나타시계꽃전초추출물,자귀나무껍질추출물,딜추출물,아스코빅애씨드,바이오틴,사이아노코발아민,나이아신아마이드,리보플라빈,다이소듐이디티에이"
코스노리 롱 액티브 비건 마스카라 리무버,코스노리,cleansing,cleansing,A000000199429,13,https://www.oliveyoung.co.kr/store/goods/getGoodsDetail.do?goodsNo=A000000199429&dispCatNo=100000100100006&t_page=%EC%B9%B4%ED%85%8C%EA%B3%A0%EB%A6%AC%EA%B4%80&t_click=%EB%A6%BD&%EC%95%84%EC%9D%B4%EB%A6%AC%EB%AC%B4%EB%B2%84_%EC%A0%84%EC%B2%B4__%EC%83%81%ED%92%88%EC%83%81%EC%84%B8&t_number=18,"아이소헥사데칸, 트라이에틸헥사노인, 아이소도데케인, 실리카다이메틸실릴레이트, 다이스테아다이모늄헥토라이트, C30-45알킬메티콘, C30-45올레핀, 프로필렌카보네이트, 토코페롤, 데하이드로아세틱애씨드, 정제수, 부틸렌글라이콜, 소듐하이알루로네이트, 녹차씨오일, 아르간커넬오일, 올리브오일, 해바라기씨오일, 호호바씨오일, 동백나무씨오일, 퀸즈랜드넛오일, 프로판다이올, 1,2-헥산다이올, 모나스커스추출물, 쇠비름추출물, 병풀추출물, 약모밀추출물, 하이드록시아세토페논, 카퍼트라이펩타이드-1, 에틸헥실글리세린"
일리윤 젠틀 딥 립앤아이리무버,일리윤,cleansing,cleansing,A000000225970,15,https://www.oliveyoung.co.kr/store/goods/getGoodsDetail.do?goodsNo=A000000225970&dispCatNo=100000100100006&t_page=%EC%B9%B4%ED%85%8C%EA%B3%A0%EB%A6%AC%EA%B4%80&t_click=%EB%A6%BD&%EC%95%84%EC%9D%B4%EB%A6%AC%EB%AC%B4%EB%B2%84_%EC%A0%84%EC%B2%B4__%EC%83%81%ED%92%88%EC%83%81%EC%84%B8&t_number=21,"정제수, 아이소도데케인, 세틸에틸헥사노에이트, 메틸트라이메티콘, 1,2-헥산다이올, 헥실렌글라이콜, 소듐클로라이드, 라우릴메틸글루세스-10하이드록시프로필다이모늄클로라이드, 포타슘포스페이트, 카프릴릴/카프릴글루코사이드, 에틸헥실글리세린, 다이포타슘포스페이트, 알지닌, C9-12알케인, 부틸렌글라이콜, 인삼수, 황금추출물, 매실추출물, 코코-카프릴레이트/카프레이트, 토코페롤"
바닐라코 클린잇제로 틴트 리무버,바닐라코,cleansing,cleansing,A000000215111,16,https://www.oliveyoung.co.kr/store/goods/getGoodsDetail.do?goodsNo=A000000215111&dispCatNo=100000100100006&t_page=%EC%B9%B4%ED%85%8C%EA%B3%A0%EB%A6%AC%EA%B4%80&t_click=%EB%A6%BD&%EC%95%84%EC%9D%B4%EB%A6%AC%EB%AC%B4%EB%B2%84_%EC%A0%84%EC%B2%B4__%EC%83%81%ED%92%88%EC%83%81%EC%84%B8&t_number=22,"정제수, 다이소듐코코암포다이아세테이트, 에톡시다이글라이콜, 라우릴글루코사이드, 아크릴레이트코폴리머, 폴리글리세릴-4카프레이트, 소듐클로라이드, 글리세린, 메틸프로판다이올, 다이프로필렌글라이콜, 2,3-부탄다이올, 퀼라자껍질추출물, 시어버터, 하이드롤라이즈드하이알루로닉애씨드, 아보카도오일, 호호바씨오일, 프로판다이올, 글리세레스-26, 코코-글루코사이드, 카프릴릴글라이콜, 글리세릴카프릴레이트, 트로메타민, 소듐코코일이세티오네이트, 소듐파이테이트, 폴리글리세릴-10아이소스테아레이트, 1,2-헥산다이올, 폴리글리세릴-10올리에이트, 시트릭애씨드, 판테놀"
에뛰드 립앤아이 리무버,에뛰드,cleansing,cleansing,A000000229941,17,https://www.oliveyoung.co.kr/store/goods/getGoodsDetail.do?goodsNo=A000000229941&dispCatNo=100000100100006&t_page=%EC%B9%B4%ED%85%8C%EA%B3%A0%EB%A6%AC%EA%B4%80&t_click=%EB%A6%BD&%EC%95%84%EC%9D%B4%EB%A6%AC%EB%AC%B4%EB%B2%84_%EC%A0%84%EC%B2%B4__%EC%83%81%ED%92%88%EC%83%81%EC%84%B8&t_number=23,"정제수, 사이클로펜타실록세인, 부틸렌글라이콜, 1,2-헥산다이올, 소듐클로라이드, 카프릴릴/카프릴글루코사이드, 다이소듐이디티에이"
해서린 선셋 카멜리아 리무버 스틱,해서린,cleansing,cleansing,A000000131620,18,https://www.oliveyoung.co.kr/store/goods/getGoodsDetail.do?goodsNo=A000000131620&dispCatNo=100000100100006&t_page=%EC%B9%B4%ED%85%8C%EA%B3%A0%EB%A6%AC%EA%B4%80&t_click=%EB%A6%BD&%EC%95%84%EC%9D%B4%EB%A6%AC%EB%AC%B4%EB%B2%84_%EC%A0%84%EC%B2%B4__%EC%83%81%ED%92%88%EC%83%81%EC%84%B8&t_number=24,동백나무씨오일
메디힐 마데카소사이드 수분 선 세럼 흔적 리페어,메디힐,suncare,suncream,A000000252921,1,https://www.oliveyoung.co.kr/store/goods/getGoodsDetail.do?goodsNo=A000000252921&dispCatNo=100000100110006&trackingCd=Cat100000100110006_MID&t_page=%EC%B9%B4%ED%85%8C%EA%B3%A0%EB%A6%AC%EA%B4%80&t_click=%EC%84%A0%ED%81%AC%EB%A6%BC_%EC%A0%84%EC%B2%B4__%EC%83%81%ED%92%88%EC%83%81%EC%84%B8&t_number=1,"정제수, 다이부틸아디페이트, 프로판다이올, 부틸옥틸살리실레이트, 에칠헥실트리아존, 메틸메타크릴레이트크로스폴리머, 비스-에칠헥실옥시페놀메톡시페닐트리아진, 옥토크릴렌, 나이아신아마이드, 테레프탈릴리덴디캠퍼설포닉애씨드, 알지닌, 다이메티콘올, 메틸프로판다이올, 폴리메틸실세스퀴옥세인, 1,2-헥산다이올, 펜틸렌글라이콜, C11-13아이소알케인, 하이드록시에틸우레아, 부틸렌글라이콜, 베헤닐알코올, 폴리글리세릴-3메틸글루코오스다이스테아레이트, 다이프로필렌글라이콜, 카보머, 아이소도데케인, 폴리C10-30알킬아크릴레이트, 다이메티콘/비닐다이메티콘크로스폴리머, 폴리에터-1, 스핑고모나스발효추출물, 에틸헥실글리세린, 병풀잎추출물, 아데노신, 서양배추출물, 소듐스테아로일글루타메이트, 연필향나무오일, 마데카소사이드, 소듐하이알루로네이트, 다마스크장미꽃수, 멜론추출물, 오리스뿌리추출물, 서양송악잎/줄기추출물, 호호바씨오일, 광곽향오일, 불가리스쑥오일, 마이크로크리스탈린셀룰로오스, 로즈마리잎오일, 병풀추출물, 셀룰로오스검, 토코페롤, 하이드롤라이즈드하이알루로닉애씨드, 하이드롤라이즈드소듐하이알루로네이트, 하이드록시프로필트라이모늄하이알루로네이트, 사과추출물, 에리스리톨, 글리세린, 판테놀, 솔비톨, 보검선인장줄기추출물, 마데카식애씨드, 아시아틱애씨드, 아시아티코사이드, 효모발효여과물, 바이오사카라이드검-4, 다이소듐포스페이트, 다발방패버섯추출물"
셀퓨전씨 잡티 토닝 썬스크린,셀퓨전씨,suncare,suncream,A000000218812,2,https://www.oliveyoung.co.kr/store/goods/getGoodsDetail.do?goodsNo=A000000218812&dispCatNo=100000100110006&trackingCd=Cat100000100110006_MID&t_page=%EC%B9%B4%ED%85%8C%EA%B3%A0%EB%A6%AC%EA%B4%80&t_click=%EC%84%A0%ED%81%AC%EB%A6%BC_%EC%A0%84%EC%B2%B4__%EC%83%81%ED%92%88%EC%83%81%EC%84%B8&t_number=2,"정제수, 프로판다이올, 티타늄디옥사이드 (CI 77891), 다이아이소프로필세바케이트, 메틸트라이메티콘, 아이소노닐아이소노나노에이트, 나이아신아마이드, 글리세린, 부틸옥틸살리실레이트, 다이부틸아디페이트, 디에칠아미노하이드록시벤조일헥실벤조에이트, 1,2-헥산다이올, 다이카프릴릴카보네이트, 다이메티콘/비닐다이메티콘크로스폴리머, 호호바씨오일, 토마토추출물, 비스-에칠헥실옥시페놀메톡시페닐트리아진, 에칠헥실트리아존, 펜틸렌글라이콜, 폴리실리콘-15, 테레프탈릴리덴디캠퍼설포닉애씨드, 트라이메틸실록시실리케이트, 아이소도데케인, 포타슘세틸포스페이트, 폴리하이드록시스테아릭애씨드, 소듐폴리아크릴로일다이메틸타우레이트, 트로메타민, 실리카, 알루미늄하이드록사이드, 하이드록시에틸아크릴레이트/소듐아크릴로일다이메틸타우레이트코폴리머, 스테아릭애씨드, 옥틸도데칸올, 암모늄폴리아크릴로일다이메틸타우레이트, 폴리글리세릴-10미리스테이트, 폴리글리세릴-4아이소스테아레이트, 폴리글리세릴-2다이폴리하이드록시스테아레이트, 에틸헥실글리세린, 아이소프로필티타늄트라이아이소스테아레이트, 아데노신, 부틸렌글라이콜, 트라이소듐에틸렌다이아민다이석시네이트, 라우로일라이신, 하이드록시프로필메틸셀룰로오스스테아록시에터, 3-O-에틸아스코빅애씨드, 비사보롤, 글루타티온, 알지닌, 토코페롤, 스쿠알란, 카프릴릭/카프릭트라이글리세라이드, 하이드로제네이티드레시틴, 세라마이드엔피, 소듐스테아로일글루타메이트, 베헤닐알코올, 잔탄검, 카보머, 향료, 황색산화철 (CI 77492), 적색산화철 (CI 77491)"
구달 어성초 진정 블레미쉬 커버 선비비 뉴트럴 베이지,구달,suncare,suncream,A000000248065,3,https://www.oliveyoung.co.kr/store/goods/getGoodsDetail.do?goodsNo=A000000248065&dispCatNo=100000100110006&trackingCd=Cat100000100110006_MID&t_page=%EC%B9%B4%ED%85%8C%EA%B3%A0%EB%A6%AC%EA%B4%80&t_click=%EC%84%A0%ED%81%AC%EB%A6%BC_%EC%A0%84%EC%B2%B4__%EC%83%81%ED%92%88%EC%83%81%EC%84%B8&t_number=3,"정제수,티타늄디옥사이드,다이메티콘,부틸렌글라이콜,페닐트라이메티콘,C12-15알킬벤조에이트,다이페닐실록시페닐트라이메티콘,라우릴피이지-10트리스(트라이메틸실록시)실릴에틸다이메티콘,비스-다이글리세릴폴리아실아디페이트-2,트라이실록세인,글리세린,나이아신아마이드,피이지-10다이메티콘,소듐디엔에이,어성초추출물(=약모밀추출물),징크하이드롤라이즈드하이알루로네이트,다이메틸실란올하이알루로네이트,하이드롤라이즈드하이알루로닉애씨드,하이드롤라이즈드소듐하이알루로네이트,하이알루로닉애씨드,소듐하이알루로네이트,하이드록시프로필트라이모늄하이알루로네이트,소듐하이알루로네이트크로스폴리머,소듐하이알루로네이트다이메틸실란올,소듐아세틸레이티드하이알루로네이트,코직애씨드,판테놀,칼라민,마그네슘설페이트,다이스테아다이모늄헥토라이트,알루미늄하이드록사이드,1,2-헥산다이올,바륨설페이트,바바수씨오일,실리카,다이메티콘크로스폴리머,스테아릭애씨드,트라이에톡시카프릴릴실레인,폴리하이드록시스테아릭애씨드,카프릴릭/카프릭트라이글리세라이드,트라이에틸시트레이트,에틸헥실글리세린,카프릴릴글라이콜,토코페릴아세테이트,잔탄검,트라이소듐에틸렌다이아민다이석시네이트,아이소스테아릭애씨드,아데노신,레시틴,폴리글리세릴-3폴리리시놀리에이트,폴리글리세릴-3폴리다이메틸실록시에틸다이메티콘,토코페롤,황색산화철,적색산화철,흑색산화철,알로에베라잎추출물,참마뿌리추출물,다시마추출물,당느릅나무뿌리추출물,제비꽃꽃추출물"
구달 맑은 어성초 진정 수분 선크림,구달,suncare,suncream,A000000219553,4,https://www.oliveyoung.co.kr/store/goods/getGoodsDetail.do?goodsNo=A000000219553&dispCatNo=100000100110006&trackingCd=Cat100000100110006_MID&t_page=%EC%B9%B4%ED%85%8C%EA%B3%A0%EB%A6%AC%EA%B4%80&t_click=%EC%84%A0%ED%81%AC%EB%A6%BC_%EC%A0%84%EC%B2%B4__%EC%83%81%ED%92%88%EC%83%81%EC%84%B8&t_number=4,"정제수, 다이부틸아디페이트, 프로판다이올, 폴리메틸실세스퀴옥세인, 다이아이소프로필세바케이트, 디에칠아미노하이드록시벤조일헥실벤조에이트, 에칠헥실트리아존, 메칠렌비스-벤조트리아졸릴테트라메칠부틸페놀, 코코-카프릴레이트/카프레이트, 디에칠헥실부타미도트리아존, 부틸렌글라이콜, 글리세린, 1,2-헥산다이올, 카프릴릴메티콘, 약모밀추출물, 펜틸렌글라이콜, 베헤닐알코올, 폴리C10-30알킬아크릴레이트, 폴리글리세릴-3메틸글루코오스다이스테아레이트, 데실글루코사이드, 트로메타민, 카보머, 아크릴레이트/C10-30알킬아크릴레이트크로스폴리머, 소듐스테아로일글루타메이트, 폴리아크릴레이트크로스폴리머-6, 에틸헥실글리세린, 잔탄검, t-부틸알코올, 토코페롤"
달바 핑크 톤업 선크림,달바,suncare,suncream,A000000232725,5,https://www.oliveyoung.co.kr/store/goods/getGoodsDetail.do?goodsNo=A000000232725&dispCatNo=100000100110006&trackingCd=Cat100000100110006_MID&t_page=%EC%B9%B4%ED%85%8C%EA%B3%A0%EB%A6%AC%EA%B4%80&t_click=%EC%84%A0%ED%81%AC%EB%A6%BC_%EC%A0%84%EC%B2%B4__%EC%83%81%ED%92%88%EC%83%81%EC%84%B8&t_number=5,"정제수, 다이부틸아디페이트, 프로판다이올, 티타늄디옥사이드, 카프릴릭/카프릭트라이글리세라이드, C12-15알킬벤조에이트, 디에칠아미노하이드록시벤조일헥실벤조에이트, 카프릴릴메티콘, 에칠헥실트리아존, 나이아신아마이드, 글리세린, 디에칠헥실부타미도트리아존, 1,2-헥산다이올, 펜틸렌글라이콜, 쇠비름추출물, 분홍바늘꽃꽃/잎/줄기추출물, 페루기네움철쭉추출물, 병풀추출물, 복사나무꽃추출물, 복숭아추출물, 세룰라타벚나무꽃추출물, 알로에베라잎추출물, 약모밀추출물, 흰서양송로추출물, 오렌지오일, 필리핀오렌지껍질오일, 소듐하이알루로네이트, 리씨열매오일, 다마스크장미꽃수, 자작나무수액, 판테놀, 폴리하이드록시스테아릭애씨드, 다이메티콘/비닐다이메티콘크로스폴리머, 브이피/에이코신코폴리머, 다이메티콘올, 트라이실록세인, 코코-카프릴레이트/카프레이트, 스테아릭애씨드, 소듐폴리아크릴로일다이메틸타우레이트, 암모늄폴리아크릴로일다이메틸타우레이트, 알루미나, 하이드록시프로필메틸셀룰로오스스테아록시에터, 다이카프릴릴카보네이트, 잔탄검, 에틸헥실글리세린, 아데노신, 소듐폴리아크릴레이트, 트라이에톡시카프릴릴실레인, t-부틸알코올, 피브이엠/엠에이코폴리머, 폴리에터-1, 하이드롤라이즈드하이알루로닉애씨드, 알란토인, 부틸렌글라이콜, 토코페롤, 다이소듐포스페이트, 시트릭애씨드, 카프릴릴글라이콜, 황색산화철, 적색산화철, 리모넨, 시트랄"
닥터지 그린마일드 업 선 플러스,닥터지,suncare,suncream,A000000253334,6,https://www.oliveyoung.co.kr/store/goods/getGoodsDetail.do?goodsNo=A000000253334&dispCatNo=100000100110006&trackingCd=Cat100000100110006_MID&t_page=%EC%B9%B4%ED%85%8C%EA%B3%A0%EB%A6%AC%EA%B4%80&t_click=%EC%84%A0%ED%81%AC%EB%A6%BC_%EC%A0%84%EC%B2%B4__%EC%83%81%ED%92%88%EC%83%81%EC%84%B8&t_number=6,"정제수, 징크옥사이드, 프로판다이올, 부틸옥틸살리실레이트, 프로필헵틸카프릴레이트, 코코-카프릴레이트/카프레이트, 사이클로헥사실록세인, 카프릴릴메티콘, 아이소도데케인, 폴리글리세릴-3폴리다이메틸실록시에틸다이메티콘, 메틸트라이메티콘, 메틸메타크릴레이트크로스폴리머, 다이스테아다이모늄헥토라이트, 마그네슘설페이트, 트라이에톡시카프릴릴실레인, 1,2-헥산다이올, 폴리글리세릴-2다이폴리하이드록시스테아레이트, 라우릴폴리글리세릴-3폴리다이메틸실록시에틸다이메티콘, 폴리메틸실세스퀴옥세인, 글리세릴카프릴레이트, 카프릴릴글라이콜, 에틸헥실글리세린, 소듐하이알루로네이트, 부틸렌글라이콜, 토코페롤, 병풀추출물, 타라열매추출물, 프랑스해안송껍질추출물, 코토니추출물, 7-데하이드로콜레스테롤, 약모밀추출물, 엑토인, 밀몽화꽃추출물, 락토바실러스발효물, 하이드록시신나믹애씨드, 루틴"
셀퓨전씨 아쿠아티카 쿨링 썬스크린,셀퓨전씨,suncare,suncream,A000000218813,7,https://www.oliveyoung.co.kr/store/goods/getGoodsDetail.do?goodsNo=A000000218813&dispCatNo=100000100110006&trackingCd=Cat100000100110006_MID&t_page=%EC%B9%B4%ED%85%8C%EA%B3%A0%EB%A6%AC%EA%B4%80&t_click=%EC%84%A0%ED%81%AC%EB%A6%BC_%EC%A0%84%EC%B2%B4__%EC%83%81%ED%92%88%EC%83%81%EC%84%B8&t_number=7,"정제수, 다이부틸아디페이트, 변성알코올, 부틸옥틸살리실레이트, 실리카, 다이프로필렌글라이콜, 에칠헥실트리아존, 비스-에칠헥실옥시페놀메톡시페닐트리아진, 옥토크릴렌, 프로판다이올, 나이아신아마이드, 에리스리톨, 테레프탈릴리덴디캠퍼설포닉애씨드, 펜틸렌글라이콜, 메틸프로판다이올, 트로메타민, 스핑고모나스발효추출물, 효모발효여과물, 로즈마리잎수, 병풀추출물, 흰목이버섯추출물, 녹차추출물, 폴스애플민트잎추출물, 타임잎추출물, 소듐하이알루로네이트, 폴리메틸실세스퀴옥세인, 1,2-헥산다이올, 부틸렌글라이콜, 하이드록시에틸우레아, 폴리글리세릴-3메틸글루코오스다이스테아레이트, 스테아릴헵타노에이트, 다이메티콘올, 폴리C10-30알킬아크릴레이트, 마이크로크리스탈린셀룰로오스, 폴리에터-1, 에틸헥실글리세린, 아데노신, 소듐스테아로일글루타메이트, 메틸다이아이소프로필프로피온아마이드, 셀룰로오스검, 다발방패버섯추출물, 토코페롤, 글리세린, 소듐클로라이드, 소듐바이카보네이트, 칼슘클로라이드, 포타슘클로라이드, 글라이신, 알지닌, 글루타믹애씨드, 베헤닐알코올, 카보머, 향료"
라운드랩 자작나무 수분 선크림,라운드랩,suncare,suncream,A000000149135,8,https://www.oliveyoung.co.kr/store/goods/getGoodsDetail.do?goodsNo=A000000149135&dispCatNo=100000100110006&trackingCd=Cat100000100110006_MID&t_page=%EC%B9%B4%ED%85%8C%EA%B3%A0%EB%A6%AC%EA%B4%80&t_click=%EC%84%A0%ED%81%AC%EB%A6%BC_%EC%A0%84%EC%B2%B4__%EC%83%81%ED%92%88%EC%83%81%EC%84%B8&t_number=8,"정제수, 다이부틸아디페이트, 프로판다이올, 디에칠아미노하이드록시벤조일헥실벤조에이트, 폴리메틸실세스퀴옥세인, 에칠헥실트리아존, 나이아신아마이드, 메칠렌비스-벤조트리아졸릴테트라메칠부틸페놀, 코코-카프릴레이트/카프레이트, 카프릴릴메티콘, 디에칠헥실부타미도트리아존, 글리세린, 1,2-헥산다이올, 부틸렌글라이콜, 자작나무수액(1,425ppm), 소듐하이알루로네이트, 하이알루로닉애씨드, 글리세릴글루코사이드, 다이포타슘글리시리제이트, 알란토인, 쇠비름추출물, 개똥쑥추출물, 구주소나무잎오일, 캐모마일꽃오일, 아크릴레이트/C10-30알킬아크릴레이트크로스폴리머, 소듐스테아로일글루타메이트, 폴리아크릴레이트크로스폴리머-6, 에틸헥실글리세린, 아스코빅애씨드, 아데노신, 펜틸렌글라이콜, 베헤닐알코올, 폴리C10-30알킬아크릴레이트, 폴리글리세릴-3메틸글루코오스다이스테아레이트, 데실글루코사이드, 트로메타민, 잔탄검, t-부틸알코올, 토코페롤, 카보머"
셀퓨전씨 레이저 UV 썬스크린,셀퓨전씨,suncare,suncream,A000000198739,9,https://www.oliveyoung.co.kr/store/goods/getGoodsDetail.do?goodsNo=A000000198739&dispCatNo=100000100110006&trackingCd=Cat100000100110006_MID&t_page=%EC%B9%B4%ED%85%8C%EA%B3%A0%EB%A6%AC%EA%B4%80&t_click=%EC%84%A0%ED%81%AC%EB%A6%BC_%EC%A0%84%EC%B2%B4__%EC%83%81%ED%92%88%EC%83%81%EC%84%B8&t_number=9,"정제수,징크옥사이드,다이부틸아디페이트,사이클로헥사실록세인,프로필헵틸카프릴레이트,다이프로필렌글라이콜,부틸옥틸살리실레이트,폴리글리세릴-4다이아이소스테아레이트/폴리하이드록시스테아레이트/세바케이트,나이아신아마이드,칼슘알루미늄보로실리케이트,디에칠아미노하이드록시벤조일헥실벤조에이트,메틸메타크릴레이트크로스폴리머,비스-에칠헥실옥시페놀메톡시페닐트리아진,에칠헥실트리아존,폴리글리세릴-3폴리다이메틸실록시에틸다이메티콘,티타늄디옥사이드,다이스테아다이모늄헥토라이트,마그네슘설페이트,트라이에톡시카프릴릴실레인,1,2-헥산다이올,폴리메틸실세스퀴옥세인,글리세릴카프릴레이트,카프릴릴글라이콜,에틸헥실글리세린,아데노신,토코페롤,카르노신,트라이메틸실록시실리케이트,하이드롤라이즈드콜라겐,향료"
에스트라 더마UV365 장벽수분 무기자차 선크림,에스트라,suncare,suncream,A000000206826,10,https://www.oliveyoung.co.kr/store/goods/getGoodsDetail.do?goodsNo=A000000206826&dispCatNo=100000100110006&trackingCd=Cat100000100110006_MID&t_page=%EC%B9%B4%ED%85%8C%EA%B3%A0%EB%A6%AC%EA%B4%80&t_click=%EC%84%A0%ED%81%AC%EB%A6%BC_%EC%A0%84%EC%B2%B4__%EC%83%81%ED%92%88%EC%83%81%EC%84%B8&t_number=10,"정제수, 징크옥사이드, 사이클로헥사실록세인, 프로판다이올, 부틸옥틸살리실레이트, 프로필헵틸카프릴레이트, 아이소도데케인, 폴리글리세릴-3폴리다이메틸실록시에틸다이메티콘, 카프릴릴메티콘, 다이실록세인, 다이스테아다이모늄헥토라이트, 마그네슘설페이트, 트라이에톡시카프릴릴실레인, 1,2-헥산다이올, 폴리메틸실세스퀴옥세인, 폴리글리세릴-2다이폴리하이드록시스테아레이트, 라우릴폴리글리세릴-3폴리다이메틸실록시에틸다이메티콘, 알란토인, 카프릴릴글라이콜, 글리세릴카프릴레이트, 에틸헥실글리세린, 소듐하이알루로네이트, 세라마이드엔피, 토코페롤, 소듐아세틸레이티드하이알루로네이트, 하이드롤라이즈드하이알루로닉애씨드"
제로이드 이지워시 마일드 선크림,제로이드,suncare,suncream,A000000209913,11,https://www.oliveyoung.co.kr/store/goods/getGoodsDetail.do?goodsNo=A000000209913&dispCatNo=100000100110006&trackingCd=Cat100000100110006_MID&t_page=%EC%B9%B4%ED%85%8C%EA%B3%A0%EB%A6%AC%EA%B4%80&t_click=%EC%84%A0%ED%81%AC%EB%A6%BC_%EC%A0%84%EC%B2%B4__%EC%83%81%ED%92%88%EC%83%81%EC%84%B8&t_number=11,"정제수, 징크옥사이드, 프로판다이올, 부틸렌글라이콜, 다이카프릴릴카보네이트, 카프릴릭/카프릭트라이글리세라이드, 벤조트라이아졸릴도데실p-크레솔, 폴리글리세릴-3다이스테아레이트, 카프릴릴메티콘, C12-15알킬벤조에이트, 1,2-헥산다이올, 펜틸렌글라이콜, 세테아릴알코올, 소듐하이알루로네이트, 폴리하이드록시스테아릭애씨드, 글리세릴스테아레이트, 소듐폴리아크릴로일다이메틸타우레이트, 하이드롤라이즈드호호바에스터, 트라이에톡시카프릴릴실레인, 글리세릴스테아레이트시트레이트, 폴리아크릴레이트크로스폴리머-6, 메틸프로판다이올, 잔탄검, 에틸헥실글리세린, 폴리에터-1, t-부틸알코올, 토코페롤, 미리스토일/팔미토일옥소스테아라마이드/아라카마이드엠이에이, 판테놀, 바이오사카라이드검-1, 마데카소사이드, 소듐아세틸레이티드하이알루로네이트, 소듐하이알루로네이트크로스폴리머, 포타슘하이알루로네이트, 하이드록시프로필트라이모늄하이알루로네이트, 하이드롤라이즈드하이알루로닉애씨드, 하이알루로닉애씨드"
메디힐 마데카소사이드 수분 선세럼 흔적 리페어,메디힐,suncare,suncream,A000000232672,12,https://www.oliveyoung.co.kr/store/goods/getGoodsDetail.do?goodsNo=A000000232672&dispCatNo=100000100110006&trackingCd=Cat100000100110006_MID&t_page=%EC%B9%B4%ED%85%8C%EA%B3%A0%EB%A6%AC%EA%B4%80&t_click=%EC%84%A0%ED%81%AC%EB%A6%BC_%EC%A0%84%EC%B2%B4__%EC%83%81%ED%92%88%EC%83%81%EC%84%B8&t_number=12,"정제수, 다이부틸아디페이트, 프로판다이올, 부틸옥틸살리실레이트, 에칠헥실트리아존, 메틸메타크릴레이트크로스폴리머, 비스-에칠헥실옥시페놀메톡시페닐트리아진, 옥토크릴렌, 나이아신아마이드, 테레프탈릴리덴디캠퍼설포닉애씨드, 알지닌, 다이메티콘올, 메틸프로판다이올, 폴리메틸실세스퀴옥세인, 1,2-헥산다이올, 펜틸렌글라이콜, C11-13아이소알케인, 하이드록시에틸우레아, 부틸렌글라이콜, 베헤닐알코올, 폴리글리세릴-3메틸글루코오스다이스테아레이트, 다이프로필렌글라이콜, 카보머, 아이소도데케인, 폴리C10-30알킬아크릴레이트, 다이메티콘/비닐다이메티콘크로스폴리머, 폴리에터-1, 스핑고모나스발효추출물, 에틸헥실글리세린, 병풀잎추출물, 아데노신, 서양배추출물, 소듐스테아로일글루타메이트, 연필향나무오일, 마데카소사이드, 소듐하이알루로네이트, 다마스크장미꽃수, 멜론추출물, 오리스뿌리추출물, 서양송악잎/줄기추출물, 호호바씨오일, 광곽향오일, 불가리스쑥오일, 마이크로크리스탈린셀룰로오스, 로즈마리잎오일, 병풀추출물, 셀룰로오스검, 토코페롤, 하이드롤라이즈드하이알루로닉애씨드, 하이드롤라이즈드소듐하이알루로네이트, 하이드록시프로필트라이모늄하이알루로네이트, 사과추출물, 에리스리톨, 글리세린, 판테놀, 솔비톨, 보검선인장줄기추출물, 마데카식애씨드, 아시아틱애씨드, 아시아티코사이드, 효모발효여과물, 바이오사카라이드검-4, 다이소듐포스페이트, 다발방패버섯추출물"
닥터지 브라이트닝 업 선 플러스,닥터지,suncare,suncream,A000000253335,13,https://www.oliveyoung.co.kr/store/goods/getGoodsDetail.do?goodsNo=A000000253335&dispCatNo=100000100110006&trackingCd=Cat100000100110006_MID&t_page=%EC%B9%B4%ED%85%8C%EA%B3%A0%EB%A6%AC%EA%B4%80&t_click=%EC%84%A0%ED%81%AC%EB%A6%BC_%EC%A0%84%EC%B2%B4__%EC%83%81%ED%92%88%EC%83%81%EC%84%B8&t_number=13,"정제수, 사이클로펜타실록세인, 에칠헥실메톡시신나메이트, 징크옥사이드 (CI 77947), 사이클로헥사실록세인, 에칠헥실살리실레이트, 부틸렌글라이콜, 메틸메타크릴레이트크로스폴리머, 폴리글리세릴-3폴리다이메틸실록시에틸다이메티콘, 티타늄디옥사이드 (CI 77891), 다이프로필렌글라이콜, 에틸헥실팔미테이트, 나이아신아마이드, 비닐다이메티콘/메티콘실세스퀴옥세인크로스폴리머, 솔비탄아이소스테아레이트, 다이메티콘/비닐다이메티콘크로스폴리머, 카프릴릴메티콘, 다이메티콘, 다이스테아다이모늄헥토라이트, 폴리메틸실세스퀴옥세인, 프랑스해안송껍질추출물, 타라열매추출물, 코토니추출물, 포도씨오일, 밀몽화꽃추출물, 감나무잎추출물, 녹차추출물, 마그네슘설페이트, C30-45알킬세테아릴다이메티콘크로스폴리머, 알루미늄하이드록사이드, 스테아릭애씨드, 카프릴릴글라이콜, 글리세릴카프릴레이트, 폴리메틸메타크릴레이트, 트라이에톡시카프릴릴실레인, 1,2-헥산다이올, 프로판다이올, 다이소듐이디티에이, 폴리비닐알코올, 황색산화철 (CI 77492), 적색산화철 (CI 77491)"
프롬리에 비건 EGF 시카 선앰플,프롬리에,suncare,suncream,A000000209372,14,https://www.oliveyoung.co.kr/store/goods/getGoodsDetail.do?goodsNo=A000000209372&dispCatNo=100000100110006&trackingCd=Cat100000100110006_MID&t_page=%EC%B9%B4%ED%85%8C%EA%B3%A0%EB%A6%AC%EA%B4%80&t_click=%EC%84%A0%ED%81%AC%EB%A6%BC_%EC%A0%84%EC%B2%B4__%EC%83%81%ED%92%88%EC%83%81%EC%84%B8&t_number=14,"정제수, 다이부틸아디페이트, 프로판다이올, 부틸옥틸살리실레이트, 에칠헥실트리아존, 테레프탈릴리덴디캠퍼설포닉애씨드, 폴리글리세릴-3다이스테아레이트, 나이아신아마이드, 트로메타민, 1,2-헥산다이올, 디에칠아미노하이드록시벤조일헥실벤조에이트, 카프릴릴메티콘, 펜틸렌글라이콜, 폴리메틸실세스퀴옥세인, 폴리실리콘-15, 다시마추출물, 한련초잎추출물, 풍선덩굴꽃/잎/덩굴추출물, 병풀추출물, 하이드로제네이티드레시틴, 에키움플란타기네움씨오일, 글리세릴스테아레이트, 비스-에칠헥실옥시페놀메톡시페닐트리아진, 세테아릴알코올, 카보머, 암모늄아크릴로일다이메틸타우레이트/브이피코폴리머, 글리세린, 다이프로필렌글라이콜, 글리세릴스테아레이트시트레이트, 아크릴레이트/C10-30알킬아크릴레이트크로스폴리머, 소듐스테아로일글루타메이트, 에틸헥실글리세린, 옥틸도데칸올, 아데노신, 프룩토올리고사카라이드, 베타-글루칸, 에스에이치-올리고펩타이드-1, 하이드롤라이즈드하이알루로닉애씨드, 해바라기씨오일불검화물, 토코페롤"
닥터지 레드 블레미쉬 수딩 업 선,닥터지,suncare,suncream,A000000253337,15,https://www.oliveyoung.co.kr/store/goods/getGoodsDetail.do?goodsNo=A000000253337&dispCatNo=100000100110006&trackingCd=Cat100000100110006_MID&t_page=%EC%B9%B4%ED%85%8C%EA%B3%A0%EB%A6%AC%EA%B4%80&t_click=%EC%84%A0%ED%81%AC%EB%A6%BC_%EC%A0%84%EC%B2%B4__%EC%83%81%ED%92%88%EC%83%81%EC%84%B8&t_number=15,"정제수, 다이부틸아디페이트, 프로판다이올, 에칠헥실트리아존, 테레프탈릴리덴디캠퍼설포닉애씨드, 나이아신아마이드, 옥틸도데칸올, 트로메타민, 폴리글리세릴-3다이스테아레이트, 세테아릴알코올, 판테놀, 1,2-헥산다이올, 펜틸렌글라이콜, 폴리실리콘-15, 카프릴릴메티콘, 디에칠아미노하이드록시벤조일헥실벤조에이트, 폴리메틸실세스퀴옥세인, 글리세릴스테아레이트, 포타슘세틸포스페이트, 비스-에칠헥실옥시페놀메톡시페닐트리아진, 메틸프로판다이올, 에키움 플란타기네움씨오일, 카보머, 글리세릴스테아레이트시트레이트, 아크릴레이트/C10-30알킬아크릴레이트크로스폴리머, 에틸헥실글리세린, 암모늄아크릴로일다이메틸타우레이트/브이피코폴리머, 아데노신, 부틸렌글라이콜, 풍선덩굴꽃/잎/덩굴추출물, 해바라기씨오일불검화물, 폴리에터-1, 약모밀추출물, 노니열매추출물, 토코페롤, 쑥잎추출물, 병풀꽃/잎/줄기추출물, 아티초크잎추출물, 바이오사카라이드검-1, 병풀뿌리추출물, 병풀추출물, 병풀잎추출물, 효모발효물, 복사나무꽃추출물, 물냉이추출물, 7-데하이드로콜레스테롤, 엑토인, 아시아티코사이드, 타라열매추출물, 마데카소사이드, 코토니추출물, 락토바실러스발효물, 밀몽화꽃추출물, 프랑스해안송껍질추출물, 마데카식애씨드, 아시아틱애씨드"
넘버즈인 3번 도자기결 톤업베이지 선크림,넘버즈인,suncare,suncream,A000000250767,16,https://www.oliveyoung.co.kr/store/goods/getGoodsDetail.do?goodsNo=A000000250767&dispCatNo=100000100110006&trackingCd=Cat100000100110006_MID&t_page=%EC%B9%B4%ED%85%8C%EA%B3%A0%EB%A6%AC%EA%B4%80&t_click=%EC%84%A0%ED%81%AC%EB%A6%BC_%EC%A0%84%EC%B2%B4__%EC%83%81%ED%92%88%EC%83%81%EC%84%B8&t_number=16,"병풀잎수, 징크옥사이드, C9-12알케인, 카프릴릴메티콘, 프로판다이올, 부틸옥틸살리실레이트, 다이실록세인, 트라이메틸실록시실리케이트, 폴리글리세릴-3폴리다이메틸실록시에틸다이메티콘, 나이아신아마이드, 프로필렌글라이콜다이벤조에이트, 프로필헵틸카프릴레이트, 티타늄디옥사이드, 1,2-헥산다이올, 라우릴폴리글리세릴-3폴리다이메틸실록시에틸다이메티콘, 다이소테아릴말레이트, 트라이에톡시카프릴릴실레인, 마그네슘설페이트, 폴리글리세릴-2다이폴리하이드록시스테아레이트, 글리세릴카프릴레이트, 메틸메타크릴레이트크로스폴리머, 아이소도데케인, 옥틸도데칸올, 카프릴릴글라이콜, 알루미늄하이드록사이드, 아데노신, 폴리글리세릴-4이소스테아레이트, 아이소프로필티타늄트라이아이소스테아레이트, 토코페롤, 정제수, 판테놀, 멘톨, 글라이콜, 바이오틴, 마그네슘씨씨에이, 판토테닉애씨드, 징크피씨에이, 칼슘판토테네이트, 글리세린, 카프릴릴/카프릴글라이콜, 폴리글리세릴-6카프릴레이트, 폴리글리세릴-4카프레이트, 하이드로제네이티드레시틴, 폴리글리세릴-10스테아레이트, 마데카식애씨드, 아시아틱애씨드, 세라마이드엔피, 마데카소사이드, 아시아티코사이드, 콜레스테롤, 스테아릭애씨드, 마이카, 황색산화철, 적색산화철, 흑색산화철 [본품: 02 글로우] 병풀잎수, 다이프로필렌글라이콜, 티타늄디옥사이드, 호모살레이트, 글리세린, 다이글리세린, 변성알코올, 에칠헥실살리실레이트, 부틸렌글라이콜, 다이부틸아디페이트, 다이에칠아미노하이드록시벤조일헥실벤조에이트, 다이페닐실록시페닐트라이메티콘, 나이아신아마이드, 정제수, 비스-에칠헥실옥시페놀메톡시페닐트리아진, 폴리글리세릴-10아이소스테아레이트/티타늄디옥사이드, 폴리솔베이트80, 프로판다이올, 알루미늄하이드록사이드, 폴리글리세릴-3메틸글루코오스다이스테아레이트, 바륨설페이트, 세틸알코올, 스테아릭애씨드, 판테놀, 폴리C10-30알킬아크릴레이트, 폴리아크릴레이트크로스폴리머-6, 폴리우레탄-15, 합성플루오르플로고파이트, 카프릴릴글라이콜, 1,2-헥산다이올, 황색산화철, 소듐클로라이드, 트라이에톡시카프릴릴실레인, 트라이에톡시카프릴릴실레인, 하이드로제네이티드레시틴, 에틸헥실글리세린, 암모늄아크릴로일다이메틸타우레이트/브이피코폴리머, 세테아릴알코올, 글리세릴스테아레이트, 향료, 세라마이드엔피, 소듐스테아로일글루타메이트, 트라이소듐에틸렌다이아민다이석시네이트, 적색산화철, 시트릭애씨드, 하이드록시프로필메틸셀룰로오스스테아록실에터, 스쿠알란, 카프릴릭/카프릭트라이글리세라이드, 흑색산화철, 녹차추출물, 세라마이드엔피, 폴리솔베이트60, 펜틸렌글라이콜, 토코페롤, 솔비탄아이소스테아레이트, 마데카소사이드, 베타-글루칸, 다이메틸실란올하이알루로네이트, 하이드롤라이즈드하이알루로닉애씨드, 하이드롤라이즈드소듐하이알루로네이트, 하이알루로닉애씨드, 소듐하이알루로네이트, 하이드록시프로필트라이모늄하이알루로네이트, 소듐하이알루로네이트크로스폴리머, 소듐하이알루로네이트다이메틸실란올, 소듐아세틸레이티드하이알루로네이트, 티트리잎추출물, 약모밀추출물"
브링그린 징크테카 파이토 선 젤,브링그린,suncare,suncream,A000000247719,17,https://www.oliveyoung.co.kr/store/goods/getGoodsDetail.do?goodsNo=A000000247719&dispCatNo=100000100110006&trackingCd=Cat100000100110006_MID&t_page=%EC%B9%B4%ED%85%8C%EA%B3%A0%EB%A6%AC%EA%B4%80&t_click=%EC%84%A0%ED%81%AC%EB%A6%BC_%EC%A0%84%EC%B2%B4__%EC%83%81%ED%92%88%EC%83%81%EC%84%B8&t_number=17,"정제수, 다이부틸아디페이트, 부틸렌글라이콜, 프로판다이올, 에칠헥실트리아존, 부틸옥틸살리실레이트, 디에칠아미노하이드록시벤조일헥실벤조에이트, 나이아신아마이드, 드로메트리졸트리실록산, 메칠렌비스-벤조트리아졸릴테트라메칠부틸페놀, 카프릴릴메티콘, 펜틸렌글라이콜, 다이아이소프로필세바케이트, 1,2-헥산다이올, 폴리C10-30알킬아크릴레이트, 폴리글리세릴-3메틸글루코오스다이스테아레이트, 실리카, 데실글루코사이드, 세테아릴알코올, 트로메타민, 에톡시다이글라이콜, 하이드록시아세토페논, 아크릴레이트/C10-30알킬아크릴레이트크로스폴리머, 카보머, 세틸알코올, 하이드로제네이티드캐스터오일/세바식애씨드코폴리머, 에틸헥실글리세린, 소듐스테아로일글루타메이트, 아데노신, 글리세린, 옥틸도데칸올, 아시아티코사이드(160ppm), 하이드로제네이티드레시틴, 잔탄검, 글라이코리피드, 마데카식애씨드(120ppm), 아시아틱애씨드(120ppm), 징크피씨에이(100ppm), 폴리아크릴레이트크로스폴리머-6, C12-13알케스-9, 판테놀, 토코페롤, 마카다미아씨오일, 세라마이드엔피, 병풀추출물, 피토스핑고신, 참마뿌리추출물, 몰로키아잎추출물, 연꽃뿌리추출물, 오크라열매추출물, 신선초추출물"
조선미녀 맑은쌀 선크림,조선미녀,suncare,suncream,A000000224657,18,https://www.oliveyoung.co.kr/store/goods/getGoodsDetail.do?goodsNo=A000000224657&dispCatNo=100000100110006&trackingCd=Cat100000100110006_MID&t_page=%EC%B9%B4%ED%85%8C%EA%B3%A0%EB%A6%AC%EA%B4%80&t_click=%EC%84%A0%ED%81%AC%EB%A6%BC_%EC%A0%84%EC%B2%B4__%EC%83%81%ED%92%88%EC%83%81%EC%84%B8&t_number=18,"정제수, 다이부틸아디페이트, 프로판다이올, 디에칠아미노하이드록시벤조일헥실벤조에이트, 폴리메틸실세스퀴옥세인, 에칠헥실트리아존, 나이아신아마이드, 메칠렌비스-벤조트리아졸릴테트라메칠부틸페놀, 코코-카프릴레이트/카프레이트, 카프릴릴메티콘, 디에칠헥실부타미도트리아존, 글리세린, 1,2-헥산다이올, 부틸렌글라이콜, 쌀추출물(3000 ppm), 쌀배아추출물(2 ppm), 녹차추출물, 락토바실러스/호박발효추출물, 바실러스/소이빈발효추출물, 사탕수수추출물, 자이언트켈프추출물, 코코넛야자열매추출물, 홍삼추출물, 홍차추출물, 모나스커스/쌀발효물(120 ppb), 베헤닐알코올, 폴리C10-30알킬아크릴레이트, 폴리글리세릴-3메틸글루코오스다이스테아레이트, 데실글루코사이드, 트로메타민, 카보머, 아크릴레이트/C10-30알킬아크릴레이트크로스폴리머, 소듐스테아로일글루타메이트, 폴리아크릴레이트크로스폴리머-6, 아데노신, 잔탄검, t-부틸알코올, 토코페롤, 락토바실러스/쌀발효물(120 ppb), 아스퍼질러스발효물, 효모/쌀발효여과물(120 ppb), 펜틸렌글라이콜, 에틸헥실글리세린"
메이크프렘 유브이 디펜스 미 노세범 선크림,메이크프렘,suncare,suncream,A000000184159,19,https://www.oliveyoung.co.kr/store/goods/getGoodsDetail.do?goodsNo=A000000184159&dispCatNo=100000100110006&trackingCd=Cat100000100110006_MID&t_page=%EC%B9%B4%ED%85%8C%EA%B3%A0%EB%A6%AC%EA%B4%80&t_click=%EC%84%A0%ED%81%AC%EB%A6%BC_%EC%A0%84%EC%B2%B4__%EC%83%81%ED%92%88%EC%83%81%EC%84%B8&t_number=19,"정제수,징크옥사이드,사이클로헥사실록세인,부틸옥틸살리실레이트,프로판다이올,프로필헵틸카프릴레이트,아이소도데케인,카프릴릴메티콘,폴리글리세릴-3폴리다이메틸실록시에틸다이메티콘,메틸메타크릴레이트크로스폴리머,메틸트라이메티콘,센티드제라늄추출물,달맞이꽃꽃추출물,당느릅나무뿌리추출물,대왕소나무잎추출물,칡뿌리추출물,바실러스/소이빈발효추출물,연필향나무오일,리씨열매오일,소듐하이알루로네이트,베티버뿌리오일,소두구씨오일,푸른연꽃수,다이스테아다이모늄헥토라이트,마그네슘설페이트,트라이에톡시카프릴릴실레인,1,2-헥산다이올,폴리글리세릴-2다이폴리하이드록시스테아레이트,폴리메틸실세스퀴옥세인,라우릴폴리글리세릴-3폴리다이메틸실록시에틸다이메티콘,글리세릴카프릴레이트,카프릴릴글라이콜,에틸헥실글리세린,토코페롤,부틸렌글라이콜,폴릭애씨드"
AHC 마스터즈 아쿠아 리치 선크림,AHC,suncare,suncream,A000000254119,20,https://www.oliveyoung.co.kr/store/goods/getGoodsDetail.do?goodsNo=A000000254119&dispCatNo=100000100110006&trackingCd=Cat100000100110006_MID&t_page=%EC%B9%B4%ED%85%8C%EA%B3%A0%EB%A6%AC%EA%B4%80&t_click=%EC%84%A0%ED%81%AC%EB%A6%BC_%EC%A0%84%EC%B2%B4__%EC%83%81%ED%92%88%EC%83%81%EC%84%B8&t_number=20,"정제수, 다이부틸아디페이트, 프로판다이올, 디에칠아미노하이드록시벤조일헥실벤조에이트, 폴리메틸실세스퀴옥세인, 에칠헥실트리아존, 나이아신아마이드, 메칠렌비스-벤조트리아졸릴테트라메칠부틸페놀, 코코-카프릴레이트/카프레이트, 카프릴릴메티콘, 디에칠헥실부타미도트리아존, 글리세린, 부틸렌글라이콜, 1,2-헥산다이올, 비타민나무열매추출물, 당근추출물, 로즈힙열매추출물, 사과추출물, 케이프알로에잎추출물, 사철쑥추출물, 베르가모트오일, 살구즙, 하이드로제네이티드레시틴, 펜틸렌글라이콜, 베헤닐알코올, 폴리C10-30알킬아크릴레이트, 폴리글리세릴-3메틸글루코오스다이스테아레이트, 데실글루코사이드, 트로메타민, 카보머, 아크릴레이트/C10-30알킬아크릴레이트크로스폴리머, 소듐스테아로일글루타메이트, 폴리아크릴레이트크로스폴리머-6, 에틸헥실글리세린, 아데노신, 잔탄검, t-부틸알코올, 토코페롤, 아스코빅애씨드, 드럼스틱씨오일, 세라마이드엔피, 피토스핑고신, 하이드로제네이티드레시틴,케이프알로에잎추출물,사철쑥추출물"
체이싱래빗 올어바웃글로우 커버크림,체이싱래빗,suncare,suncream,A000000232053,21,https://www.oliveyoung.co.kr/store/goods/getGoodsDetail.do?goodsNo=A000000232053&dispCatNo=100000100110006&trackingCd=Cat100000100110006_MID&t_page=%EC%B9%B4%ED%85%8C%EA%B3%A0%EB%A6%AC%EA%B4%80&t_click=%EC%84%A0%ED%81%AC%EB%A6%BC_%EC%A0%84%EC%B2%B4__%EC%83%81%ED%92%88%EC%83%81%EC%84%B8&t_number=21,"정제수, 사이클로펜타실록세인, 티타늄디옥사이드, 에칠헥실메톡시신나메이트, 다이프로필렌글라이콜, 세틸에틸헥사노에이트, 세틸피이지/피피지-10/1다이메티콘, 부틸렌글라이콜, 에칠헥실살리실레이트, 실리카, 1,2-헥산다이올, 카프릴릴메티콘, 나이아신아마이드, 옥토크릴렌, 라우릴피이지-9폴리다이메틸실록시에틸다이메티콘, 사이클로헥사실록세인, 글리세린, 비스-에칠헥실옥시페놀메톡시페닐트리아진, 다이스테아다이모늄헥토라이트, 폴리페닐실세스퀴옥세인, 소듐클로라이드, 카나우바왁스, 황색산화철, 트라이메틸실록시실리케이트, 스테아릭애씨드, 아크릴레이트/스테아릴아크릴레이트/다이메티콘메타크릴레이트코폴리머, 다이아이소스테아릴말레이트, 팔미틱애씨드, 알루미늄하이드록사이드, 글리세릴카프릴레이트, 적색산화철, 트라이에톡시카프릴릴실레인, 향료, 흑색산화철, 알란토인, 다이메티콘/비닐다이메티콘크로스폴리머, 아데노신, 다이메티콘, 다이소듐이디티에이, 소듐하이알루로네이트, 글루타티온, 토코페롤, 하이드롤라이즈드콜라겐, 카프릴릭/카프릭트라이글리세라이드, 에탄올, 약모밀추출물, 하이드로제네이티드레시틴, 복사나무꽃추출물, 소듐스테아로일글루타메이트, 하이알루로닉애씨드, 아스코빅애씨드"
구달 맑은 어성초 진정 수분 톤업 선크림,구달,suncare,suncream,A000000219556,22,https://www.oliveyoung.co.kr/store/goods/getGoodsDetail.do?goodsNo=A000000219556&dispCatNo=100000100110006&trackingCd=Cat100000100110006_MID&t_page=%EC%B9%B4%ED%85%8C%EA%B3%A0%EB%A6%AC%EA%B4%80&t_click=%EC%84%A0%ED%81%AC%EB%A6%BC_%EC%A0%84%EC%B2%B4__%EC%83%81%ED%92%88%EC%83%81%EC%84%B8&t_number=22,"정제수, 다이부틸아디페이트, 다이프로필렌글라이콜, 티타늄디옥사이드 (CI 77891), 프로판다이올, 아이소노닐아이소노나노에이트, 코코-카프릴레이트/카프레이트, 디에칠아미노하이드록시벤조일헥실벤조에이트, 다이아이소프로필세바케이트, 메틸트라이메티콘, 나이아신아마이드, 1,2-헥산다이올, 어성초추출물(=약모밀추출물, 100ppm), 아틀라스시다나무껍질오일, 로즈마리잎오일, 올리브오일, 불가리스쑥오일, 클레리오일, 두송열매오일, 갈바눔수지오일, 하이드롤라이즈드하이알루로닉애씨드, 하이알루로닉애씨드, 소듐하이알루로네이트, 비스-에칠헥실옥시페놀메톡시페닐트리아진, 에칠헥실트리아존, 펜틸렌글라이콜, 폴리실리콘-15, 테레프탈릴리덴디캠퍼설포닉애씨드, 포타슘세틸포스페이트, 소듐폴리아크릴로일다이메틸타우레이트, 폴리하이드록시스테아릭애씨드, 트로메타민, 알루미늄하이드록사이드, 하이드록시에틸아크릴레이트/소듐아크릴로일다이메틸타우레이트코폴리머, 스테아릭애씨드, 아이소도데케인, 옥틸도데칸올, 암모늄폴리아크릴로일다이메틸타우레이트, 폴리글리세릴-4아이소스테아레이트, 폴리글리세릴-2다이폴리하이드록시스테아레이트, 에틸헥실글리세린, 아데노신, 아이소프로필티타늄트라이아이소스테아레이트, 소듐폴리아크릴레이트, 부틸렌글라이콜, 하이드록시프로필메틸셀룰로오스스테아록시에터, 에리스리톨, 솔비톨, 토코페롤, 판테놀, 글루타티온, 다이메틸실란올하이알루로네이트, 하이드롤라이즈드소듐하이알루로네이트, 포타슘하이알루로네이트, 하이드록시프로필트라이모늄하이알루로네이트, 소듐하이알루로네이트크로스폴리머, 소듐하이알루로네이트다이메틸실란올, 소듐아세틸레이티드하이알루로네이트, 베헤닐알코올, 다이소듐이디티에이, 황색산화철 (CI 77492), 적색산화철 (CI 77491)"
구달 맑은 어성초 진정 무기자차 선크림,구달,suncare,suncream,A000000219554,23,https://www.oliveyoung.co.kr/store/goods/getGoodsDetail.do?goodsNo=A000000219554&dispCatNo=100000100110006&trackingCd=Cat100000100110006_MID&t_page=%EC%B9%B4%ED%85%8C%EA%B3%A0%EB%A6%AC%EA%B4%80&t_click=%EC%84%A0%ED%81%AC%EB%A6%BC_%EC%A0%84%EC%B2%B4__%EC%83%81%ED%92%88%EC%83%81%EC%84%B8&t_number=23,"정제수, 징크옥사이드, 부틸옥틸살리실레이트, 사이클로헥사실록세인, 카프릴릴메티콘, 프로판다이올, 프로필헵틸카프릴레이트, 메틸트라이메티콘, 폴리글리세릴-3폴리다이메틸실록시에틸다이메티콘, 메틸메타크릴레이트크로스폴리머, 약모밀추출물, 올리브오일, 소듐하이알루로네이트, 분비나무오일, 로즈마리잎오일, 클레리오일, 센티드제라늄꽃오일, 클로브잎오일, 광곽향오일, 마트리카리아꽃오일, 멕시칸주니퍼오일, 캐모마일꽃오일, 라우릴폴리글리세릴-3폴리다이메틸실록시에틸다이메티콘, 다이스테아다이모늄헥토라이트, 마그네슘설페이트, 폴리글리세릴-2다이폴리하이드록시스테아레이트, 트라이에톡시카프릴릴실레인, 1,2-헥산다이올, 트라이메틸실록시실리케이트, 폴리메틸실세스퀴옥세인, 다이메티콘/비닐다이메티콘크로스폴리머, 부틸렌글라이콜, 글리세릴카프릴레이트, 카프릴릴글라이콜, 다이메티콘올, 트라이실록세인, 에틸헥실글리세린, 펜틸렌글라이콜, 마그네슘아스파테이트, 징크글루코네이트, 토코페롤, 카퍼글루코네이트, 마데카소사이드, 징크락테이트, 판테놀, 옥타데케인, 락틱애씨드/글라이콜릭애씨드코폴리머, 다이메틸실란올하이알루로네이트, 소듐아세틸레이티드하이알루로네이트, 소듐하이알루로네이트다이메틸실란올, 소듐하이알루로네이트크로스폴리머, 잔탄검, 포타슘하이알루로네이트, 하이드록시프로필트라이모늄하이알루로네이트, 하이드롤라이즈드소듐하이알루로네이트, 하이드롤라이즈드하이알루로닉애씨드, 하이알루로닉애씨드"
비플레인 녹두 쿨링 수분 선크림,비플레인,suncare,suncream,A000000249802,24,https://www.oliveyoung.co.kr/store/goods/getGoodsDetail.do?goodsNo=A000000249802&dispCatNo=100000100110006&trackingCd=Cat100000100110006_MID&t_page=%EC%B9%B4%ED%85%8C%EA%B3%A0%EB%A6%AC%EA%B4%80&t_click=%EC%84%A0%ED%81%AC%EB%A6%BC_%EC%A0%84%EC%B2%B4__%EC%83%81%ED%92%88%EC%83%81%EC%84%B8&t_number=24,"정제수, 다이부틸아디페이트, 프로판다이올, 부틸옥틸살리실레이트, 에칠헥실트리아존, 나이아신아마이드, 카프릴릴메티콘, 드로메트리졸트리실록산, 테레프탈릴리덴디캠퍼설포닉애씨드, 폴리글리세릴-3다이스테아레이트, 1,2-헥산다이올, 디에칠아미노하이드록시벤조일헥실벤조에이트, 트로메타민, 펜틸렌글라이콜, 세테아릴알코올, 폴리메틸실세스퀴옥세인, 비스-에칠헥실옥시페놀메톡시페닐트리아진, 글리세릴스테아레이트, 포타슘세틸포스페이트, 폴리C10-30알킬아크릴레이트, 메틸프로판다이올, 카보머, 폴리글리세릴-3메틸글루코오스다이스테아레이트, 메틸다이아이소프로필프로피온아마이드, 에틸헥실글리세린, 글리세릴스테아레이트시트레이트, 암모늄아크릴로일다이메틸타우레이트/브이피코폴리머, 아크릴레이트/C10-30알킬아크릴레이트크로스폴리머, 아데노신, 폴리에터-1, 크로뮴옥사이드그린, 폴리글리세릴-3폴리다이메틸실록시에틸다이메티콘, 프로필헵틸카프릴레이트, 하이드롤라이즈드하이알루로닉애씨드, 트라이에톡시카프릴릴실레인, 바이오사카라이드검-1, 부틸렌글라이콜, 토코페롤, 글리세린, 녹두씨추출물, 다시마추출물, 녹두추출물, 알로에베라잎추출물, 참마뿌리추출물, 당느릅나무뿌리추출물, 제비꽃꽃추출물, 녹두싹추출물"
메디힐 마데카소사이드 선스틱 에어리 핏,메디힐,suncare,sunstick,A000000252925,1,https://www.oliveyoung.co.kr/store/goods/getGoodsDetail.do?goodsNo=A000000252925&dispCatNo=100000100110003&trackingCd=Cat100000100110003_MID&t_page=%EC%B9%B4%ED%85%8C%EA%B3%A0%EB%A6%AC%EA%B4%80&t_click=%EC%84%A0%EC%8A%A4%ED%8B%B1_%EC%A0%84%EC%B2%B4__%EC%83%81%ED%92%88%EC%83%81%EC%84%B8&t_number=1,"합성왁스, 카프릴릴메티콘, 메틸메타크릴레이트크로스폴리머, 다이부틸아디페이트, 코코-카프릴레이트/카프레이트, 아이소프로필팔미테이트, 실리카, 부틸옥틸살리실레이트, 합성플루오르플로고파이트, 디에칠아미노하이드록시벤조일헥실벤조에이트, 비스-에칠헥실옥시페놀메톡시페닐트리아진, 카프릴릴트라이메티콘, 에틸헥실팔미테이트, 에칠헥실트리아존, 폴리실리콘-15, 마이크로크리스탈린왁스, 비닐다이메티콘/메티콘실세스퀴옥세인크로스폴리머, 비스-베헤닐/아이소스테아릴/피토스테릴다이머다이리놀레일다이머다이리놀리에이트, 동백나무씨오일, 폴리글리세릴-4다이아이소스테아레이트/폴리하이드록시스테아레이트/세바케이트, 비닐다이메티콘, 알파-비사보롤, 향료, 티타늄디옥사이드 (CI 77891), 폴리에틸렌, 펜타에리스리틸테트라-다이-t-부틸하이드록시하이드로신나메이트, 아데노신, 아이소도데케인, 옥틸도데칸올, 마데카소사이드(200.9 ppm), 폴리글리세릴-4아이소스테아레이트, 아이소프로필티타늄트라이아이소스테아레이트, 알루미늄하이드록사이드, 리날룰, 헥실신남알, 벤질벤조에이트, 리모넨, 병풀추출물, 정제수, 판테놀, 스쿠알란, 부틸렌글라이콜, 1,2-헥산다이올, 소듐하이알루로네이트, 펜틸렌글라이콜, 하이드로제네이티드레시틴, 다이메틸실란올하이알루로네이트, 하이드롤라이즈드하이알루로닉애씨드, 하이드롤라이즈드소듐하이알루로네이트, 콜레스테롤, 하이알루로닉애씨드, 포타슘하이알루로네이트, 하이드록시프로필트라이모늄하이알루로네이트, 소듐하이알루로네이트크로스폴리머, 병풀잎추출물, 키토산, 소듐하이알루로네이트다이메틸실란올, 소듐아세틸레이티드하이알루로네이트, 세라마이드엔피"
오브제 포어 제로 오일 컨트롤 선스틱,오브제,suncare,sunstick,A000000238816,2,https://www.oliveyoung.co.kr/store/goods/getGoodsDetail.do?goodsNo=A000000238816&dispCatNo=100000100110003&trackingCd=Cat100000100110003_MID&t_page=%EC%B9%B4%ED%85%8C%EA%B3%A0%EB%A6%AC%EA%B4%80&t_click=%EC%84%A0%EC%8A%A4%ED%8B%B1_%EC%A0%84%EC%B2%B4__%EC%83%81%ED%92%88%EC%83%81%EC%84%B8&t_number=2,"메틸메타크릴레이트크로스폴리머, 합성왁스, 코코-카프릴레이트/카프레이트, 에틸헥실팔미테이트, 아이소프로필팔미테이트, 다이카프릴릴카보네이트, 합성플루오르플로고파이트, 카프릴릴메티콘, 다이부틸아디페이트, 디에칠아미노하이드록시벤조일헥실벤조에이트, 오조케라이트, 비닐다이메티콘/메티콘실세스퀴옥세인크로스폴리머, 에칠헥실트리아존, 토코페릴아세테이트, 비닐다이메티콘, 폴리실리콘-15, 비스-에칠헥실옥시페놀메톡시페닐트리아진, 부틸옥틸살리실레이트, 버지니아풍년화껍질/잎/잔가지추출물, 카우슬립추출물, 달맞이꽃꽃추출물, 당느릅나무뿌리추출물, 대왕소나무잎추출물, 칡뿌리추출물, 스피어민트추출물, 애플민트잎추출물, 워터민트추출물, 알파-비사보롤, 글리세릴카프릴레이트, 카프릴릴글라이콜, 폴리글리세릴-4다이아이소스테아레이트/폴리하이드록시스테아레이트/세바케이트, 트라이에톡시카프릴릴실레인, 에틸헥실글리세린, 구아이아줄렌, 토코페롤, 정제수, 글리세린, 부틸렌글라이콜, 메틸프로판다이올, 에탄올, 1,2-헥산다이올, 수크로오스, 레시틴, 매스틱검, 효모발효여과물"
유이크 바이옴 레미디 퍼펙트 보송 선스틱,유이크,suncare,sunstick,A000000213574,3,https://www.oliveyoung.co.kr/store/goods/getGoodsDetail.do?goodsNo=A000000213574&dispCatNo=100000100110003&trackingCd=Cat100000100110003_MID&t_page=%EC%B9%B4%ED%85%8C%EA%B3%A0%EB%A6%AC%EA%B4%80&t_click=%EC%84%A0%EC%8A%A4%ED%8B%B1_%EC%A0%84%EC%B2%B4__%EC%83%81%ED%92%88%EC%83%81%EC%84%B8&t_number=3,"메틸메타크릴레이트크로스폴리머, 카프릴릴메티콘, 다이부틸아디페이트, 아이소프로필팔미테이트, 합성왁스, 코코-카프릴레이트/카프레이트, 부틸옥틸살리실레이트, 실리카, 디에칠아미노하이드록시벤조일헥실벤조에이트, 비스-에칠헥실옥시페놀메톡시페닐트리아진, 카프릴릴트라이메티콘, 에칠헥실트리아존, 마이크로크리스탈린왁스, 폴리실리콘-15, 비닐다이메티콘/메티콘실세스퀴옥세인크로스폴리머, 에틸헥실팔미테이트, 비닐다이메티콘, 동백나무씨오일, 쿠티박테리움 그라눌로숨발효추출여과물(10 ppm),비스-베헤닐/아이소스테아릴/피토스테릴다이머다이리놀레일다이머이리놀리에이트, 폴리글리세릴-다이아이소스테아레이트/폴리하이드록시스테아레이트/세바케이트, 정제수, 토코페롤, 1,2-헥산다이올, 에틸헥실글리세린, 판테놀, 석시닉애씨드"
식물나라 보송 페이스 앤 바디 선 스틱,식물나라,suncare,sunstick,A000000150460,4,https://www.oliveyoung.co.kr/store/goods/getGoodsDetail.do?goodsNo=A000000150460&dispCatNo=100000100110003&trackingCd=Cat100000100110003_MID&t_page=%EC%B9%B4%ED%85%8C%EA%B3%A0%EB%A6%AC%EA%B4%80&t_click=%EC%84%A0%EC%8A%A4%ED%8B%B1_%EC%A0%84%EC%B2%B4__%EC%83%81%ED%92%88%EC%83%81%EC%84%B8&t_number=4,"부틸렌글라이콜다이카프릴레이트/다이카프레이트, 폴리에틸렌, 다이메티콘, 옥토크릴렌, 비닐다이메티콘/메티콘실세스퀴옥세인크로스폴리머, 실리카, 메틸메타크릴레이트크로스폴리머, 에칠헥실메톡시신나메이트, 세틸에틸헥사노에이트, 다이카프릴릴카보네이트, 에칠헥실살리실레이트, 디에칠아미노하이드록시벤조일헥실벤조에이트, 비스-에칠헥실옥시페놀메톡시페닐트리아진, 토코페릴아세테이트, 오조케라이트, 알파-비사보롤, 라우릴폴리글리세릴-3폴리다이메틸실록시에틸다이메티콘, 토코페롤, 정제수, 부틸렌글라이콜, 산소, 1,2-헥산다이올, 향료, 데하이드로아세틱애씨드, 에틸헥실글리세린"
라운드랩 자작나무 수분 선스틱,라운드랩,suncare,sunstick,A000000202197,5,https://www.oliveyoung.co.kr/store/goods/getGoodsDetail.do?goodsNo=A000000202197&dispCatNo=100000100110003&trackingCd=Cat100000100110003_MID&t_page=%EC%B9%B4%ED%85%8C%EA%B3%A0%EB%A6%AC%EA%B4%80&t_click=%EC%84%A0%EC%8A%A4%ED%8B%B1_%EC%A0%84%EC%B2%B4__%EC%83%81%ED%92%88%EC%83%81%EC%84%B8&t_number=6,"정제수, 코코-카프릴레이트/카프레이트, 다이부틸아디페이트, 합성왁스, 부틸옥틸살리실레이트, 디에칠아미노하이드록시벤조일헥실벤조에이트, 비닐다이메티콘/메티콘실세스퀴옥세인크로스폴리머, 부틸렌글라이콜, 에칠헥실트리아존, 오조케라이트, 나이아신아마이드, 비닐다이메티콘, 폴리실리콘-15, 비스-에칠헥실옥시페놀메톡시페닐트리아진, 자작나무수액(1,045ppm), 글리세릴글루코사이드, 글리세린, 다시마추출물, 당느릅나무뿌리추출물, 알로에베라잎추출물, 제비꽃꽃추출물, 참마뿌리추출물, 하이알루로닉애씨드, 아스코빅애씨드, 소듐하이알루로네이트, 쇠비름추출물, 다이포타슘글리시리제이트, 알란토인, 노나펩타이드-1, 다이펩타이드다이아미노부티로일벤질아마이드다이아세테이트, 아세틸헥사펩타이드-8, 카퍼트라이펩타이드-1, 트라이펩타이드-1, 팔미토일테트라펩타이드-7, 팔미토일트라이펩타이드-1, 팔미토일트라이펩타이드-5, 팔미토일펜타펩타이드-4, 팔미토일헥사펩타이드-12, 펜타펩타이드-3, 헥사펩타이드-9, 아데노신, 에틸헥실글리세린, 폴리글리세릴-5폴리리시놀리에이트, 글리세릴카프릴레이트, 카프릴릴글라이콜, 쌀겨오일, 라우릴폴리글리세릴-3폴리다이메틸실록시에틸다이메티콘, 폴리글리세릴-4다이아이소스테아레이트/폴리하이드록시스테아레이트/세바케이트, 소듐클로라이드, 1,2-헥산다이올, 토코페롤"
오브제 액티브 스웨트프루프 선스틱,오브제,suncare,sunstick,A000000248755,6,https://www.oliveyoung.co.kr/store/goods/getGoodsDetail.do?goodsNo=A000000248755&dispCatNo=100000100110003&trackingCd=Cat100000100110003_MID&t_page=%EC%B9%B4%ED%85%8C%EA%B3%A0%EB%A6%AC%EA%B4%80&t_click=%EC%84%A0%EC%8A%A4%ED%8B%B1_%EC%A0%84%EC%B2%B4__%EC%83%81%ED%92%88%EC%83%81%EC%84%B8&t_number=7,"메틸메타크릴레이트크로스폴리머, 합성왁스, 카프릴릴메티콘, 아이소프로필팔미테이트, 에틸헥실팔미테이트, 다이카프릴릴카보네이트, 다이부틸아디페이트, 부틸옥틸살리실레이트, 합성플루오르플로고파이트, 다이카프릴릴에터, 디에칠아미노하이드록시벤조일헥실벤조에이트, 에칠헥실트리아존, 오조케라이트, 비닐다이메티콘/메티콘실세스퀴옥세인크로스폴리머, 비닐다이메티콘, 폴리실리콘-15, 비스-에칠헥실옥시페놀메톡시페닐트리아진, 하이드로제네이티드캐스터오일/세바식애씨드코폴리머, 글리세릴카프릴레이트, 폴리글리세릴-4다이아이소스테아레이트/폴리하이드록시스테아레이트/세바케이트, 트라이에톡시카프릴릴실레인, 에틸헥실글리세린, 토코페롤, 정제수, 알지닌, 바이오틴, 카페인, 판테놀, 사이아노코발아민, 카르노신, 티타늄디옥사이드, 부틸렌글라이콜, 데실글루코사이드, 1,2-헥산다이올, 알루미늄하이드록사이드, 글라이신, 세린, 글루타믹애씨드, 녹차추출물, 흰버드나무껍질추출물, 오카무라큰실말추출물, 병풀잎추출물, 덱스트린팔미테이트, 소듐하이알루로네이트, 아이소프로필티타늄트라이아이소스테아레이트, 아스파틱애씨드, C12-13알케스-9, 류신, 커피콩추출물, 알라닌, 라이신, 타이로신, 페닐알라닌, 발린, 트레오닌, 프롤린, 아이소류신, 칡뿌리추출물, 대왕소나무잎추출물, 당느릅나무뿌리추출물, 달맞이꽃꽃추출물, 히스티딘, 베르가모트잎추출물, 메티오닌, 시스테인, 소나무잎추출물, 멘톨, 멘틸락테이트, 에리스리톨, 메틸다이아이소프로필프로피온아마이드"
토리든 밸런스풀 포맨 시카 오일 컨트롤 선스틱,토리든,suncare,sunstick,A000000248312,7,https://www.oliveyoung.co.kr/store/goods/getGoodsDetail.do?goodsNo=A000000248312&dispCatNo=100000100110003&trackingCd=Cat100000100110003_MID&t_page=%EC%B9%B4%ED%85%8C%EA%B3%A0%EB%A6%AC%EA%B4%80&t_click=%EC%84%A0%EC%8A%A4%ED%8B%B1_%EC%A0%84%EC%B2%B4__%EC%83%81%ED%92%88%EC%83%81%EC%84%B8&t_number=8,"카프릴릴메티콘, 메틸메타크릴레이트크로스폴리머, 합성왁스, 비닐다이메티콘/메티콘실세스퀴옥세인크로스폴리머, 에틸헥실팔미테이트, 다이부틸아디페이트, 코코-카프릴레이트/카프레이트, 부틸옥틸살리실레이트, 합성플루오르플로고파이트, 디에칠아미노하이드록시벤조일헥실벤조에이트, 에칠헥실트리아존, 토코페릴아세테이트, 오조케라이트, 페닐트라이메티콘, 비닐다이메티콘, 폴리실리콘-15, 실리카, 비스-에칠헥실옥시페놀메톡시페닐트리아진, 비스-스테아릴다이메티콘, 병풀잎추출물, 병풀뿌리추출물, 병풀추출물(100ppm), 마데카소사이드, 아시아티코사이드, 아시아틱애씨드, 마데카식애씨드, 쓴풀추출물, 푸른연꽃추출물, 락토바실러스발효물, 접시꽃추출물, 징크피씨에이, 판테놀, 판토테닉애씨드, 팔미토일다이펩타이드-7, 다이포타슘글리시리제이트, 알파-비사보롤, 글리세릴카프릴레이트, 트라이에톡시카프릴릴실레인, 정제수, 1,2-헥산다이올, 부틸렌글라이콜, 소듐클로라이드, 소듐아세테이트, 효모발효물, 글리세릴글루코사이드, 폴리글리세릴-4다이아이소스테아레이트/폴리하이드록시스테아레이트/세바케이트, 토코페롤, 약모밀추출물"
AHC 마스터즈 아이시 젤리 선스틱,AHC,suncare,sunstick,A000000254133,8,https://www.oliveyoung.co.kr/store/goods/getGoodsDetail.do?goodsNo=A000000254133&dispCatNo=100000100110003&trackingCd=Cat100000100110003_MID&t_page=%EC%B9%B4%ED%85%8C%EA%B3%A0%EB%A6%AC%EA%B4%80&t_click=%EC%84%A0%EC%8A%A4%ED%8B%B1_%EC%A0%84%EC%B2%B4__%EC%83%81%ED%92%88%EC%83%81%EC%84%B8&t_number=9,"디에칠아미노하이드록시벤조일헥실벤조에이트, 에칠헥실트리아존, 폴리실리콘-15, 나이아신아마이드, 비스-에칠헥실옥시페놀메톡시페닐트리아진, 아데노신, 토코페롤"
김정문알로에 큐어 쿨링 선스틱,김정문알로에,suncare,sunstick,A000000202400,9,https://www.oliveyoung.co.kr/store/goods/getGoodsDetail.do?goodsNo=A000000202400&dispCatNo=100000100110003&trackingCd=Cat100000100110003_MID&t_page=%EC%B9%B4%ED%85%8C%EA%B3%A0%EB%A6%AC%EA%B4%80&t_click=%EC%84%A0%EC%8A%A4%ED%8B%B1_%EC%A0%84%EC%B2%B4__%EC%83%81%ED%92%88%EC%83%81%EC%84%B8&t_number=10,"알로에베라잎즙, 옥토크릴렌, 다이카프릴릴카보네이트, 에칠헥실메톡시신나메이트, 디에칠아미노하이드록시벤조일헥실벤조에이트, 부틸렌글라이콜, 에칠헥실살리실레이트, 소듐클로라이드, 소듐스테아레이트, 피이지-30다이폴리하이드록시스테아레이트, 비스-에칠헥실옥시페놀메톡시페닐트리아진, 폴리에틸렌, 피이지-10다이메티콘, 알로에잎추출물(칸델라브라알로에잎추출물), 알로에베라잎추출물, 참마뿌리추출물, 다시마추출물, 병풀잎추출물, 티트리잎추출물, 글리세린, 카프릴릭/카프릭트라이글리세라이드, 당느릅나무뿌리추출물, 제비꽃꽃추출물, 스피드웰추출물, 오이풀뿌리추출물, 정제수, 1,2-헥산다이올, 파라핀, 모란뿌리추출물, 필리핀오렌지껍질오일, 살리실릭애씨드, 메틸메타크릴레이트크로스폴리머, 소듐시트레이트, 마이크로크리스탈린왁스, 에틸헥실글리세린, 다이소듐이디티에이, 다이스테아레스-100아이피디아이"
구달 맑은 어성초 진정 쿨링 선스틱,구달,suncare,sunstick,A000000182782,10,https://www.oliveyoung.co.kr/store/goods/getGoodsDetail.do?goodsNo=A000000182782&dispCatNo=100000100110003&trackingCd=Cat100000100110003_MID&t_page=%EC%B9%B4%ED%85%8C%EA%B3%A0%EB%A6%AC%EA%B4%80&t_click=%EC%84%A0%EC%8A%A4%ED%8B%B1_%EC%A0%84%EC%B2%B4__%EC%83%81%ED%92%88%EC%83%81%EC%84%B8&t_number=11,"정제수, 합성왁스, 다이부틸아디페이트, 코코-카프릴레이트/카프레이트, 부틸옥틸살리실레이트, 비닐다이메티콘/메티콘실세스퀴옥세인크로스폴리머, 디에칠아미노하이드록시벤조일헥실벤조에이트, 오조케라이트, 부틸렌글라이콜, 다이프로필렌글라이콜, 에칠헥실트리아존, 나이아신아마이드, 비닐다이메티콘, 폴리실리콘-15, 비스-에칠헥실옥시페놀메톡시페닐트리아진, 폴리글리세릴-4다이아이소스테아레이트/폴리하이드록시스테아레이트/세바케이트, 약모밀추출물(=어성초추출물 3,500ppm), 인도멀구슬나무잎추출물, 인도멀구슬나무꽃추출물, 아이비고드열매추출물, 가지열매추출물, 울금뿌리추출물, 홀리바질잎추출물, 참산호말추출물, 쌀겨오일, 소듐하이알루로네이트, 소듐클로라이드, 카프릴릴글라이콜, 글리세릴카프릴레이트, 라우릴폴리글리세릴-3폴리다이메틸실록시에틸다이메티콘, 폴리글리세릴-5폴리리시놀리에이트, 에틸헥실글리세린, 아데노신, 호박가루, 드럼스틱씨오일, 토코페롤, 옥타데케인, 락틱애씨드/글라이콜릭애씨드코폴리머, 1,2-헥산다이올, 다이메틸실란올하이알루로네이트, 하이드롤라이즈드소듐하이알루로네이트, 하이드롤라이즈드하이알루로닉애씨드, 잔탄검, 포타슘하이알루로네이트, 하이알루로닉애씨드, 소듐하이알루로네이트크로스폴리머, 하이드록시프로필트라이모늄하이알루로네이트, 소듐하이알루로네이트다이메틸실란올, 소듐아세틸레이티드하이알루로네이트"
아이디얼포맨 프레시 오일 컷 선스틱,아이디얼포맨,suncare,sunstick,A000000248771,11,https://www.oliveyoung.co.kr/store/goods/getGoodsDetail.do?goodsNo=A000000248771&dispCatNo=100000100110003&trackingCd=Cat100000100110003_MID&t_page=%EC%B9%B4%ED%85%8C%EA%B3%A0%EB%A6%AC%EA%B4%80&t_click=%EC%84%A0%EC%8A%A4%ED%8B%B1_%EC%A0%84%EC%B2%B4__%EC%83%81%ED%92%88%EC%83%81%EC%84%B8&t_number=12,"메틸메타크릴레이트크로스폴리머 합성왁스 카프릴릴메티콘 에틸헥실팔미테이트 비닐다이메티콘/메티콘실세스퀴옥세인크로스폴리머 다이에틸헥실석시네이트 다이부틸아디페이트 코코-카프릴레이트/카프레이트 부틸옥틸살리실레이트 합성플루오르플로고파이트 디에칠아미노하이드록시벤조일헥실벤조에이트 에칠헥실트리아존 오조케라이트 토코페릴아세테이트 비닐다이메티콘 폴리실리콘-15 실리카 비스-에칠헥실옥시페놀메톡시페닐트리아진 알파-비사보롤 트라이에톡시카프릴릴실레인 글리세릴카프릴레이트 토코페롤 부틸렌글라이콜 소듐하이알루로네이트 락토바실러스발효물 정제수 글리세린 에탄올 1,2-헥산다이올 에난티아 클로란타껍질추출물 레시틴 매스틱검 칡뿌리추출물 대왕소나무잎추출물 당느릅나무뿌리추출물 달맞이꽃꽃추출물 하이드롤라이즈드소듐하이알루로네이트 올레아놀릭애씨드"
셀퓨전씨 스틱 썬스크린,셀퓨전씨,suncare,sunstick,A000000253705,12,https://www.oliveyoung.co.kr/store/goods/getGoodsDetail.do?goodsNo=A000000253705&dispCatNo=100000100110003&trackingCd=Cat100000100110003_MID&t_page=%EC%B9%B4%ED%85%8C%EA%B3%A0%EB%A6%AC%EA%B4%80&t_click=%EC%84%A0%EC%8A%A4%ED%8B%B1_%EC%A0%84%EC%B2%B4__%EC%83%81%ED%92%88%EC%83%81%EC%84%B8&t_number=13,"정제수, 폴리에틸렌, 다이메티콘, 호모살레이트, 메틸메타크릴레이트크로스폴리머, 에칠헥실메톡시신나메이트, 다이카프릴릴카보네이트, 에칠헥실살리실레이트, 디에칠아미노하이드록시벤조일헥실벤조에이트, 부틸렌글라이콜다이카프릴레이트/다이카프레이트, 비닐다이메티콘/메티콘실세스퀴옥세인크로스폴리머, 옥토크릴렌, 세틸에틸헥사노에이트, 비스-에칠헥실옥시페놀메톡시페닐트리아진, 오조케라이트, 다이부틸아디페이트, 1,2-헥산다이올, 라우릴폴리글리세릴-3폴리다이메틸실록시에틸다이메티콘, 베르가모트오일, 글리세릴카프릴레이트, 에틸헥실글리세린, 해수, 만주자작나무수액, 오렌지껍질오일, 사카라이드하이드롤리세이트, 프룩토올리고사카라이드, 라벤더오일, 데하이드로아세틱애씨드, 풀루란, 유칼립투스잎오일, 부틸렌글라이콜, 글리세린, 약모밀추출물, 프로필렌글라이콜, 판테놀, 옥틸도데칸올, 토코페롤, 말토덱스트린, 하이드로제네이티드레시틴, 세라마이드엔피, 수크로오스스테아레이트, 에키움 플란타기네움씨오일, 살비아잎추출물, 마조람잎추출물, 바질잎추출물, 해바라기씨오일불검화물, 콜레스테롤, 스테아릭애씨드, 팔미틱애씨드, 콜레스테릴마카다미에이트, 풍선덩굴꽃/잎/덩굴추출물, 쇠비름추출물, 사카라이드아이소머레이트, 하이드롤라이즈드루핀단백질, 리모넨, 리날룰"
가히 에어리 핏 선스틱,가히,suncare,sunstick,A000000211648,13,https://www.oliveyoung.co.kr/store/goods/getGoodsDetail.do?goodsNo=A000000211648&dispCatNo=100000100110003&trackingCd=Cat100000100110003_MID&t_page=%EC%B9%B4%ED%85%8C%EA%B3%A0%EB%A6%AC%EA%B4%80&t_click=%EC%84%A0%EC%8A%A4%ED%8B%B1_%EC%A0%84%EC%B2%B4__%EC%83%81%ED%92%88%EC%83%81%EC%84%B8&t_number=14,"메틸메타크릴레이트크로스폴리머, 폴리에틸렌,카프릴릴메티콘, 에틸헥실팔미테이트, 아이소프로필팔미테이트, 코코-카프릴레이트/카프레이트, 다이카프릴릴카보네이트, 합성플루오르플로고파이트, 다이부틸아디페이트, 디에칠아미노하이드록시벤조일헥실벤조에이트, 오조케라이트, 비닐다이메티콘/메티콘실세스퀴옥세인크로스폴리머, 에칠헥실트리아존, 토코페릴아세테이트, 비닐다이메티콘, 폴리실리콘-15, 비스-에칠헥실옥시페놀메톡시페닐트리아진, 정제수, 물냉이추출물, 쇠비름추출물, 글리세릴카프릴레이트, 폴리글리세릴-4다이아이소스테아레이트/폴리하이드록시스테아레이트/세바케이트, 트라이에톡시카프릴릴실레인, 알파-비사보롤, 폴록사머188, 토코페롤, 하이드록시프로필메틸셀룰로오스스테아록시에터, 티타늄디옥사이드, 메틸프로판다이올, 알루미늄하이드록사이드, 덱스트린팔미테이트, 아이소프로필티타늄트라이아이소스테아레이트, 향료"
비레디 아웃런 선스틱,비레디,suncare,sunstick,A000000251762,14,https://www.oliveyoung.co.kr/store/goods/getGoodsDetail.do?goodsNo=A000000251762&dispCatNo=100000100110003&trackingCd=Cat100000100110003_MID&t_page=%EC%B9%B4%ED%85%8C%EA%B3%A0%EB%A6%AC%EA%B4%80&t_click=%EC%84%A0%EC%8A%A4%ED%8B%B1_%EC%A0%84%EC%B2%B4__%EC%83%81%ED%92%88%EC%83%81%EC%84%B8&t_number=16,"메틸메타크릴레이트크로스폴리머, 폴리에틸렌, 카프릴릴메티콘, 코코-카프릴레이트/카프레이트, 에틸헥실팔미테이트, 아이소프로필팔미테이트, 다이카프릴릴카보네이트, 합성플루오르플로고파이트, 다이부틸아디페이트, 오조케라이트, 디에칠아미노하이드록시벤조일헥실벤조에이트, 에칠헥실트리아존, 비닐다이메티콘/메티콘실세스퀴옥세인크로스폴리머, 폴리실리콘-15, 비닐다이메티콘, 비스-에칠헥실옥시페놀메톡시페닐트리아진, 향료, 글리세릴카프릴레이트, 폴리글리세릴-4다이아이소스테아레이트/폴리하이드록시스테아레이트/세바케이트, 트라이에톡시카프릴릴실레인, 토코페롤, 징크옥사이드 (CI 77947), 정제수, 아시아티코사이드, 마데카식애씨드, 아시아틱애씨드, 1,2-헥산다이올, 적색산화철, 병풀추출물"
닥터지 그린마일드 업 선스틱,닥터지,suncare,sunstick,A000000150730,15,https://www.oliveyoung.co.kr/store/goods/getGoodsDetail.do?goodsNo=A000000150730&dispCatNo=100000100110003&trackingCd=Cat100000100110003_MID&t_page=%EC%B9%B4%ED%85%8C%EA%B3%A0%EB%A6%AC%EA%B4%80&t_click=%EC%84%A0%EC%8A%A4%ED%8B%B1_%EC%A0%84%EC%B2%B4__%EC%83%81%ED%92%88%EC%83%81%EC%84%B8&t_number=17,"옥틸도데칸올, 징크옥사이드, 세틸에틸헥사노에이트, 벤조트라이아졸릴도데실p-크레솔, 코코-카프릴레이트/카프레이트, C12-15알킬벤조에이트, 아이소프로필팔미테이트, 아크릴레이트코폴리머, 부틸렌글라이콜다이카프릴레이트/다이카프레이트, 실리카실릴레이트, 다이부틸라우로일글루타마이드, 다이부틸에틸헥사노일글루타마이드, 카프릴릭/카프릭트라이글리세라이드, 부틸옥틸살리실레이트, 덱스트린팔미테이트, 비닐다이메티콘, 비닐다이메티콘/메티콘실세스퀴옥세인크로스폴리머, 병풀추출물, 스피어민트추출물, 프랑스해안송껍질추출물, 타라열매추출물, 코토니추출물, 밀몽화꽃추출물, 녹차추출물, 은행나무잎추출물, 동백나무잎추출물, 로켓잎추출물, 밀싹추출물, 브로콜리싹추출물, 자주개자리추출물, 글리세릴카프릴레이트, 트라이에톡시카프릴릴실레인, 폴리하이드록시스테아릭애씨드, 폴리글리세릴-6폴리리시놀리에이트, 토코페롤, 정제수, 7-데하이드로콜레스테롤, 엑토인, 프로판다이올, 부틸렌글라이콜, 락토바실러스발효물, 1,2-헥산다이올, 향료"
듀이트리 AC 딥 카밍 포어 선스틱,듀이트리,suncare,sunstick,A000000248743,16,https://www.oliveyoung.co.kr/store/goods/getGoodsDetail.do?goodsNo=A000000248743&dispCatNo=100000100110003&trackingCd=Cat100000100110003_MID&t_page=%EC%B9%B4%ED%85%8C%EA%B3%A0%EB%A6%AC%EA%B4%80&t_click=%EC%84%A0%EC%8A%A4%ED%8B%B1_%EC%A0%84%EC%B2%B4__%EC%83%81%ED%92%88%EC%83%81%EC%84%B8&t_number=18,"다이메티콘, 합성왁스, 메틸메타크릴레이트크로스폴리머, 에틸헥실팔미테이트, C12-15알킬벤조에이트, 다이부틸아디페이트, 옥토크릴렌, 이소아밀p-메톡시신나메이트, 비닐다이메티콘/메티콘실세스퀴옥세인크로스폴리머, 아이소프로필팔미테이트, 오조케라이트, 실리카, 부틸메톡시디벤조일메탄, 부틸옥틸살리실레이트, 비스-에칠헥실옥시페놀메톡시페닐트리아진, 카프릴릴메티콘, 다이카프릴릴카보네이트, 에칠헥실트리아존, 마이크로크리스탈린왁스, 트라이하이드록시스테아린, 폴리실리콘-15, 글리세릴카프릴레이트, 폴리글리세릴-4다이아이소스테아레이트/폴리하이드록시스테아레이트/세바케이트, 정제수, 부틸렌글라이콜, 토코페롤, 1,2-헥산다이올, 에톡시다이글라이콜, 달맞이꽃꽃추출물, 대왕소나무잎추출물, 칡뿌리추출물, 당느릅나무뿌리추출물, 병풀추출물, 옥틸도데칸올, 아시아티코사이드, 페퍼민트잎추출물, 애플민트잎추출물, 스피어민트잎추출물, 아시아틱애씨드, 마데카식애씨드, 글라이코리피드, 하이드로제네이티드레시틴, C12-13알케스-9, 티트리잎추출물, 마데카소사이드, 소듐디엔에이"
아비브 퀵 선스틱 프로텍션 바,아비브,suncare,sunstick,A000000183264,17,https://www.oliveyoung.co.kr/store/goods/getGoodsDetail.do?goodsNo=A000000183264&dispCatNo=100000100110003&trackingCd=Cat100000100110003_MID&t_page=%EC%B9%B4%ED%85%8C%EA%B3%A0%EB%A6%AC%EA%B4%80&t_click=%EC%84%A0%EC%8A%A4%ED%8B%B1_%EC%A0%84%EC%B2%B4__%EC%83%81%ED%92%88%EC%83%81%EC%84%B8&t_number=22,"옥틸도데칸올, 부틸렌글라이콜다이카프릴레이트/다이카프레이트, 에칠헥실메톡시신나메이트, 다이부틸에틸헥사노일글루타마이드, 다이부틸라우로일글루타마이드, 다이아이소스테아릴말레이트, 에칠헥실살리실레이트, 디에칠아미노하이드록시벤조일헥실벤조에이트, 비스-에칠헥실옥시페놀메톡시페닐트리아진, 덱스트린팔미테이트, 옥토크릴렌, 하이드롤라이즈드식물성단백질, 녹차추출물, 병풀추출물, 알로에베라잎추출물, 정제수, 부틸렌글라이콜, 사카라이드아이소머레이트, 글리세린, 말토덱스트린, 카프릴릭/카프릭트라이글리세라이드, 하이드로제네이티드레시틴, 1,2-헥산다이올, 세라마이드엔피, 시트릭애씨드, 소듐시트레이트"
식물나라 워터프루프 선 스틱,식물나라,suncare,sunstick,A000000249471,18,https://www.oliveyoung.co.kr/store/goods/getGoodsDetail.do?goodsNo=A000000249471&dispCatNo=100000100110003&trackingCd=Cat100000100110003_MID&t_page=%EC%B9%B4%ED%85%8C%EA%B3%A0%EB%A6%AC%EA%B4%80&t_click=%EC%84%A0%EC%8A%A4%ED%8B%B1_%EC%A0%84%EC%B2%B4__%EC%83%81%ED%92%88%EC%83%81%EC%84%B8&t_number=23,"메틸메타크릴레이트크로스폴리머, 폴리에틸렌, 카프릴릴메티콘, 코코-카프릴레이트/카프레이트, 에틸헥실팔미테이트, 아이소프로필팔미테이트, 다이카프릴릴카보네이트, 합성플루오르플로고파이트, 다이부틸아디페이트, 오조케라이트, 디에칠아미노하이드록시벤조일헥실벤조에이트, 비닐다이메티콘/메티콘실세스퀴옥세인크로스폴리머, 에칠헥실트리아존, 비닐다이메티콘, 폴리실리콘-15, 비스-에칠헥실옥시페놀메톡시페닐트리아진, 베르가모트오일, 글리세릴카프릴레이트, 폴리글리세릴-4다이아이소스테아레이트/폴리하이드록시스테아레이트/세바케이트, 트라이에톡시카프릴릴실레인, 토코페롤, 징크옥사이드, 정제수, 마데카식애씨드, 아시아티코사이드, 아시아틱애씨드, 1,2-헥산다이올, 적색산화철, 병풀추출물, 리모넨, 리날룰, 시트랄"
오휘 3아워 블러링 선파우더,오휘,suncare,sun_cushion,A000000225073,1,https://www.oliveyoung.co.kr/store/goods/getGoodsDetail.do?goodsNo=A000000225073&dispCatNo=100000100110004&t_page=%EC%B9%B4%ED%85%8C%EA%B3%A0%EB%A6%AC%EA%B4%80&t_click=%EC%84%A0%EC%BF%A0%EC%85%98_%EC%A0%84%EC%B2%B4__%EC%83%81%ED%92%88%EC%83%81%EC%84%B8&t_number=1,"탤크, 에칠헥실메톡시신나메이트, 실리카, 티타늄디옥사이드, 합성플루오르플로고파이트, 라우로일라이신, 폴리메틸실세스퀴옥세인, 다이메티콘, 마그네슘미리스테이트, 1,2-헥산다이올, 다이페닐다이메티콘/비닐다이페닐다이메티콘/실세스퀴옥세인크로스폴리머, 피토스테릴/이소스테아릴/세틸/스테아릴/베헤닐다이머디리놀리에이트, 트라이에틸헥사노인, 하이드록시아파타이트, 스테아릭애씨드, 알루미늄하이드록사이드, 메티콘, 다이머다이리놀레일다이머다이리놀리에이트, 하이드로제네이티드레시틴, 마그네슘/포타슘/실리콘/플루오라이드/하이드록사이드/옥사이드, 드럼스틱씨오일, 크리신, 다이페닐실록시페닐트라이메티콘, 트라이에톡시실릴에틸폴리다이메틸실록시에틸헥실다이메티콘, 향료, 하이드록시시트로넬알, 리모넨, 적색산화철"
톤핏선 파데프리 비건 얇착밀착 선쿠션,톤핏선,suncare,sun_cushion,A000000179295,2,https://www.oliveyoung.co.kr/store/goods/getGoodsDetail.do?goodsNo=A000000179295&dispCatNo=100000100110004&t_page=%EC%B9%B4%ED%85%8C%EA%B3%A0%EB%A6%AC%EA%B4%80&t_click=%EC%84%A0%EC%BF%A0%EC%85%98_%EC%A0%84%EC%B2%B4__%EC%83%81%ED%92%88%EC%83%81%EC%84%B8&t_number=2,"정제수, 징크옥사이드, 부틸렌글라이콜다이카프릴레이트/다이카프레이트, 티타늄디옥사이드, 아이소도데케인, 부틸렌글라이콜, 부틸옥틸살리실레이트, 헥실라우레이트, 폴리글리세릴-3폴리리시놀리에이트, 나이아신아마이드, 트라이메틸실록시실리케이트, C18-21알케인,티타늄디옥사이드 (CI 77891), 마그네슘설페이트, 폴리글리세릴-3다이아이소스테아레이트, 폴리글리세릴-4아이소스테아레이트, 알루미늄하이드록사이드, 카프릴릭/카프릭글리세라이즈, 스테아릭애씨드, 실리카, 쿼터늄-90벤토나이트, 폴리메틸메타크릴레이트, 마이카, C13-14아이소알케인, 아크릴레이트/폴리트라이메틸실록시메타크릴레이트코폴리머, 트라이에톡시카프릴릴실레인, 1,2-헥산다이올, 폴리글리세릴-3리시놀리에이트, 트라이메틸실록시실리케이트/다이메티콘올크로스폴리머,레시틴, 폴리하이드록시스테아릭애씨드, 아데노신, 아이소스테아릭애씨드, 아이소프로필미리스테이트, 에틸렌/프로필렌/스타이렌코폴리머, 에틸헥실팔미테이트, 메티콘, 부틸렌/에틸렌/스타이렌코폴리머, 스쿠알란, 폴리글루타믹애씨드, 펜타에리스리틸테트라-다이-t-부틸하이드록시하이드로신나메이트, 사과추출물, 향료, 황색산화철, 적색산화철"
이지듀 기미 앰플 쿠션 19호,이지듀,suncare,sun_cushion,A000000228069,3,https://www.oliveyoung.co.kr/store/goods/getGoodsDetail.do?goodsNo=A000000228069&dispCatNo=100000100110004&t_page=%EC%B9%B4%ED%85%8C%EA%B3%A0%EB%A6%AC%EA%B4%80&t_click=%EC%84%A0%EC%BF%A0%EC%85%98_%EC%A0%84%EC%B2%B4__%EC%83%81%ED%92%88%EC%83%81%EC%84%B8&t_number=3,"정제수, 다이메티콘, 티타늄디옥사이드 (CI 77891), 에칠헥실메톡시신나메이트, 트라이메틸실록시실리케이트, 글리세린, 에칠헥실살리실레이트, 세틸피이지/피피지-10/1다이메티콘, 부틸렌글라이콜, 다이페닐실록시페닐트라이메티콘, 나이아신아마이드, 1,2-헥산다이올, 폴리메틸실세스퀴옥세인, 아이소도데케인, 메틸트라이메티콘, 황색산화철 (CI 77492), 마조람잎오일, 베르가모트오일, 캐모마일꽃오일, 멕시칸주니퍼오일, 왕귤껍질오일, 소듐하이알루로네이트, 하이알루로닉애씨드, 피이지-10다이메티콘, 브이피/헥사데센코폴리머, 아크릴레이트/다이메티콘코폴리머, 다이스테아다이모늄헥토라이트, 마그네슘설페이트, 옥틸도데칸올, 합성플루오르플로고파이트, 폴리글리세릴-3폴리다이메틸실록시에틸다이메티콘, 스테아릭애씨드, 알루미나, 알루미늄하이드록사이드, 트라이에톡시카프릴릴실레인, 폴리글리세릴-4아이소스테아레이트, 폴리하이드록시스테아릭애씨드, 아이소프로필티타늄트라이아이소스테아레이트, 아데노신, 트라이소듐에틸렌다이아민다이석시네이트, 네오펜틸글라이콜다이에틸헥사노에이트, 펜타에리스리틸테트라-다이-t-부틸하이드록시하이드로신나메이트, 카프릴릭/카프릭트라이글리세라이드, 글루타티온, 하이드로제네이티드레시틴, 아스코빅애씨드, 소듐스테아로일글루타메이트, 소듐아스코빌포스페이트, 에스에이치-올리고펩타이드-1, 비사보롤, 헤스페리딘메틸칼콘, 스테아레스-20, 소듐시트레이트, 다이펩타이드-2, 시트릭애씨드, 팔미토일테트라펩타이드-7, 에탄올, 다이소듐이디티에이, 클로헥시딘디글루코네이트, 포타슘솔베이트, 리모넨, 리날룰, 적색산화철 (CI 77491), 흑색산화철 (CI 77499)"
이니스프리 데일리 유브이 노세범 선파우더,이니스프리,suncare,sun_cushion,A000000249757,4,https://www.oliveyoung.co.kr/store/goods/getGoodsDetail.do?goodsNo=A000000249757&dispCatNo=100000100110004&t_page=%EC%B9%B4%ED%85%8C%EA%B3%A0%EB%A6%AC%EA%B4%80&t_click=%EC%84%A0%EC%BF%A0%EC%85%98_%EC%A0%84%EC%B2%B4__%EC%83%81%ED%92%88%EC%83%81%EC%84%B8&t_number=4,"마이카, 실리카, 폴리메틸메타크릴레이트, 티타늄디옥사이드, 부틸옥틸살리실레이트, 합성플루오르플로고파이트, 마그네슘/포타슘/실리콘/플루오라이드/하이드록사이드/옥사이드, 라우로일라이신, 티타늄디옥사이드 (CI 77891), 아크릴레이트코폴리머, 알루미나, 다이페닐다이메티콘/비닐다이페닐다이메티콘/실세스퀴옥세인크로스폴리머, 정제수, 다이메티콘, 트라이에톡시카프릴릴실레인, 소듐코코일글루타메이트, 시메티콘, 피토스테릴/베헤닐/옥틸도데실라우로일글루타메이트, 에틸헥실글리세린, 글리세릴카프릴레이트, 알루미늄하이드록사이드, 적색산화철, 미네랄솔트, 흑색산화철, 토코페롤"
체이싱래빗 올어바웃 글로우 커버 선쿠션 웜네추럴,체이싱래빗,suncare,sun_cushion,A000000245129,5,https://www.oliveyoung.co.kr/store/goods/getGoodsDetail.do?goodsNo=A000000245129&dispCatNo=100000100110004&t_page=%EC%B9%B4%ED%85%8C%EA%B3%A0%EB%A6%AC%EA%B4%80&t_click=%EC%84%A0%EC%BF%A0%EC%85%98_%EC%A0%84%EC%B2%B4__%EC%83%81%ED%92%88%EC%83%81%EC%84%B8&t_number=5,"정제수, 티타늄디옥사이드 (CI 77891), 다이페닐실록시페닐트라이메티콘, 에칠헥실메톡시신나메이트, 에칠헥실살리실레이트, 페닐트라이메티콘, 프로필렌글라이콜다이벤조에이트, 글리세린, 라우릴피이지-9폴리다이메틸실록시에틸다이메티콘, 부틸렌글라이콜, 나이아신아마이드, 세틸피이지/피피지-10/1다이메티콘, 징크옥사이드 (CI 77947), 덱스트린팔미테이트, 사이클로펜타실록세인, 1,2-헥산다이올, 폴리메틸실세스퀴옥세인, 황색산화철 (CI 77492), 메틸메타크릴레이트크로스폴리머, 실리카, 카프릴릭/카프릭트라이글리세라이드, 히비스커스꽃추출물, 사과추출물, 밤껍질추출물, 감나무잎추출물, 작약꽃추출물, 트라이메틸실록시실리케이트, 다이글리세린, 다이스테아다이모늄헥토라이트, 마그네슘설페이트, 아이소도데케인, 아크릴레이트/다이메티콘코폴리머, 솔비탄세스퀴올리에이트, 스테아릭애씨드, 알루미나, 글리세릴베헤네이트/에이코사디오에이트, 트라이에톡시카프릴릴실레인, 알루미늄하이드록사이드, 다이메티콘, 아데노신, 트라이소듐에틸렌다이아민다이석시네이트, 토코페롤, 펜타에리스리틸테트라-다이-t-부틸하이드록시하이드로신나메이트, 옥틸도데칸올, 폴리글리세릴-4아이소스테아레이트, 프로판다이올, 하이드로제네이티드레시틴, 아이소프로필티타늄트라이아이소스테아레이트, 세라마이드엔피, 소듐스테아로일글루타메이트, 향료, 적색산화철 (CI 77491), 흑색산화철 (CI 77499)"
식물나라 뽀얀쌀 생기 톤업 선 쿠션 1호,식물나라,suncare,sun_cushion,A000000219928,6,https://www.oliveyoung.co.kr/store/goods/getGoodsDetail.do?goodsNo=A000000219928&dispCatNo=100000100110004&t_page=%EC%B9%B4%ED%85%8C%EA%B3%A0%EB%A6%AC%EA%B4%80&t_click=%EC%84%A0%EC%BF%A0%EC%85%98_%EC%A0%84%EC%B2%B4__%EC%83%81%ED%92%88%EC%83%81%EC%84%B8&t_number=6,"정제수,부틸옥틸살리실레이트,징크옥사이드,티타늄디옥사이드,메틸트라이메티콘,부틸렌글라이콜,부틸렌글라이콜다이카프릴레이트/다이카프레이트,아이소노닐아이소노나노에이트,아이소데실네오펜타노에이트,폴리글리세릴-3폴리리시놀리에이트,메틸메타크릴레이트크로스폴리머,나이아신아마이드,카프릴릴메티콘,폴리글리세릴-4아이소스테아레이트,마그네슘설페이트,스테아릴헵타노에이트,아크릴레이트/스테아릴아크릴레이트/다이메티콘메타크릴레이트코폴리머,아크릴레이트/폴리트라이메틸실록시메타크릴레이트코폴리머,나일론-12,브이피/헥사데센코폴리머,폴리메틸실세스퀴옥세인,알루미늄하이드록사이드,스테아릭애씨드,다이스테아다이모늄헥토라이트,솔비탄아이소스테아레이트,카프릴릭/카프릭글리세라이즈,아이소도데케인,트라이에톡시카프릴릴실레인,1,2-헥산다이올,폴리글리세릴-3리시놀리에이트,메틸다이아이소프로필프로피온아마이드,아데노신,쌀추출물(100ppm),티타늄디옥사이드(CI 77891),향료"
브링그린 티트리 시카 톤업 선쿠션,브링그린,suncare,sun_cushion,A000000201172,7,https://www.oliveyoung.co.kr/store/goods/getGoodsDetail.do?goodsNo=A000000201172&dispCatNo=100000100110004&t_page=%EC%B9%B4%ED%85%8C%EA%B3%A0%EB%A6%AC%EA%B4%80&t_click=%EC%84%A0%EC%BF%A0%EC%85%98_%EC%A0%84%EC%B2%B4__%EC%83%81%ED%92%88%EC%83%81%EC%84%B8&t_number=7,"정제수, 징크옥사이드, 부틸렌글라이콜다이카프릴레이트/다이카프레이트, 카프릴릴메티콘, 코코-카프릴레이트/카프레이트, 부틸옥틸살리실레이트, 티타늄디옥사이드, 프로판다이올, 라우릴폴리글리세릴-3폴리다이메틸실록시에틸다이메티콘, 글리세린, 나이아신아마이드, 다이머다이리놀레일다이머다이리놀리에이트, 다이아이소스테아릴말레이트, 트라이메틸실록시실리케이트, 병풀추출물(100ppm), 티트리추출물(100ppm)*, 티트리잎추출물(40ppm)*, 티트리꽃/잎/줄기추출물(10ppm)*, 귀리커넬추출물, 아티초크잎추출물, 티트리잎수(1,100ppm)*, 티트리잎오일(10ppm)*, 녹차수, 하이드로제네이티드레시틴, 마그네슘설페이트, 다이스테아다이모늄헥토라이트, 알루미늄하이드록사이드, 스테아릭애씨드, 아이소도데케인, 트라이에톡시카프릴릴실레인, 폴리글리세릴-3폴리다이메틸실록시에틸다이메티콘, 비스-하이드록시프로필다이메티콘/에스엠디아이코폴리머, 1,2-헥산다이올, 메틸메타크릴레이트크로스폴리머, 솔비탄카프릴레이트, 글리세릴카프릴레이트, 카프릴릴글라이콜, 에틸헥실글리세린, 아데노신, 토코페롤, 메틸프로판다이올, 폴리쿼터늄-51, 베타-글루칸, 크로뮴옥사이드그린"
달바 톤업 선 쿠션,달바,suncare,sun_cushion,A000000187473,8,https://www.oliveyoung.co.kr/store/goods/getGoodsDetail.do?goodsNo=A000000187473&dispCatNo=100000100110004&t_page=%EC%B9%B4%ED%85%8C%EA%B3%A0%EB%A6%AC%EA%B4%80&t_click=%EC%84%A0%EC%BF%A0%EC%85%98_%EC%A0%84%EC%B2%B4__%EC%83%81%ED%92%88%EC%83%81%EC%84%B8&t_number=8,"정제수, 티타늄디옥사이드 (CI 77891), 부틸옥틸살리실레이트, 다이프로필렌글라이콜, 페네틸벤조에이트, 페닐프로필디메틸실록시실리케이트, 프로필헵틸카프릴레이트, 아이소노닐아이소노나노에이트, 부틸렌글라이콜, 다이부틸아디페이트, 폴리글리세릴-3폴리리시놀리에이트, 트라이메틸실록시실리케이트, 에탄올, 카프릴릴메티콘, 디에칠아미노하이드록시벤조일헥실벤조에이트, 나이아신아마이드, 실리카, 흰서양송로추출물, 토코페롤, 클로렐라 불가리스추출물, 오렌지껍질오일, 필리핀오렌지껍질오일, 리씨열매오일, 병풀추출물, 약모밀추출물, 복숭아추출물, 세룰라타벚나무꽃추출물, 소듐하이알루로네이트, 연꽃꽃추출물, 알바수련꽃추출물, 장미꽃추출물, 쇠비름추출물, 알로에베라잎추출물, 하이드롤라이즈드하이알루로닉애씨드, 양파추출물, 겔리듐 카르틸라기네움추출물, 레몬밤잎추출물, 살비아잎추출물, 하이알루로닉애씨드, 에칠헥실트리아존, 폴리프로필실세스퀴옥세인, 마그네슘설페이트, 폴리글리세릴-2아이소스테아레이트, 라우릴폴리글리세릴-3폴리다이메틸실록시에틸다이메티콘, 다이스테아다이모늄헥토라이트, 알루미늄하이드록사이드, 1,2-헥산다이올, 메칠렌비스-벤조트리아졸릴테트라메칠부틸페놀, 코코-카프릴레이트/카프레이트, 솔비탄세스퀴올리에이트, 비닐다이메티콘/메티콘실세스퀴옥세인크로스폴리머, 스테아릭애씨드, 아이소도데케인, 옥틸도데칸올, 폴리하이드록시스테아릭애씨드, 하이드록시아세토페논, 폴리글리세릴-6폴리리시놀리에이트, 글루코오스, 솔비탄아이소스테아레이트, 폴리글리세릴-4아이소스테아레이트, 프룩토올리고사카라이드, 프룩토오스, 폴리글리세릴-2다이폴리하이드록시스테아레이트, 데실글루코사이드, 아이소프로필티타늄트라이아이소스테아레이트, 아데노신, 트라이소듐에틸렌다이아민다이석시네이트, 글리세린, 에틸헥실글리세린, 판테놀, 사카라이드아이소머레이트, 프로판다이올, 벤질글라이콜, 하이드롤라이즈드글라이코사미노글리칸, 시트릭애씨드, 말토덱스트린, 소듐시트레이트, 소듐하이알루로네이트크로스폴리머, 하이드록시프로필트라이모늄하이알루로네이트, 소듐아세틸레이티드하이알루로네이트, 잔탄검, 포타슘솔베이트, 황색산화철 (CI 77492), 적색산화철 (CI 77491), 리모넨, 시트랄"
AGE20S 선 에센스 팩트 무기자차 카밍,AGE20S,suncare,sun_cushion,A000000201312,9,https://www.oliveyoung.co.kr/store/goods/getGoodsDetail.do?goodsNo=A000000201312&dispCatNo=100000100110004&t_page=%EC%B9%B4%ED%85%8C%EA%B3%A0%EB%A6%AC%EA%B4%80&t_click=%EC%84%A0%EC%BF%A0%EC%85%98_%EC%A0%84%EC%B2%B4__%EC%83%81%ED%92%88%EC%83%81%EC%84%B8&t_number=10,"병풀잎수, 징크옥사이드, 아이소노닐아이소노나노에이트, 페닐트라이메티콘, 부틸옥틸살리실레이트, 칸데릴라왁스, 사이클로펜타실록세인, 다이페닐실록시페닐트라이메티콘, 스테아릴헵타노에이트, 나이아신아마이드, 다이카프릴릴카보네이트, 라우릴폴리글리세릴-3폴리다이메틸실록시에틸다이메티콘, 비스-하이드록시에톡시프로필다이메티콘, 프로판다이올, 사이클로헥사실록세인, 부틸렌글라이콜, C18-21알케인, 알로에베라잎추출물, 폴리글리세릴-3폴리다이메틸실록시에틸다이메티콘, 프로필렌글라이콜다이벤조에이트, 폴리메틸실세스퀴옥세인, 1,2-헥산다이올, 호호바에스터, 트라이에톡시카프릴릴실레인, 다이메티콘, 스쿠알란, 폴리페닐실세스퀴옥세인, C30-45알킬메티콘, C30-45올레핀, p-아니식애씨드, 트라이에틸헥사노인, 호호바알코올, 글리세린, 카프릴릴글라이콜, 폴리아이소부텐, 다이프로필렌글라이콜, 라우릴다이메티콘/폴리글리세린-3크로스폴리머, 에틸헥실글리세린, 하이알루로닉애씨드, 도데세닐스테아릴석신아마이드, 메틸다이아이소프로필프로피온아마이드, 아데노신, 크로뮴옥사이드그린, 해바라기씨오일, 황색산화철, 구기자추출물, 육두구추출물, 토코페롤, 라반딘오일, 레몬껍질오일, 프랑스해안송껍질추출물, 병풀잎추출물, 아시아티코사이드, 오렌지껍질오일, 클레리오일, 소듐시트레이트, 마데카식애씨드, 아시아틱애씨드, 고수열매오일, 광곽향오일, 베툴린, 소두구씨오일, 시트릭애씨드"
AGE20S 글로우 핏 수분광 톤업 선팩트,AGE20S,suncare,sun_cushion,A000000223795,10,https://www.oliveyoung.co.kr/store/goods/getGoodsDetail.do?goodsNo=A000000223795&dispCatNo=100000100110004&t_page=%EC%B9%B4%ED%85%8C%EA%B3%A0%EB%A6%AC%EA%B4%80&t_click=%EC%84%A0%EC%BF%A0%EC%85%98_%EC%A0%84%EC%B2%B4__%EC%83%81%ED%92%88%EC%83%81%EC%84%B8&t_number=11,"정제수, 티타늄디옥사이드, 다이카프릴릴카보네이트, 에칠헥실메톡시신나메이트, 디에칠아미노하이드록시벤조일헥실벤조에이트, 사이클로펜타실록세인, 카프릴릭/카프릭트라이글리세라이드, 옥토크릴렌, 코코-카프릴레이트/카프레이트, 칸데릴라왁스, 부틸렌글라이콜, 사이클로헥사실록세인, 페닐트라이메티콘, 나이아신아마이드, 다이머다이리놀레일다이머다이리놀리에이트, 스테아릴헵타노에이트, 프로필렌글라이콜다이카프릴레이트/다이카프레이트, 세틸피이지/피피지-10/1다이메티콘, 폴리메틸실세스퀴옥세인, 실리카, 1,2-헥산다이올, 프로판다이올, 비닐다이메티콘/메티콘실세스퀴옥세인크로스폴리머, 판테놀, 스테아릭애씨드, 알루미늄하이드록사이드, C30-45알킬메티콘, p-아니식애씨드, 다이메티콘, C30-45올레핀, 글리세린, 폴리아이소부텐, 카프릴릴글라이콜, 베타인, 하이드로제네이티드올리브오일불검화물, 트라이에톡시카프릴릴실레인, 다이메티콘/피이지-10/15크로스폴리머, 에틸헥실글리세린, 하이알루로닉애씨드, 알루미나, 아데노신, 다이메티콘/비닐다이메티콘크로스폴리머, 병풀추출물, 말토덱스트린, 하이드롤라이즈드아카시아 마크로스타키아씨추출물, 카올린, 자일리틸글루코사이드, 도데세닐스테아릴석신아마이드, 페룰릭애씨드, 에틸헥실팔미테이트, 안하이드로자일리톨, 베타-글루칸, 스클레로튬검, 비에이치티, 자일리톨, 마데카소사이드, 소듐하이알루로네이트, 다이프로필렌글라이콜, 아스타잔틴, 펜틸렌글라이콜, 폴리글리세릴-10다이아이소스테아레이트, 풀러린, 하이드로제네이티드레시틴, 펜타에리스리틸테트라-다이-t- 부틸하이드록시하이드로신나메이트, 글루코오스, 소듐시트레이트, 세라마이드엔피, 트라이하이드록시스테아린, 다이아몬드가루, 토코페롤, 포도즙추출물, 피브이피, 레시틴, 글루코만난, 향료, 황색산화철, 적색산화철, 울트라마린"
라운드랩 자작나무 수분 선쿠션,라운드랩,suncare,sun_cushion,A000000162243,11,https://www.oliveyoung.co.kr/store/goods/getGoodsDetail.do?goodsNo=A000000162243&dispCatNo=100000100110004&t_page=%EC%B9%B4%ED%85%8C%EA%B3%A0%EB%A6%AC%EA%B4%80&t_click=%EC%84%A0%EC%BF%A0%EC%85%98_%EC%A0%84%EC%B2%B4__%EC%83%81%ED%92%88%EC%83%81%EC%84%B8&t_number=12,"정제수, 징크옥사이드, 카프릴릴메티콘, 메틸트라이메티콘, 티타늄디옥사이드, 부틸렌글라이콜다이카프릴레이트/다이카프레이트, 부틸옥틸살리실레이트, 폴리글리세릴-4다이아이소스테아레이트/폴리하이드록시스테아레이트/세바케이트, 프로판다이올, 글리세린, 메틸메타크릴레이트크로스폴리머, 다이아이소스테아릴말레이트, 글리세릴글루코사이드, 에틸헥실글리세린, 다시마추출물, 당느릅나무뿌리추출물, 알로에베라잎추출물, 제비꽃꽃추출물, 참마뿌리추출물, 소듐하이알루로네이트, 하이알루로닉애씨드, 다이포타슘글리시리제이트, 알란토인, 쇠비름추출물, 자작나무수액(1,045ppm), 아스코빅애씨드, 부틸렌글라이콜, 다이머다이리놀레일다이머다이리놀리에이트, 마그네슘설페이트, 알루미늄하이드록사이드, 다이스테아다이모늄헥토라이트, 스테아릭애씨드, 트라이에톡시카프릴릴실레인, 폴리글리세릴-6폴리리시놀리에이트, 1,2-헥산다이올, 다이카프릴릴카보네이트, 솔비탄카프릴레이트, 글리세릴카프릴레이트, 카프릴릴글라이콜, 토코페롤"
식물나라 뽀얀쌀 생기 톤업 선 쿠션 2호,식물나라,suncare,sun_cushion,A000000217679,12,https://www.oliveyoung.co.kr/store/goods/getGoodsDetail.do?goodsNo=A000000217679&dispCatNo=100000100110004&t_page=%EC%B9%B4%ED%85%8C%EA%B3%A0%EB%A6%AC%EA%B4%80&t_click=%EC%84%A0%EC%BF%A0%EC%85%98_%EC%A0%84%EC%B2%B4__%EC%83%81%ED%92%88%EC%83%81%EC%84%B8&t_number=13,"정제수,징크옥사이드,부틸옥틸살리실레이트,티타늄디옥사이드,메틸트라이메티콘,부틸렌글라이콜다이카프릴레이트/다이카프레이트,아이소노닐아이소노나노에이트,부틸렌글라이콜,아이소데실네오펜타노에이트,카프릴릴메티콘,폴리글리세릴-3폴리리시놀리에이트,메틸메타크릴레이트크로스폴리머,나이아신아마이드,폴리글리세릴-4아이소스테아레이트,마그네슘설페이트,스테아릴헵타노에이트,아크릴레이트/스테아릴아크릴레이트/다이메티콘메타크릴레이트코폴리머,아크릴레이트/폴리트라이메틸실록시메타크릴레이트코폴리머,나일론-12,브이피/헥사데센코폴리머,폴리메틸실세스퀴옥세인,알루미늄하이드록사이드,다이스테아다이모늄헥토라이트,스테아릭애씨드,솔비탄아이소스테아레이트,카프릴릭/카프릭글리세라이즈,아이소도데케인,트라이에톡시카프릴릴실레인,1,2-헥산다이올,폴리글리세릴-3리시놀리에이트,메틸다이아이소프로필프로피온아마이드,아데노신,쌀추출물(100ppm),티타늄디옥사이드(CI 77891),황색산화철,적색산화철,향료"
식물나라 뽀얀쌀 생기 톤업 선 쿠션 3호,식물나라,suncare,sun_cushion,A000000217680,13,https://www.oliveyoung.co.kr/store/goods/getGoodsDetail.do?goodsNo=A000000217679&dispCatNo=100000100110004&t_page=%EC%B9%B4%ED%85%8C%EA%B3%A0%EB%A6%AC%EA%B4%80&t_click=%EC%84%A0%EC%BF%A0%EC%85%98_%EC%A0%84%EC%B2%B4__%EC%83%81%ED%92%88%EC%83%81%EC%84%B8&t_number=133,"정제수, 부틸옥틸살리실레이트, 징크옥사이드, 아이소데실네오펜타노에이트, 티타늄디옥사이드, 메틸트라이메티콘, 부틸렌글라이콜, 부틸렌글라이콜다이카프릴레이트/다이카프레이트, 폴리글리세릴-3폴리리시놀리에이트, 메틸메타크릴레이트크로스폴리머, 나이아신아마이드, 아이소노닐아이소노나노에이트, 카프릴릴메티콘, 폴리글리세릴-4아이소스테아레이트, 마그네슘설페이트, 아이소도데케인, 다이스테아다이모늄헥토라이트, 알루미늄하이드록사이드, 호호바에스터, 스테아릭애씨드, 스테아릴헵타노에이트, 카프릴릭/카프릭글리세라이즈, 트라이에톡시카프릴릴실레인, 아크릴레이트/폴리트라이메틸실록시메타크릴레이트코폴리머, 트라이메틸실록시실리케이트/다이메티콘올크로스폴리머, 해바라기씨왁스, 1,2-헥산다이올, 폴리글리세릴-3리시놀리에이트, 나일론-12, 메틸다이아이소프로필프로피온아마이드, 솔비탄아이소스테아레이트, 아데노신, 폴리글리세린-3, 그린와틀꽃왁스, 쌀추출물(100ppm), 토코페롤, 울트라마린, 향료"
식물나라 뽀얀쌀 생기 톤업 선 쿠션 4호,식물나라,suncare,sun_cushion,A000000217681,14,https://www.oliveyoung.co.kr/store/goods/getGoodsDetail.do?goodsNo=A000000217679&dispCatNo=100000100110004&t_page=%EC%B9%B4%ED%85%8C%EA%B3%A0%EB%A6%AC%EA%B4%80&t_click=%EC%84%A0%EC%BF%A0%EC%85%98_%EC%A0%84%EC%B2%B4__%EC%83%81%ED%92%88%EC%83%81%EC%84%B8&t_number=13,"정제수, 부틸옥틸살리실레이트, 징크옥사이드, 아이소데실네오펜타노에이트, 티타늄디옥사이드, 메틸트라이메티콘, 부틸렌글라이콜, 부틸렌글라이콜다이카프릴레이트/다이카프레이트, 폴리글리세릴-3폴리리시놀리에이트, 메틸메타크릴레이트크로스폴리머, 나이아신아마이드, 아이소노닐아이소노나노에이트, 카프릴릴메티콘, 폴리글리세릴-4아이소스테아레이트, 마그네슘설페이트, 아이소도데케인, 다이스테아다이모늄헥토라이트, 알루미늄하이드록사이드, 호호바에스터, 스테아릭애씨드, 스테아릴헵타노에이트, 카프릴릭/카프릭글리세라이즈, 아크릴레이트/폴리트라이메틸실록시메타크릴레이트코폴리머, 트라이메틸실록시실리케이트/다이메티콘올크로스폴리머, 해바라기씨왁스, 트라이에톡시카프릴릴실레인, 1,2-헥산다이올, 폴리글리세릴-3리시놀리에이트, 나일론-12, 메틸다이아이소프로필프로피온아마이드, 솔비탄아이소스테아레이트, 아데노신, 폴리글리세린-3, 그린와틀꽃왁스, 쌀추출물(100ppm), 토코페롤, 크로뮴옥사이드그린, 황색산화철, 적색산화철, 향료"
싸이닉 엔조이 올라운드 에어리 선 쿠션 EX,싸이닉,suncare,sun_cushion,A000000190040,15,https://www.oliveyoung.co.kr/store/goods/getGoodsDetail.do?goodsNo=A000000190040&dispCatNo=100000100110004&t_page=%EC%B9%B4%ED%85%8C%EA%B3%A0%EB%A6%AC%EA%B4%80&t_click=%EC%84%A0%EC%BF%A0%EC%85%98_%EC%A0%84%EC%B2%B4__%EC%83%81%ED%92%88%EC%83%81%EC%84%B8&t_number=14,"정제수, 징크옥사이드 (CI 77947), 아이소노닐아이소노나노에이트, 프로판다이올, 부틸옥틸살리실레이트, 카프릴릴메티콘, 아이소아밀라우레이트, 트라이메틸실록시실리케이트, 라우릴폴리글리세릴-3폴리다이메틸실록시에틸다이메티콘, 티타늄디옥사이드 (CI 77891), 아크릴레이트코폴리머, C12-15알킬벤조에이트, 메틸트라이메티콘, 아이소도데케인, 1,2-헥산다이올, 폴리메틸실세스퀴옥세인, 폴리글리세릴-2다이폴리하이드록시스테아레이트, 아크릴레이트/폴리트라이메틸실록시메타크릴레이트코폴리머, 펜틸렌글라이콜, 리모니아 아키디시마추출물, 효모추출물, 타히티바닐라추출물, 밤부사 불가리스수, 병풀추출물, 녹차추출물, 애플민트잎추출물, 타임잎추출물, 실리카, 폴리하이드록시스테아릭애씨드, 마그네슘설페이트, 다이스테아다이모늄헥토라이트, 폴리글리세릴-3폴리다이메틸실록시에틸다이메티콘, 브이피/헥사데센코폴리머, 트라이에톡시카프릴릴실레인, 알루미늄하이드록사이드, 피브이피, 스테아릭애씨드, 트라이소듐에틸렌다이아민다이석시네이트, 토코페롤, 부틸렌글라이콜, 판테놀, 글리세린, 카프릴릭/카프릭트라이글리세라이드, 하이드로제네이티드레시틴, 다이프로필렌글라이콜, 세라마이드엔피, 소듐스테아로일글루타메이트"
이지듀 기미 앰플 쿠션 21호 내추럴,이지듀,suncare,sun_cushion,A000000234419,16,https://www.oliveyoung.co.kr/store/goods/getGoodsDetail.do?goodsNo=A000000234419&dispCatNo=100000100110004&t_page=%EC%B9%B4%ED%85%8C%EA%B3%A0%EB%A6%AC%EA%B4%80&t_click=%EC%84%A0%EC%BF%A0%EC%85%98_%EC%A0%84%EC%B2%B4__%EC%83%81%ED%92%88%EC%83%81%EC%84%B8&t_number=15,"정제수, 다이메티콘, 티타늄디옥사이드 (CI 77891), 에칠헥실메톡시신나메이트, 트라이메틸실록시실리케이트, 글리세린, 에칠헥실살리실레이트, 세틸피이지/피피지-10/1다이메티콘, 부틸렌글라이콜, 다이페닐실록시페닐트라이메티콘, 나이아신아마이드, 1,2-헥산다이올, 아이소도데케인, 폴리메틸실세스퀴옥세인, 황색산화철 (CI 77492), 메틸트라이메티콘, 마조람잎오일, 베르가모트오일, 캐모마일꽃오일, 멕시칸주니퍼오일, 왕귤껍질오일, 소듐하이알루로네이트, 하이알루로닉애씨드, 피이지-10다이메티콘, 브이피/헥사데센코폴리머, 옥틸도데칸올, 아크릴레이트/다이메티콘코폴리머, 다이스테아다이모늄헥토라이트, 마그네슘설페이트, 합성플루오르플로고파이트, 폴리글리세릴-3폴리다이메틸실록시에틸다이메티콘, 스테아릭애씨드, 알루미나, 알루미늄하이드록사이드, 트라이에톡시카프릴릴실레인, 폴리글리세릴-4아이소스테아레이트, 폴리하이드록시스테아릭애씨드, 아이소프로필티타늄트라이아이소스테아레이트, 아데노신, 트라이소듐에틸렌다이아민다이석시네이트, 네오펜틸글라이콜다이에틸헥사노에이트, 펜타에리스리틸테트라-다이-t-부틸하이드록시하이드로신나메이트, 카프릴릭/카프릭트라이글리세라이드, 글루타티온, 하이드로제네이티드레시틴, 아스코빅애씨드, 소듐스테아로일글루타메이트, 소듐아스코빌포스페이트, 에스에이치-올리고펩타이드-1, 비사보롤, 헤스페리딘메틸칼콘, 스테아레스-20, 소듐시트레이트, 다이펩타이드-2, 시트릭애씨드, 팔미토일테트라펩타이드-7, 에탄올, 다이소듐이디티에이, 클로헥시딘디글루코네이트, 포타슘솔베이트, 리모넨, 리날룰, 적색산화철 (CI 77491), 흑색산화철 (CI 77499)"
이지듀 기미 앰플 쿠션 23호 베이지,이지듀,suncare,sun_cushion,A000000234420,17,https://www.oliveyoung.co.kr/store/goods/getGoodsDetail.do?goodsNo=A000000234419&dispCatNo=100000100110004&t_page=%EC%B9%B4%ED%85%8C%EA%B3%A0%EB%A6%AC%EA%B4%80&t_click=%EC%84%A0%EC%BF%A0%EC%85%98_%EC%A0%84%EC%B2%B4__%EC%83%81%ED%92%88%EC%83%81%EC%84%B8&t_number=155,"정제수, 티타늄디옥사이드 (CI 77891), 다이메티콘, 에칠헥실메톡시신나메이트, 트라이메틸실록시실리케이트, 글리세린, 에칠헥실살리실레이트, 세틸피이지/피피지-10/1다이메티콘, 황색산화철 (CI 77492), 아이소도데케인, 부틸렌글라이콜, 다이페닐실록시페닐트라이메티콘, 나이아신아마이드, 1,2-헥산다이올, 옥틸도데칸올, 폴리메틸실세스퀴옥세인, 메틸트라이메티콘, 마조람잎오일, 베르가모트오일, 캐모마일꽃오일, 멕시칸주니퍼오일, 왕귤껍질오일, 소듐하이알루로네이트, 하이알루로닉애씨드, 피이지-10다이메티콘, 브이피/헥사데센코폴리머, 아크릴레이트/다이메티콘코폴리머, 다이스테아다이모늄헥토라이트, 마그네슘설페이트, 합성플루오르플로고파이트, 폴리글리세릴-3폴리다이메틸실록시에틸다이메티콘, 스테아릭애씨드, 폴리글리세릴-4아이소스테아레이트, 알루미나, 알루미늄하이드록사이드, 트라이에톡시카프릴릴실레인, 아이소프로필티타늄트라이아이소스테아레이트, 폴리하이드록시스테아릭애씨드, 아데노신, 트라이소듐에틸렌다이아민다이석시네이트, 네오펜틸글라이콜다이에틸헥사노에이트, 펜타에리스리틸테트라-다이-t-부틸하이드록시하이드로신나메이트, 카프릴릭/카프릭트라이글리세라이드, 글루타티온, 하이드로제네이티드레시틴, 아스코빅애씨드, 소듐스테아로일글루타메이트, 소듐아스코빌포스페이트, 에스에이치-올리고펩타이드-1, 비사보롤, 헤스페리딘메틸칼콘, 스테아레스-20, 소듐시트레이트, 다이펩타이드-2, 시트릭애씨드, 팔미토일테트라펩타이드-7, 에탄올, 다이소듐이디티에이, 클로헥시딘디글루코네이트, 포타슘솔베이트, 리모넨, 리날룰, 적색산화철 (CI 77491), 흑색산화철 (CI 77499)"
이지듀 기미 앰플 쿠션 22호 라이트 베이지,이지듀,suncare,sun_cushion,A000000234421,18,https://www.oliveyoung.co.kr/store/goods/getGoodsDetail.do?goodsNo=A000000234419&dispCatNo=100000100110004&t_page=%EC%B9%B4%ED%85%8C%EA%B3%A0%EB%A6%AC%EA%B4%80&t_click=%EC%84%A0%EC%BF%A0%EC%85%98_%EC%A0%84%EC%B2%B4__%EC%83%81%ED%92%88%EC%83%81%EC%84%B8&t_number=15,"정제수, 티타늄디옥사이드 (CI 77891), 다이메티콘, 에칠헥실메톡시신나메이트, 트라이메틸실록시실리케이트, 글리세린, 에칠헥실살리실레이트, 세틸피이지/피피지-10/1다이메티콘, 황색산화철 (CI 77492), 아이소도데케인, 부틸렌글라이콜, 다이페닐실록시페닐트라이메티콘, 나이아신아마이드, 1,2-헥산다이올, 옥틸도데칸올, 폴리메틸실세스퀴옥세인, 메틸트라이메티콘, 마조람잎오일, 베르가모트오일, 캐모마일꽃오일, 멕시칸주니퍼오일, 왕귤껍질오일, 소듐하이알루로네이트, 하이알루로닉애씨드, 피이지-10다이메티콘, 브이피/헥사데센코폴리머, 아크릴레이트/다이메티콘코폴리머, 다이스테아다이모늄헥토라이트, 마그네슘설페이트, 합성플루오르플로고파이트, 폴리글리세릴-3폴리다이메틸실록시에틸다이메티콘, 스테아릭애씨드, 폴리글리세릴-4아이소스테아레이트, 알루미나, 알루미늄하이드록사이드, 트라이에톡시카프릴릴실레인, 아이소프로필티타늄트라이아이소스테아레이트, 폴리하이드록시스테아릭애씨드, 아데노신, 트라이소듐에틸렌다이아민다이석시네이트, 네오펜틸글라이콜다이에틸헥사노에이트, 펜타에리스리틸테트라-다이-t-부틸하이드록시하이드로신나메이트, 카프릴릭/카프릭트라이글리세라이드, 글루타티온, 하이드로제네이티드레시틴, 아스코빅애씨드, 소듐스테아로일글루타메이트, 소듐아스코빌포스페이트, 에스에이치-올리고펩타이드-1, 비사보롤, 헤스페리딘메틸칼콘, 스테아레스-20, 소듐시트레이트, 다이펩타이드-2, 시트릭애씨드, 팔미토일테트라펩타이드-7, 에탄올, 다이소듐이디티에이, 클로헥시딘디글루코네이트, 포타슘솔베이트, 리모넨, 리날룰, 적색산화철 (CI 77491), 흑색산화철 (CI 77499) 제수, 티타늄디옥사이드 (CI 77891), 다이메티콘, 에칠헥실메톡시신나메이트, 트라이메틸실록시실리케이트, 글리세린, 에칠헥실살리실레이트, 세틸피이지/피피지-10/1다이메티콘, 부틸렌글라이콜, 다이페닐실록시페닐트라이메티콘, 나이아신아마이드, 황색산화철 (CI 77492), 아이소도데케인, 1,2-헥산다이올, 폴리메틸실세스퀴옥세인, 메틸트라이메티콘, 옥틸도데칸올, 마조람잎오일, 베르가모트오일, 캐모마일꽃오일, 멕시칸주니퍼오일, 왕귤껍질오일, 소듐하이알루로네이트, 하이알루로닉애씨드, 피이지-10다이메티콘, 브이피/헥사데센코폴리머, 다이스테아다이모늄헥토라이트, 아크릴레이트/다이메티콘코폴리머, 마그네슘설페이트, 합성플루오르플로고파이트, 폴리글리세릴-3폴리다이메틸실록시에틸다이메티콘, 스테아릭애씨드, 알루미나, 알루미늄하이드록사이드, 폴리글리세릴-4아이소스테아레이트, 트라이에톡시카프릴릴실레인, 폴리하이드록시스테아릭애씨드, 아이소프로필티타늄트라이아이소스테아레이트, 카프릴릭/카프릭트라이글리세라이드, 아데노신, 트라이소듐에틸렌다이아민다이석시네이트, 네오펜틸글라이콜다이에틸헥사노에이트, 하이드로제네이티드레시틴, 소듐스테아로일글루타메이트, 소듐아스코빌포스페이트, 펜타에리스리틸테트라-다이-t-부틸하이드록시하이드로신나메이트, 에스에이치-올리고펩타이드-1, 글루타티온, 아스코빅애씨드, 비사보롤, 헤스페리딘메틸칼콘, 스테아레스-20, 소듐시트레이트, 다이펩타이드-2, 시트릭애씨드, 팔미토일테트라펩타이드-7, 에탄올, 다이소듐이디티에이, 클로헥시딘디글루코네이트, 포타슘솔베이트, 리모넨, 리날룰, 적색산화철 (CI 77491), 흑색산화철 (CI 77499)"
아떼 톤업 선쿠션 베지그린,아떼,suncare,sun_cushion,A000000207012,19,https://www.oliveyoung.co.kr/store/goods/getGoodsDetail.do?goodsNo=A000000207012&dispCatNo=100000100110004&t_page=%EC%B9%B4%ED%85%8C%EA%B3%A0%EB%A6%AC%EA%B4%80&t_click=%EC%84%A0%EC%BF%A0%EC%85%98_%EC%A0%84%EC%B2%B4__%EC%83%81%ED%92%88%EC%83%81%EC%84%B8&t_number=23,"호모살레이트, 티타늄디옥사이드, 부틸렌글라이콜, 부틸옥틸살리실레이트, 에칠헥실살리실레이트, 메틸트라이메티콘, 디에칠아미노하이드록시벤조일헥실벤조에이트, 폴리글리세릴-4다이아이소스테아레이트/폴리하이드록시스테아레이트/세바케이트, 글리세린, C18-21알케인, 변성알코올, 나이아신아마이드, 스테아릴헵타노에이트, 마그네슘설페이트, 라우릴폴리글리세릴-3폴리다이메틸실록시에틸다이메티콘, 비스-에틸헥실옥시페놀메톡시페닐트라이아진, 폴리글리세릴-4아이소스테아레이트, 트라이메틸실록시실리케이트, 카프릴릭/카프릭트라이글리세라이드, 다이스테아다이모늄헥토라이트, 판테놀, 1,2-헥산다이올, 알루미늄하이드록사이드, 아크릴레이트코폴리머, 마이카, 실리카다이메틸실릴레이트, 솔비탄올리베이트, 솔비탄세스퀴올리에이트, C13-15알케인, 쇠비름추출물, 스테아릭애씨드, 글리세릴폴리메타크릴레이트, 스테아랄코늄헥토라이트, 향료, 펜타에리스리틸테트라-다이-t- 부틸하이드록시하이드로신나메이트, 프로필렌글라이콜, 폴리글리세릴-3폴리리시놀리에이트, 폴리글리세릴-3다이아이소스테아레이트, 폴리하이드록시스테아릭애씨드, 에틸헥실글리세린, 빙하수, 다이메티콘/비닐다이메티콘크로스폴리머, 크로뮴옥사이드그린, 트라이에톡시카프릴릴실레인, 다이소듐이디티에이, 프로판다이올, 아데노신, 알로에베라잎추출물, 참마뿌리추출물, 다시마추출물, 당느릅나무뿌리추출물, 제비꽃꽃추출물, 약모밀추출물, 자작나무수액, 클로로필린-카퍼컴플렉스, 말토덱스트린, 케일잎추출물, 하이알루로닉애씨드, 하이드롤라이즈드하이알루로닉애씨드, 소듐하이알루로네이트, 토코페롤"
아떼 톤업 선쿠션 미스티퍼플,아떼,suncare,sun_cushion,A000000207013,20,https://www.oliveyoung.co.kr/store/goods/getGoodsDetail.do?goodsNo=A000000207012&dispCatNo=100000100110004&t_page=%EC%B9%B4%ED%85%8C%EA%B3%A0%EB%A6%AC%EA%B4%80&t_click=%EC%84%A0%EC%BF%A0%EC%85%98_%EC%A0%84%EC%B2%B4__%EC%83%81%ED%92%88%EC%83%81%EC%84%B8&t_number=23,"호모살레이트, 티타늄디옥사이드, 부틸렌글라이콜, 부틸옥틸살리실레이트, 에칠헥실살리실레이트, 메틸트라이메티콘, 디에칠아미노하이드록시벤조일헥실벤조에이트, 폴리글리세릴-4다이아이소스테아레이트/폴리하이드록시스테아레이트/세바케이트, 글리세린, C18-21알케인, 변성알코올, 나이아신아마이드, 스테아릴헵타노에이트, 마그네슘설페이트, 라우릴폴리글리세릴-3폴리다이메틸실록시에틸다이메티콘, 비스-에틸헥실옥시페놀메톡시페닐트라이아진, 폴리글리세릴-4아이소스테아레이트, 트라이메틸실록시실리케이트, 카프릴릭/카프릭트라이글리세라이드, 다이스테아다이모늄헥토라이트, 판테놀, 1,2-헥산다이올, 알루미늄하이드록사이드, 아크릴레이트코폴리머, 마이카, 실리카다이메틸실릴레이트, 솔비탄올리베이트, 솔비탄세스퀴올리에이트, C13-15알케인, 쇠비름추출물, 스테아릭애씨드, 글리세릴폴리메타크릴레이트, 스테아랄코늄헥토라이트, 향료, 펜타에리스리틸테트라-다이-t- 부틸하이드록시하이드로신나메이트, 프로필렌글라이콜, 폴리글리세릴-3폴리리시놀리에이트, 폴리글리세릴-3다이아이소스테아레이트, 폴리하이드록시스테아릭애씨드, 에틸헥실글리세린, 빙하수, 다이메티콘/비닐다이메티콘크로스폴리머, 트라이에톡시카프릴릴실레인, 다이소듐이디티에이, 프로판다이올, 적색산화철, 울트라마린, 아데노신, 알로에베라잎추출물, 참마뿌리추출물, 다시마추출물, 당느릅나무뿌리추출물, 제비꽃꽃추출물, 자작나무수액, 흑색산화철, 카올린, 소듐구아이아줄렌설포네이트, 하이알루로닉애씨드, 하이드롤라이즈드하이알루로닉애씨드, 소듐하이알루로네이트, 비치스트로베리추출물, 토코페롤"
아떼 톤업 선쿠션 로즈페탈,아떼,suncare,sun_cushion,A000000207014,21,https://www.oliveyoung.co.kr/store/goods/getGoodsDetail.do?goodsNo=A000000207012&dispCatNo=100000100110004&t_page=%EC%B9%B4%ED%85%8C%EA%B3%A0%EB%A6%AC%EA%B4%80&t_click=%EC%84%A0%EC%BF%A0%EC%85%98_%EC%A0%84%EC%B2%B4__%EC%83%81%ED%92%88%EC%83%81%EC%84%B8&t_number=23,"호모살레이트, 부틸렌글라이콜, 부틸옥틸살리실레이트, 에칠헥실살리실레이트, 메틸트라이메티콘, 디에칠아미노하이드록시벤조일헥실벤조에이트, 폴리글리세릴-4다이아이소스테아레이트/폴리하이드록시스테아레이트/세바케이트, 글리세린, C18-21알케인, 변성알코올, 나이아신아마이드, 스테아릴헵타노에이트, 마그네슘설페이트, 라우릴폴리글리세릴-3폴리다이메틸실록시에틸다이메티콘, 비스-에틸헥실옥시페놀메톡시페닐트라이아진, 폴리글리세릴-4아이소스테아레이트, 트라이메틸실록시실리케이트, 카프릴릭/카프릭트라이글리세라이드, 다이스테아다이모늄헥토라이트, 판테놀, 1,2-헥산다이올, 알루미늄하이드록사이드, 아크릴레이트코폴리머, 마이카, 실리카다이메틸실릴레이트, 솔비탄올리베이트, 솔비탄세스퀴올리에이트, C13-15알케인, 쇠비름추출물, 스테아릭애씨드, 글리세릴폴리메타크릴레이트, 스테아랄코늄헥토라이트, 향료, 펜타에리스리틸테트라-다이-t- 부틸하이드록시하이드로신나메이트, 프로필렌글라이콜, 폴리글리세릴-3폴리리시놀리에이트, 폴리글리세릴-3다이아이소스테아레이트, 폴리하이드록시스테아릭애씨드, 칼라민, 에틸헥실글리세린, 빙하수, 다이메티콘/비닐다이메티콘크로스폴리머, 트라이에톡시카프릴릴실레인, 적색산화철, 다이소듐이디티에이, 프로판다이올, 아데노신, 알로에베라잎추출물, 참마뿌리추출물, 다시마추출물, 당느릅나무뿌리추출물, 제비꽃꽃추출물, 황색산화철, 자작나무수액, 세룰라타벚나무꽃추출물, 하이알루로닉애씨드, 하이드롤라이즈드하이알루로닉애씨드, 소듐하이알루로네이트, 토코페롤"
에딧비 마시멜로 톤업쿠션 퍼플,에딧비,suncare,sun_cushion,A000000230297,22,https://www.oliveyoung.co.kr/store/goods/getGoodsDetail.do?goodsNo=A000000230297&dispCatNo=100000100110004&t_page=%EC%B9%B4%ED%85%8C%EA%B3%A0%EB%A6%AC%EA%B4%80&t_click=%EC%84%A0%EC%BF%A0%EC%85%98_%EC%A0%84%EC%B2%B4__%EC%83%81%ED%92%88%EC%83%81%EC%84%B8&t_number=24,"정제수, 티타늄디옥사이드 (CI 77891), 프로판다이올, 다이카프릴릴에터, 아이소노닐아이소노나노에이트, 부틸옥틸살리실레이트, 다이부틸아디페이트, C12-15알킬벤조에이트, 디에칠아미노하이드록시벤조일헥실벤조에이트, 나이아신아마이드, 펜틸렌글라이콜, 페닐트라이메티콘, 다이프로필렌글라이콜, 베헤닐알코올, 에탄올, 1,2-헥산다이올, 에칠헥실트리아존, 폴리글리세릴-3다이스테아레이트, C14-22알코올, 폴리하이드록시스테아릭애씨드, 암모늄아크릴로일다이메틸타우레이트/브이피코폴리머, 폴리아크릴레이트크로스폴리머-6, 알루미늄하이드록사이드, 메칠렌비스-벤조트리아졸릴테트라메칠부틸페놀, 울트라마린 (CI 77007), 포타슘세틸포스페이트, 스테아릭애씨드, 폴리글리세릴-6스테아레이트, 카프릴릴글라이콜, 폴리글리세릴-2다이폴리하이드록시스테아레이트, 옥틸도데칸올, 향료, C12-20알킬글루코사이드, 클로렐라 불가리스추출물, 글루코오스, 하이드록시아세토페논, 부틸렌글라이콜, 에리스리톨, 프룩토올리고사카라이드, 프룩토오스, 자일리톨, 데실글루코사이드, 아이소도데케인, 글리세릴스테아레이트시트레이트, 폴리글리세릴-6베헤네이트, 아데노신, 폴리글리세릴-4아이소스테아레이트, 트라이에톡시카프릴릴실레인, 아이소프로필티타늄트라이아이소스테아레이트, 글리세린, 잔탄검, 네오펜틸글라이콜다이에틸헥사노에이트, 토코페롤, 하이드롤라이즈드하이알루로닉애씨드, 에틸헥실글리세린, 워터민트추출물, 카카두플럼추출물, 보리지추출물, 수레국화꽃추출물, 마트리카리아꽃/잎추출물, 히아신스전초추출물, 라벤더꽃수, 클레리추출물, 시트릭애씨드, 하이알루로닉애씨드, 소듐하이알루로네이트"
에딧비 마시멜로 톤업쿠션 핑크베이지,에딧비,suncare,sun_cushion,A000000230298,23,https://www.oliveyoung.co.kr/store/goods/getGoodsDetail.do?goodsNo=A000000230297&dispCatNo=100000100110004&t_page=%EC%B9%B4%ED%85%8C%EA%B3%A0%EB%A6%AC%EA%B4%80&t_click=%EC%84%A0%EC%BF%A0%EC%85%98_%EC%A0%84%EC%B2%B4__%EC%83%81%ED%92%88%EC%83%81%EC%84%B8&t_number=24,"정제수, 티타늄디옥사이드 (CI 77891), 프로판다이올, 다이카프릴릴에터, 다이부틸아디페이트, 아이소노닐아이소노나노에이트, 부틸옥틸살리실레이트, C12-15알킬벤조에이트, 디에칠아미노하이드록시벤조일헥실벤조에이트, 나이아신아마이드, 펜틸렌글라이콜, 페닐트라이메티콘, 다이프로필렌글라이콜, 에탄올, 1,2-헥산다이올, 에칠헥실트리아존, 폴리글리세릴-3다이스테아레이트, 폴리하이드록시스테아릭애씨드, C14-22알코올, 알루미늄하이드록사이드, 메칠렌비스-벤조트리아졸릴테트라메칠부틸페놀, 포타슘세틸포스페이트, 스테아릭애씨드, 폴리글리세릴-6스테아레이트, 암모늄아크릴로일다이메틸타우레이트/브이피코폴리머, 폴리아크릴레이트크로스폴리머-6, 향료, C12-20알킬글루코사이드, 카프릴릴글라이콜, 클로렐라 불가리스추출물, 글루코오스, 하이드록시아세토페논, 아이소도데케인, 옥틸도데칸올, 합성플루오르플로고파이트, 황색산화철 (CI 77492), 부틸렌글라이콜, 에리스리톨, 프룩토올리고사카라이드, 프룩토오스, 폴리글리세릴-2다이폴리하이드록시스테아레이트, 자일리톨, 데실글루코사이드, 글리세릴스테아레이트시트레이트, 폴리글리세릴-4아이소스테아레이트, 적색산화철 (CI 77491), 폴리글리세릴-6베헤네이트, 아데노신, 트라이에톡시카프릴릴실레인, 아이소프로필티타늄트라이아이소스테아레이트, 글리세린, 잔탄검, 토코페롤, 하이드롤라이즈드하이알루로닉애씨드, 에틸헥실글리세린, 워터민트추출물, 카카두플럼추출물, 시트릭애씨드, 트로메타민, 연꽃꽃추출물, 알바수련꽃추출물, 세룰라타벚나무꽃추출물, 장미꽃추출물, 포타슘솔베이트, 하이알루로닉애씨드, 소듐하이알루로네이트"
식물나라 워터프루프 선 스프레이,식물나라,suncare,sun_spray,A000000224981,1,https://www.oliveyoung.co.kr/store/goods/getGoodsDetail.do?goodsNo=A000000224981&dispCatNo=100000100110005&trackingCd=Cat100000100110005_MID&t_page=%EC%B9%B4%ED%85%8C%EA%B3%A0%EB%A6%AC%EA%B4%80&t_click=%EC%84%A0%EC%8A%A4%ED%94%84%EB%A0%88%EC%9D%B4/%EC%84%A0%ED%8C%A8%EC%B9%98_%EC%A0%84%EC%B2%B4__%EC%83%81%ED%92%88%EC%83%81%EC%84%B8&t_number=1,"정제수,다이실록세인,사이클로펜타실록세인,에탄올,호모살레이트,다이부틸아디페이트,에칠헥실메톡시신나메이트,다이프로필렌글라이콜,에칠헥실살리실레이트,디에칠아미노하이드록시벤조일헥실벤조에이트,페닐벤즈이미다졸설포닉애씨드,나이아신아마이드,비스-에칠헥실옥시페놀메톡시페닐트리아진,트로메타민,카프릴릴메티콘,쇠비름추출물,보검선인장줄기추출물,풍선덩굴꽃/잎/덩굴추출물,알로에베라잎추출물,로즈오브예리코추출물,서양송악추출물,악마의발톱뿌리추출물,에키움 플란타기네움씨오일,소듐하이알루로네이트,버지니아풍년화수,바오밥나무씨오일,폴리프로필실세스퀴옥세인,라우릴피이지-9폴리다이메틸실록시에틸다이메티콘,피이지-12다이메티콘/피피지-20크로스폴리머,소듐클로라이드,옥틸도데칸올,부틸렌글라이콜,판테놀,아데노신,해바라기씨오일불검화물,1,2-헥산다이올,에틸헥실글리세린,판토락톤,펜틸렌글라이콜,토코페롤,카프릴릴글라이콜,세라마이드엔피,실리카,드럼스틱씨오일,산소,향료,페녹시에탄올,리모넨,헥실신남알,리날룰,시트로넬올,제라니올 분사체(가스) : 부탄"
식물나라 알로에쿨링 선 스프레이,식물나라,suncare,sun_spray,A000000224982,2,https://www.oliveyoung.co.kr/store/goods/getGoodsDetail.do?goodsNo=A000000224981&dispCatNo=100000100110005&trackingCd=Cat100000100110005_MID&t_page=%EC%B9%B4%ED%85%8C%EA%B3%A0%EB%A6%AC%EA%B4%80&t_click=%EC%84%A0%EC%8A%A4%ED%94%84%EB%A0%88%EC%9D%B4/%EC%84%A0%ED%8C%A8%EC%B9%98_%EC%A0%84%EC%B2%B4__%EC%83%81%ED%92%88%EC%83%81%EC%84%B8&t_number=1,"정제수,다이부틸아디페이트,다이실록세인,변성알코올,다이프로필렌글라이콜,테레프탈릴리덴디캠퍼설포닉애씨드,디에칠아미노하이드록시벤조일헥실벤조에이트,트로메타민,에칠헥실트리아존,페닐벤즈이미다졸설포닉애씨드,부틸옥틸살리실레이트,비스-에칠헥실옥시페놀메톡시페닐트리아진,폴리메틸실세스퀴옥세인,알로에베라잎추출물,다시마추출물,당느릅나무뿌리추출물,제비꽃꽃추출물,참마뿌리추출물,다이카프릴릴카보네이트,1,2-헥산다이올,라우릴폴리글리세릴-3폴리다이메틸실록시에틸다이메티콘,폴리글리세릴-3폴리다이메틸실록시에틸다이메티콘,에틸헥실글리세린,메틸다이아이소프로필프로피온아마이드,토코페롤,부틸렌글라이콜,글리세린,향료,리모넨,헥실신남알,리날룰,시트로넬올,제라니올"
라운드랩 자작나무 수분 선 스프레이,라운드랩,suncare,sun_spray,A000000251033,3,https://www.oliveyoung.co.kr/store/goods/getGoodsDetail.do?goodsNo=A000000251033&dispCatNo=100000100110005&trackingCd=Cat100000100110005_MID&t_page=%EC%B9%B4%ED%85%8C%EA%B3%A0%EB%A6%AC%EA%B4%80&t_click=%EC%84%A0%EC%8A%A4%ED%94%84%EB%A0%88%EC%9D%B4/%EC%84%A0%ED%8C%A8%EC%B9%98_%EC%A0%84%EC%B2%B4__%EC%83%81%ED%92%88%EC%83%81%EC%84%B8&t_number=3,"정제수, 변성알코올, 다이부틸아디페이트, 다이아이소프로필세바케이트, 다이실록세인, 에칠헥실트리아존, 디에칠아미노하이드록시벤조일헥실벤조에이트, 다이프로필렌글라이콜, 테레프탈릴리덴디캠퍼설포닉애씨드, 트로메타민, 페닐벤즈이미다졸설포닉애씨드, 비스-에칠헥실옥시페놀메톡시페닐트리아진, 자작나무수액, 자일리톨, 에리스리톨, 폴리메틸실세스퀴옥세인, 아이소도데케인, 프로판다이올, 라우릴폴리글리세릴-3폴리다이메틸실록시에틸다이메티콘, 메틸트라이메티콘, 트라이메틸실록시실리케이트, 아크릴레이트/다이메티콘코폴리머, 폴리글리세릴-4다이아이소스테아레이트/폴리하이드록시스테아레이트/세바케이트, 카프릴릭/카프릭트라이글리세라이드, 펜틸렌글라이콜, 멘톨, 폴리글리세릴-3올리에이트, 메틸다이아이소프로필프로피온아마이드, 부틸렌글라이콜, 다이아이소스테아로일폴리글리세릴-3다이머다이리놀리에이트, 1,2-헥산다이올, 효모발효여과물, 녹차추출물, 타임잎추출물, 폴스애플민트잎추출물, 다발방패버섯추출물, 폴리글리세릴-3폴리다이메틸실록시에틸다이메티콘, 토코페롤, 글리세릴글루코사이드, 미네랄워터, 해바라기씨오일, 알지닌, 카프릴릭애씨드, 세테아릴알코올, 세테아릴올리베이트, 솔비탄올리베이트, 글리세린, 하이드로제네이티드레시틴, 베툴린, 소듐하이알루로네이트, 카보머, 하이알루로닉애씨드, 아스코빅애씨드"
프란츠 네이키드 선쉴드 펩타이드 라지 사이즈 2스텝 패치 스텝 1,프란츠,suncare,sun_spray,A000000187242,4,https://www.oliveyoung.co.kr/store/goods/getGoodsDetail.do?goodsNo=A000000187242&dispCatNo=100000100110005&trackingCd=Cat100000100110005_MID&t_page=%EC%B9%B4%ED%85%8C%EA%B3%A0%EB%A6%AC%EA%B4%80&t_click=%EC%84%A0%EC%8A%A4%ED%94%84%EB%A0%88%EC%9D%B4/%EC%84%A0%ED%8C%A8%EC%B9%98_%EC%A0%84%EC%B2%B4__%EC%83%81%ED%92%88%EC%83%81%EC%84%B8&t_number=4,"프란츠 선쉴드 펩타이드 패치 아크릴레이트/에틸헥실아크릴레이트코폴리머, 1,2-헥산다이올, 글리세린, 올리고펩타이드-68(223ppm), 노나펩타이드-1(223ppm), 카퍼트라이펩타이드-1(335ppm), 아세틸헥사펩타이드-8(223ppm), 글루타티온, 갈락토미세스발효여과물, 검은뽕나무열매추출물, 리보오스, 부틸렌글라이콜, 소듐데하이드로아세테이트, 소듐폴리아크릴레이트, 에틸헥실글리세린"
프란츠 네이키드 선쉴드 펩타이드 라지 사이즈 2스텝 패치 스텝 2,프란츠,suncare,sun_spray,A000000187243,5,https://www.oliveyoung.co.kr/store/goods/getGoodsDetail.do?goodsNo=A000000187242&dispCatNo=100000100110005&trackingCd=Cat100000100110005_MID&t_page=%EC%B9%B4%ED%85%8C%EA%B3%A0%EB%A6%AC%EA%B4%80&t_click=%EC%84%A0%EC%8A%A4%ED%94%84%EB%A0%88%EC%9D%B4/%EC%84%A0%ED%8C%A8%EC%B9%98_%EC%A0%84%EC%B2%B4__%EC%83%81%ED%92%88%EC%83%81%EC%84%B8&t_number=4,"프란츠 펩타이드 부스팅 에센스 정제수, 카프릴릭/카프릭트라이글리세라이드, 1,2-헥산다이올, 나이아신아마이드, 글리세린, 부틸렌글라이콜, 아데노신, 마데카소사이드, 판테놀, 글루코오스, 트레할로오스, 팔미토일펜타펩타이드-4(4ppm), 팔미토일트라이펩타이드-5(3ppm), 팔미토일트라이펩타이드-1(3ppm), 소듐하이알루로네이트, 자일리틸글루코사이드, 안하이드로자일리톨, 자일리톨, 하이드롤라이즈드소듐하이알루로네이트, 베타인, 알란토인, 백미꽃추출물, 살비아잎추출물, 루이보스추출물, 마돈나백합꽃추출물, 수레국화꽃추출물, 보리지추출물, 캐모마일꽃추출물, 하이드록시프로필트라이모늄하이알루로네이트, 소듐아세틸레이티드하이알루로네이트, 하이드롤라이즈드하이알루로닉애씨드, 다이메틸실란올하이알루로네이트, 포타슘하이알루로네이트, 소듐클로라이드, 소듐하이알루로네이트크로스폴리머, 하이알루로닉애씨드, 글루타민, 포타슘클로라이드, 칼슘클로라이드, 소듐파이루베이트, 류신, 아이소류신, 발린, 트레오닌, 마그네슘설페이트, 이노시톨, 페닐알라닌, 세린, 메티오닌, 글라이신, 트립토판, 티아민에이치씨엘, 폴릭애씨드, 리보플라빈, 소듐폴리아크릴레이트, 다이소듐이디티에이, 에틸헥실글리세린"
비오레 UV 아쿠아 리치 아쿠아 프로텍트 미스트,비오레,suncare,sun_spray,A000000249450,6,https://www.oliveyoung.co.kr/store/goods/getGoodsDetail.do?goodsNo=A000000249450&dispCatNo=100000100110005&trackingCd=Cat100000100110005_MID&t_page=%EC%B9%B4%ED%85%8C%EA%B3%A0%EB%A6%AC%EA%B4%80&t_click=%EC%84%A0%EC%8A%A4%ED%94%84%EB%A0%88%EC%9D%B4/%EC%84%A0%ED%8C%A8%EC%B9%98_%EC%A0%84%EC%B2%B4__%EC%83%81%ED%92%88%EC%83%81%EC%84%B8&t_number=6,"에탄올,다이아이소프로필세바케이트,아이소프로필미리스테이트,다이카프릴릴카보네이트,에칠헥실살리실레이트,에칠헥실트리아존,디에칠아미노하이드록시벤조일헥실벤조에이트,C12-15알킬벤조에이트,드로메트리졸트리실록산,트라이실록세인,다이메티콘,부틸메톡시디벤조일메탄,폴리실리콘-9,아크릴레이트/다이아세톤아크릴아마이드코폴리머,다이부틸에틸헥사노일글루타마이드,향료,토코페롤,리날룰,하이드록시시트로넬알,시트로넬올,제라니올,벤질살리실레이트"
셀퓨전씨 아쿠아티카 썬 스프레이,셀퓨전씨,suncare,sun_spray,A000000232770,7,https://www.oliveyoung.co.kr/store/goods/getGoodsDetail.do?goodsNo=A000000232770&dispCatNo=100000100110005&trackingCd=Cat100000100110005_MID&t_page=%EC%B9%B4%ED%85%8C%EA%B3%A0%EB%A6%AC%EA%B4%80&t_click=%EC%84%A0%EC%8A%A4%ED%94%84%EB%A0%88%EC%9D%B4/%EC%84%A0%ED%8C%A8%EC%B9%98_%EC%A0%84%EC%B2%B4__%EC%83%81%ED%92%88%EC%83%81%EC%84%B8&t_number=8,"정제수, 에틸헥실팔미테이트, 에칠헥실살리실레이트, 프로판다이올, 페닐벤즈이미다졸설포닉애씨드, 1,2-헥산다이올, 부틸옥틸살리실레이트, 디에칠아미노하이드록시벤조일헥실벤조에이트, 비스-에칠헥실옥시페놀메톡시페닐트리아진, 호모살레이트, 나이아신아마이드, 트로메타민, 메틸메타크릴레이트크로스폴리머, 아데노신, 테레프탈릴리덴디캠퍼설포닉애씨드, 알란토인, 세라마이드엔피, 워터민트추출물, 글리세린, 달맞이꽃오일, 피토스핑고신, 소듐하이알루로네이트, 하이드록시프로필트라이모늄하이알루로네이트, 하이드롤라이즈드하이알루로닉애씨드, 소듐아세틸레이티드하이알루로네이트, 하이알루로닉애씨드, 소듐하이알루로네이트크로스폴리머, 포타슘하이알루로네이트, 하이드롤라이즈드소듐하이알루로네이트, 부틸렌글라이콜, 하이드로제네이티드레시틴, 마이크로크리스탈린셀룰로오스, 브이피/헥사데센코폴리머, 포타슘세틸포스페이트, C14-22알코올, 셀룰로오스검, 폴리에스터-5, C12-20알킬글루코사이드, 다이소듐이디티에이, 향료"
닥터아토 쿨링선스프레이,닥터아토,suncare,sun_spray,A000000181334,8,https://www.oliveyoung.co.kr/store/goods/getGoodsDetail.do?goodsNo=A000000181334&dispCatNo=100000100110005&trackingCd=Cat100000100110005_MID&t_page=%EC%B9%B4%ED%85%8C%EA%B3%A0%EB%A6%AC%EA%B4%80&t_click=%EC%84%A0%EC%8A%A4%ED%94%84%EB%A0%88%EC%9D%B4/%EC%84%A0%ED%8C%A8%EC%B9%98_%EC%A0%84%EC%B2%B4__%EC%83%81%ED%92%88%EC%83%81%EC%84%B8&t_number=10,"디메칠에텔,정제수,변성알코올,에칠헥실메톡시신나메이트,에칠헥실살리실레이트,호모살레이트,부틸메톡시디벤조일메탄,페닐벤즈이미다졸설포닉애씨드,부틸옥틸살리실레이트,디메치콘,옥토크릴렌,비스-에칠헥실옥시페놀메톡시페닐트리아진,아미노메칠프로판올,서양유채싹추출물,두송싹추출물,글리세린,카프릴릴메치콘,부틸렌글라이콜,글리세릴카프릴레이트,향료"
식물나라 제주알로에 쿨링 선 스프레이,식물나라,suncare,sun_spray,A000000221880,9,https://www.oliveyoung.co.kr/store/goods/getGoodsDetail.do?goodsNo=A000000221880&dispCatNo=100000100110005&trackingCd=Cat100000100110005_MID&t_page=%EC%B9%B4%ED%85%8C%EA%B3%A0%EB%A6%AC%EA%B4%80&t_click=%EC%84%A0%EC%8A%A4%ED%94%84%EB%A0%88%EC%9D%B4/%EC%84%A0%ED%8C%A8%EC%B9%98_%EC%A0%84%EC%B2%B4__%EC%83%81%ED%92%88%EC%83%81%EC%84%B8&t_number=11,"정제수,다이부틸아디페이트,다이실록세인,변성알코올,다이프로필렌글라이콜,테레프탈릴리덴디캠퍼설포닉애씨드,디에칠아미노하이드록시벤조일헥실벤조에이트,트로메타민,에칠헥실트리아존,페닐벤즈이미다졸설포닉애씨드,부틸옥틸살리실레이트,비스-에칠헥실옥시페놀메톡시페닐트리아진,폴리메틸실세스퀴옥세인,알로에베라잎추출물,다시마추출물,당느릅나무뿌리추출물,제비꽃꽃추출물,참마뿌리추출물,다이카프릴릴카보네이트,1,2-헥산다이올,라우릴폴리글리세릴-3폴리다이메틸실록시에틸다이메티콘,폴리글리세릴-3폴리다이메틸실록시에틸다이메티콘,에틸헥실글리세린,메틸다이아이소프로필프로피온아마이드,토코페롤,부틸렌글라이콜,글리세린,향료,리모넨,헥실신남알,리날룰,시트로넬올,제라니올"
식물나라 가벼운 수분 선 미스트,식물나라,suncare,sun_spray,A000000247087,10,https://www.oliveyoung.co.kr/store/goods/getGoodsDetail.do?goodsNo=A000000247087&dispCatNo=100000100110005&trackingCd=Cat100000100110005_MID&t_page=%EC%B9%B4%ED%85%8C%EA%B3%A0%EB%A6%AC%EA%B4%80&t_click=%EC%84%A0%EC%8A%A4%ED%94%84%EB%A0%88%EC%9D%B4/%EC%84%A0%ED%8C%A8%EC%B9%98_%EC%A0%84%EC%B2%B4__%EC%83%81%ED%92%88%EC%83%81%EC%84%B8&t_number=12,"정제수, 에칠헥실살리실레이트, 페닐벤즈이미다졸설포닉애씨드, 트로메타민, 나이아신아마이드, 디에칠아미노하이드록시벤조일헥실벤조에이트, 부틸옥틸살리실레이트, 비스-에칠헥실옥시페놀메톡시페닐트리아진, 호모살레이트, 아이소헥사데칸, 폴리에스터-5, 테레프탈릴리덴디캠퍼설포닉애씨드, 에이치디아이/트라이메틸올헥실락톤크로스폴리머, 1,2-헥산다이올, 하이드록시아세토페논, 마이크로크리스탈린셀룰로오스, 알로에베라잎수, 부틸렌글라이콜, 셀룰로오스검, 아데노신, 알로에베라잎즙, 다이소듐이디티에이, 실리카, 알로에베라꽃추출물, 알로에베라잎추출물, 다이프로필렌글라이콜, 옥틸도데칸올 , 폴리글리세릴-10라우레이트, 포스파티딜콜린, 글라이코리피드, 하이드로제네이티드레시틴, 병풀추출물, 아시아티코사이드, 마데카식애씨드, 아시아틱애씨드, 펜틸렌글라이콜, 마데카소사이드, 소듐하이알루로네이트, 다이메틸실란올하이알루로네이트, 하이드롤라이즈드소듐하이알루로네이트, 하이드롤라이즈드하이알루로닉애씨드, 포타슘하이알루로네이트, 하이알루로닉애씨드, 소듐하이알루로네이트크로스폴리머, 하이드록시프로필트라이모늄하이알루로네이트, 소듐하이알루로네이트다이메틸실란올, 소듐아세틸레이티드하이알루로네이트"
AHC 마스터즈 수딩 아웃도어 선스프레이,AHC,suncare,sun_spray,A000000205025,11,https://www.oliveyoung.co.kr/store/goods/getGoodsDetail.do?goodsNo=A000000205025&dispCatNo=100000100110005&trackingCd=Cat100000100110005_MID&t_page=%EC%B9%B4%ED%85%8C%EA%B3%A0%EB%A6%AC%EA%B4%80&t_click=%EC%84%A0%EC%8A%A4%ED%94%84%EB%A0%88%EC%9D%B4/%EC%84%A0%ED%8C%A8%EC%B9%98_%EC%A0%84%EC%B2%B4__%EC%83%81%ED%92%88%EC%83%81%EC%84%B8&t_number=13,"정제수, 에칠헥실살리실레이트, 페닐벤즈이미다졸설포닉애씨드, 트로메타민, 디에칠아미노하이드록시벤조일헥실벤조에이트, 부틸옥틸살리실레이트, 비스-에칠헥실옥시페놀메톡시페닐트리아진, 호모살레이트, 에탄올, 아이소헥사데칸, 폴리에스터-5, 테레프탈릴리덴디캠퍼설포닉애씨드, 프로판다이올, 마이크로크리스탈린셀룰로오스, 향료, 카프릴릴글라이콜, 셀룰로오스검, 에틸헥실글리세린, 다이소듐이디티에이, 자일리틸글루코사이드, 안하이드로자일리톨, 자일리톨, 칼라민, 부틸렌글라이콜, 1,2-헥산다이올, 에틸헥산다이올, 병풀추출물, 오죽잎추출물"
아넷사 퍼펙트 UV 선스크린 스킨케어 스프레이 NA,아넷사,suncare,sun_spray,A000000200825,12,https://www.oliveyoung.co.kr/store/goods/getGoodsDetail.do?goodsNo=A000000200825&dispCatNo=100000100110005&trackingCd=Cat100000100110005_MID&t_page=%EC%B9%B4%ED%85%8C%EA%B3%A0%EB%A6%AC%EA%B4%80&t_click=%EC%84%A0%EC%8A%A4%ED%94%84%EB%A0%88%EC%9D%B4/%EC%84%A0%ED%8C%A8%EC%B9%98_%EC%A0%84%EC%B2%B4__%EC%83%81%ED%92%88%EC%83%81%EC%84%B8&t_number=20,"부탄, 아이소부탄, 정제수, 프로판, 다이메티콘, 다이아이소프로필세바케이트, 호모살레이트, 아이소도데케인, 실리카, 에탄올, 옥토크릴렌, 에칠헥실살리실레이트, 다이프로필렌글라이콜, 라우릴피이지-9폴리다이메틸실록시에틸다이메티콘, C12-15알킬벤조에이트, 디에칠아미노하이드록시벤조일헥실벤조에이트, 폴리실리콘-15, 에칠헥실트리아존, 덱스트린팔미테이트, 비스-에칠헥실옥시페놀메톡시페닐트리아진, 글리세린, 솔비탄세스퀴아이소스테아레이트, 다이스테아다이모늄헥토라이트, 트라이메틸실록시실리케이트, 아이소스테아릭애씨드, 피이지-9폴리다이메틸실록시에틸다이메티콘, 소듐시트레이트, 토코페롤, 비에이치티, 향료, 트라이소듐이디티에이, 부틸렌글라이콜, 스테아릭애씨드, 합성플루오르플로고파이트, 다이포타슘글리시리제이트, 피이지/피피지-14/7다이메틸에터, 피이지/피피지-9/2다이메틸에터, 피이지-6, 녹차추출물, 토멘틸뿌리추출물, 소듐아세틸레이티드하이알루로네이트, 수용성콜라겐, 페녹시에탄올, 제라니올, 리모넨, 리날룰"
낫포유 끈적임제로 선스프레이 비건 선바디미스트,낫포유,suncare,sun_spray,A000000208401,13,https://www.oliveyoung.co.kr/store/goods/getGoodsDetail.do?goodsNo=A000000208401&dispCatNo=100000100110005&trackingCd=Cat100000100110005_MID&t_page=%EC%B9%B4%ED%85%8C%EA%B3%A0%EB%A6%AC%EA%B4%80&t_click=%EC%84%A0%EC%8A%A4%ED%94%84%EB%A0%88%EC%9D%B4/%EC%84%A0%ED%8C%A8%EC%B9%98_%EC%A0%84%EC%B2%B4__%EC%83%81%ED%92%88%EC%83%81%EC%84%B8&t_number=21,"에탄올, 호모살레이트, 옥토크릴렌, 아이소도데케인, 에칠헥실살리실레이트, 부틸메톡시디벤조일메탄, 정제수, 에칠헥실트리아존, 향료, 엑토인, 판테놀, 부틸렌글라이콜, 프로판다이올, 1,2-헥산다이올, 펜틸렌글라이콜, 미로탐누스 플라벨리폴리아잎추출물, 소듐하이알루로네이트, 구기자추출물, 녹차추출물, 수크로오스, 효모발효여과물, 두날리엘라 살리나추출물"
브링그린 알로에 97% 수딩젤,브링그린,suncare,after_sun,A000000215502,1,https://www.oliveyoung.co.kr/store/goods/getGoodsDetail.do?goodsNo=A000000215502&dispCatNo=100000100110002&trackingCd=Cat100000100110002_MID&t_page=%EC%B9%B4%ED%85%8C%EA%B3%A0%EB%A6%AC%EA%B4%80&t_click=%ED%83%9C%EB%8B%9D/%EC%95%A0%ED%94%84%ED%84%B0%EC%84%A0_%EC%A0%84%EC%B2%B4__%EC%83%81%ED%92%88%EC%83%81%EC%84%B8&t_number=1,"알로에베라잎수(871,266ppm),알로에베라잎즙(99,007ppm),1,2-헥산다이올,카보머,알지닌,글리세린,정제수,부틸렌글라이콜,자주개자리추출물,양배추추출물,브로콜리추출물,밀싹추출물,유채추출물,무씨추출물"
김정문알로에 큐어 알로에 수딩젤,김정문알로에,suncare,after_sun,A000000173710,2,https://www.oliveyoung.co.kr/store/goods/getGoodsDetail.do?goodsNo=A000000173710&dispCatNo=100000100110002&trackingCd=Cat100000100110002_MID&t_page=%EC%B9%B4%ED%85%8C%EA%B3%A0%EB%A6%AC%EA%B4%80&t_click=%ED%83%9C%EB%8B%9D/%EC%95%A0%ED%94%84%ED%84%B0%EC%84%A0_%EC%A0%84%EC%B2%B4__%EC%83%81%ED%92%88%EC%83%81%EC%84%B8&t_number=2,"알로에베라잎수(88%), 다이프로필렌글라이콜, 1,2-헥산다이올, 글리세린,트로메타민, 카보머, 부틸렌글라이콜, 폴리글리세릴-10라우레이트, 폴리글리세릴-4라우레이트, 병풀추출물, 향료, 다이소듐이디티에이, 알로에잎추출물(100ppm), 판테놀, 하이알루로닉애씨드, 에틸헥실글리세린, 하이드록시시트로넬알, 리날룰, 시트로넬올, 리모넨"
아로마티카 수딩 알로에 베라 젤,아로마티카,suncare,after_sun,A000000009097,3,https://www.oliveyoung.co.kr/store/goods/getGoodsDetail.do?goodsNo=A000000009097&dispCatNo=100000100110002&trackingCd=Cat100000100110002_MID&t_page=%EC%B9%B4%ED%85%8C%EA%B3%A0%EB%A6%AC%EA%B4%80&t_click=%ED%83%9C%EB%8B%9D/%EC%95%A0%ED%94%84%ED%84%B0%EC%84%A0_%EC%A0%84%EC%B2%B4__%EC%83%81%ED%92%88%EC%83%81%EC%84%B8&t_number=3,"알로에베라잎즙(96%), 프로판다이올, 1,2-헥산다이올, 로즈마리잎수, 소듐카보머, 부틸렌글라이콜, 스타아니스추출물, 황금추출물, 말토덱스트린"
라운드랩 자작나무 수분 수딩젤,라운드랩,suncare,after_sun,A000000162361,4,https://www.oliveyoung.co.kr/store/goods/getGoodsDetail.do?goodsNo=A000000162361&dispCatNo=100000100110002&trackingCd=Cat100000100110002_MID&t_page=%EC%B9%B4%ED%85%8C%EA%B3%A0%EB%A6%AC%EA%B4%80&t_click=%ED%83%9C%EB%8B%9D/%EC%95%A0%ED%94%84%ED%84%B0%EC%84%A0_%EC%A0%84%EC%B2%B4__%EC%83%81%ED%92%88%EC%83%81%EC%84%B8&t_number=4,"정제수, 부틸렌글라이콜, 다이프로필렌글라이콜, 글리세린, 1,2-헥산다이올, 자작나무수액(10,000ppm), 글리세릴글루코사이드, 소듐하이알루로네이트, 하이알루로닉애씨드, 참마뿌리추출물, 제비꽃꽃추출물, 알로에베라잎추출물, 당느릅나무뿌리추출물, 다시마추출물, 인도멀구슬나무잎추출물, 인도멀구슬나무꽃추출물, 펜틸렌글라이콜, 카프릴릴글라이콜, 아이비고드열매추출물, 카프릴릭/카프릭트라이글리세라이드, 에틸헥실팔미테이트, 세틸에틸헥사노에이트, 가지열매추출물, 홀리바질잎추출물, 참산호말추출물, 울금뿌리추출물, 폴리글리세릴-10미리스테이트, 하이드록시아세토페논, 아스코빅애씨드, 카보머, 트로메타민, 다이소듐이디티에이"
샤이샤이샤이 파지티브 선 태닝 워터리 크림,샤이샤이샤이,suncare,after_sun,A000000187254,5,https://www.oliveyoung.co.kr/store/goods/getGoodsDetail.do?goodsNo=A000000187254&dispCatNo=100000100110002&trackingCd=Cat100000100110002_MID&t_page=%EC%B9%B4%ED%85%8C%EA%B3%A0%EB%A6%AC%EA%B4%80&t_click=%ED%83%9C%EB%8B%9D/%EC%95%A0%ED%94%84%ED%84%B0%EC%84%A0_%EC%A0%84%EC%B2%B4__%EC%83%81%ED%92%88%EC%83%81%EC%84%B8&t_number=5,"정제수,C12-15알킬벤조에이트,호모살레이트,메틸프로판다이올,옥토크릴렌,에칠헥실살리실레이트,1,2-헥산다이올,에칠헥실트리아존,세틸에틸헥사노에이트,소듐아크릴레이트/소듐아크릴로일다이메틸타우레이트코폴리머,폴리아이소부텐,올리브오일,호호바씨오일,폴리글리세릴-3다이스테아레이트,아크릴레이트/C10-30알킬아크릴레이트크로스폴리머,알지닌,세테아릴올리베이트,이노시톨,베타인,아이소프로필미리스테이트,카카오씨추출물,솔비탄올리베이트,암모늄아크릴로일다이메틸타우레이트/브이피코폴리머,에틸헥실글리세린,다이포타슘글리시리제이트,카카오추출물,솔비탄올리에이트,카프릴릴/카프릴글루코사이드,아데노신,글리세릴스테아레이트시트레이트,글리세린,황색5호,페네틸알코올,시트로넬올,제라니올,센티드제라늄꽃오일,올리브나무잎추출물,부틸렌글라이콜,해바라기씨오일,덱스트린,돌콩오일,할미꽃추출물,초피나무열매추출물,우스니아추출물,아나토씨오일,토코페롤,리날룰"
식물나라 제주 알로에 촉촉 수딩젤,식물나라,suncare,after_sun,A000000198631,6,https://www.oliveyoung.co.kr/store/goods/getGoodsDetail.do?goodsNo=A000000198631&dispCatNo=100000100110002&trackingCd=Cat100000100110002_MID&t_page=%EC%B9%B4%ED%85%8C%EA%B3%A0%EB%A6%AC%EA%B4%80&t_click=%ED%83%9C%EB%8B%9D/%EC%95%A0%ED%94%84%ED%84%B0%EC%84%A0_%EC%A0%84%EC%B2%B4__%EC%83%81%ED%92%88%EC%83%81%EC%84%B8&t_number=6,"정제수, 부틸렌글라이콜, 알로에베라잎추출물(90,700ppm), 글리세린, 1,2-헥산다이올, 카보머, 알지닌, 에틸헥실글리세린, 알란토인, 소듐하이알루로네이트"
마녀공장 리얼 알로에 수딩 젤,마녀공장,suncare,after_sun,A000000140808,7,https://www.oliveyoung.co.kr/store/goods/getGoodsDetail.do?goodsNo=A000000140808&dispCatNo=100000100110002&trackingCd=Cat100000100110002_MID&t_page=%EC%B9%B4%ED%85%8C%EA%B3%A0%EB%A6%AC%EA%B4%80&t_click=%ED%83%9C%EB%8B%9D/%EC%95%A0%ED%94%84%ED%84%B0%EC%84%A0_%EC%A0%84%EC%B2%B4__%EC%83%81%ED%92%88%EC%83%81%EC%84%B8&t_number=7,"정제수, 부틸렌글라이콜, 글리세린, 프로판다이올, 1,2-헥산다이올, 알로에베라잎추출물(4,275ppm), 소듐카보머, 판테놀, 폴리글리세릴-10라우레이트, 폴리글리세릴-10미리스테이트, 스타아니스추출물, 자일리톨, 황금추출물, 다이프로필렌글라이콜, 말토덱스트린, 아이소프로필미리스테이트, 베타-글루칸, 유칼립투스잎오일, 로즈우드오일, 소듐하이알루로네이트, 알란토인, 다마스크장미꽃오일, 녹차수, 다마스크장미꽃수, 마트리카리아꽃수, 스페인감초뿌리수, 은행잎수, 로즈마리잎추출물, 포트마리골드꽃추출물, 리날룰"
김정문알로에 큐어 리알로에 수딩젤,김정문알로에,suncare,after_sun,A000000190419,8,https://www.oliveyoung.co.kr/store/goods/getGoodsDetail.do?goodsNo=A000000190419&dispCatNo=100000100110002&trackingCd=Cat100000100110002_MID&t_page=%EC%B9%B4%ED%85%8C%EA%B3%A0%EB%A6%AC%EA%B4%80&t_click=%ED%83%9C%EB%8B%9D/%EC%95%A0%ED%94%84%ED%84%B0%EC%84%A0_%EC%A0%84%EC%B2%B4__%EC%83%81%ED%92%88%EC%83%81%EC%84%B8&t_number=8,"알로에베라잎수(88%), 다이프로필렌글라이콜, 1,2-헥산다이올, 글리세린, 트로메타민, 카보머, 부틸렌 글라이콜, 폴리글리세릴-10라우레이트, 폴리글리세릴-4 라우레이트, 병풀추출물, 정제수, 향료, 다이소듐이디티 에이, 알로에잎추출물(100ppm), 판테놀, 하이알루로닉 애씨드, 에틸헥실글리세린, 하이드록시시트로넬알, 리날륨, 시트로넬올, 리모넨"
다자연 어성초 데일리 카밍젤,다자연,suncare,after_sun,A000000153644,9,https://www.oliveyoung.co.kr/store/goods/getGoodsDetail.do?goodsNo=A000000153644&dispCatNo=100000100110002&trackingCd=Cat100000100110002_MID&t_page=%EC%B9%B4%ED%85%8C%EA%B3%A0%EB%A6%AC%EA%B4%80&t_click=%ED%83%9C%EB%8B%9D/%EC%95%A0%ED%94%84%ED%84%B0%EC%84%A0_%EC%A0%84%EC%B2%B4__%EC%83%81%ED%92%88%EC%83%81%EC%84%B8&t_number=9,"약모밀추출물(어성초추출물) (50%), 정제수, 다이프로필렌글라이콜 , 1,2-헥산다이올, 글리세린, 베타인, 부틸렌글라이콜, 소듐하이알루로네이트, 하이드록시프로필트라이모늄하이알루로네이트, 하이드롤라이즈드하이알루로닉애씨드, 소듐아세틸레이티드하이알루로네이트, 하이알루로닉애씨드, 하이드롤라이즈드소듐하이알루로네이트, 소듐하이알루로네이트크로스폴리머, 포타슘하이알루로네이트, 병풀추출물, 쇠비름추출물, 마데카소사이드, 마데카식애씨드, 아시아틱애씨드, 아시아티코사이드, 토코페롤, 아크릴레이트/C10-30알킬아크릴레이트크로스폴리머, 트로메타민, 폴리글리세릴-6카프릴레이트, 폴리글리세릴-4카프레이트, 폴리쿼터늄-51, 베르가모트오일, 에틸헥실글리세린, 다이소듐이디티에이"
야다 선인장 수딩젤,야다,suncare,after_sun,A000000153292,10,https://www.oliveyoung.co.kr/store/goods/getGoodsDetail.do?goodsNo=A000000153292&dispCatNo=100000100110002&trackingCd=Cat100000100110002_MID&t_page=%EC%B9%B4%ED%85%8C%EA%B3%A0%EB%A6%AC%EA%B4%80&t_click=%ED%83%9C%EB%8B%9D/%EC%95%A0%ED%94%84%ED%84%B0%EC%84%A0_%EC%A0%84%EC%B2%B4__%EC%83%81%ED%92%88%EC%83%81%EC%84%B8&t_number=10,"보검선인장줄기추출물, 1,2-헥산다이올, 글리세린, 부틸렌글라이콜, 다이포타슘글리시리제이트, 판테놀, 알란토인, 카보머, 알지닌, 다이소듐이디티에이, 다이프로필렌글라이콜, 하이드록시아세토페논, 카프릴릴글라이콜"
닥터아토 알로에베라수딩젤,닥터아토,suncare,after_sun,A000000113276,11,https://www.oliveyoung.co.kr/store/goods/getGoodsDetail.do?goodsNo=A000000113276&dispCatNo=100000100110002&trackingCd=Cat100000100110002_MID&t_page=%EC%B9%B4%ED%85%8C%EA%B3%A0%EB%A6%AC%EA%B4%80&t_click=%ED%83%9C%EB%8B%9D/%EC%95%A0%ED%94%84%ED%84%B0%EC%84%A0_%EC%A0%84%EC%B2%B4__%EC%83%81%ED%92%88%EC%83%81%EC%84%B8&t_number=12,"알로에베라잎추출물(90%),부틸렌글라이콜,1,2-헥산디올,암모늄아크릴로일디메칠타우레이트/브이피코폴리머,트로메타민,피이지-60하이드로제네이티드캐스터오일,카보머,디소듐이디티에이,클로페네신,에칠헥실글리세린,향료"
리브라운 No.3 태닝로션,리브라운,suncare,tanning,A000000229381,12,https://www.oliveyoung.co.kr/store/goods/getGoodsDetail.do?goodsNo=A000000229381&dispCatNo=100000100110002&trackingCd=Cat100000100110002_MID&t_page=%EC%B9%B4%ED%85%8C%EA%B3%A0%EB%A6%AC%EA%B4%80&t_click=%ED%83%9C%EB%8B%9D/%EC%95%A0%ED%94%84%ED%84%B0%EC%84%A0_%EC%A0%84%EC%B2%B4__%EC%83%81%ED%92%88%EC%83%81%EC%84%B8&t_number=15,"정제수, 글리세린, 카프릴릭/카프릭트라이글리세라이드, 다이하이드록시아세톤, 프로판다이올, 1,2-산다이올, 아이소프로필미리스테이트, 카라멜, 세테아릴올리베이트, 아라키딜알코올, 다이메티콘, 부틸렌글라이콜, 펜틸렌글라이콜, 수레국화꽃추출물, 보리지추출물, 라벤더꽃추출물, 마트리카리아꽃추출물, 클레리추출물, 히아신스전초추출물, 브로콜리추출물, 자주개자리추출물, 양배추추출물, 밀싹추출물, 유채추출물, 무씨추출물, 편백잎추출물, 베타-글루칸, 소듐하이알루로네이트, 소듑하이알루로네이트크로스폴리머, 하이드롤라이즈드하이알루로닉애씨드, 하이알루로닉애씨드, 하이드롤라이즈드소듐하이알루로네이트, 소듐아세틸레이티드하이알루로네이트, 하이드록시프로필트라이모늄하이알루로네이트, 솔비탄올리베이트, 베헤닐알코올, 아라키딜글루코사이드, 폴리아크릴레이트-13, 폴리아이소부텐, 폴리솔베이트20, 솔비탄아이소스테아레이트, 판테놀, 마카다미아씨오일, 토코페릴아세테이트, 에틸헥실글리세린, 시트릭애씨드, 청색1호, 향료, 벤질벤조에이트"
리브라운 탄엘릭서 브론저 태닝로션,리브라운,suncare,tanning,A000000229382,13,https://www.oliveyoung.co.kr/store/goods/getGoodsDetail.do?goodsNo=A000000229382&dispCatNo=100000100110002&trackingCd=Cat100000100110002_MID&t_page=%EC%B9%B4%ED%85%8C%EA%B3%A0%EB%A6%AC%EA%B4%80&t_click=%ED%83%9C%EB%8B%9D/%EC%95%A0%ED%94%84%ED%84%B0%EC%84%A0_%EC%A0%84%EC%B2%B4__%EC%83%81%ED%92%88%EC%83%81%EC%84%B8&t_number=16,"정제수, 글리세린, 카프릴릭/카프릭트라이글리세라이드,다이 하이드록시아세톤, 프로판다이올, 1,2-헥산다이올, 아이소프로 필미리스테이트, 세테아릴올리베이트, 아라키딜알코올, 다이메티콘,솔비탄올리베이트, 베헤닐알코올, 아라키딜글루코사이드, 폴리아크릴레이트-13, 폴리아이소부텐, 폴리솔베이트20, 솔비탄아이소스테아레이트, 판테놀, 마카다미아씨오일, 부틸렌글라이콜, 수레국화꽃추출물, 보리지추출물, 라벤더꽃추출물, 마트리카리아꽃추출물, 클레리추출물, 히아신스전초추출물, 브로콜리추출물, 자주개자리추출물, 양배추추출물, 밀싹추출물, 유채추출물, 무씨추출물, 토코페릴아세테이트, 에틸헥실글리세린, 시트릭애씨드,카라멜, 적색227호, 청색1호, 향료, 벤질살리실레이트, 시트로넬올,리모넨, 제라니올, 리날룰"
리브라운 인텐시파이어 태닝로션,리브라운,suncare,tanning,A000000229384,14,https://www.oliveyoung.co.kr/store/goods/getGoodsDetail.do?goodsNo=A000000229384&dispCatNo=100000100110002&trackingCd=Cat100000100110002_MID&t_page=%EC%B9%B4%ED%85%8C%EA%B3%A0%EB%A6%AC%EA%B4%80&t_click=%ED%83%9C%EB%8B%9D/%EC%95%A0%ED%94%84%ED%84%B0%EC%84%A0_%EC%A0%84%EC%B2%B4__%EC%83%81%ED%92%88%EC%83%81%EC%84%B8&t_number=17,"정제수, 글리세린, 프로판다이올, 다이하이드록시아세톤, 향료, 사이클로펜타실록세인, 다이메티콘, 하이드로제네이티드폴리아이소부텐, 세테아릴올리베이트, 솔비탄올리베이트, 세테아릴알코올, 페닐트라이메티콘, 하이드록시아세토페논, 하이드록시에틸아크릴레이트/쇼듐아크릴로일다이메틸타우레이트코폴리머, 그릴세릴스테아레이트, 다이메티콘/비닐다이메티콘크로스폴리머, 잔탄검, 판테놀, 벤질벤조에이트, 리날룰, 헥실리남알, 다이소듐이디티에이, 폴리솔베이트60, 솔비탄아이소스테아레이트, 시트릭애씨드, 리모넨"
오브제 액티브 아이싱 수딩젤,오브제,suncare,tanning,A000000253406,15,https://www.oliveyoung.co.kr/store/goods/getGoodsDetail.do?goodsNo=A000000253406&dispCatNo=100000100110002&trackingCd=Cat100000100110002_MID&t_page=%EC%B9%B4%ED%85%8C%EA%B3%A0%EB%A6%AC%EA%B4%80&t_click=%ED%83%9C%EB%8B%9D/%EC%95%A0%ED%94%84%ED%84%B0%EC%84%A0_%EC%A0%84%EC%B2%B4__%EC%83%81%ED%92%88%EC%83%81%EC%84%B8&t_number=18,"알로에베라잎수, 변성알코올, 1,2-헥산다이올, 정제수, 피이지-60하이드로제네이티드캐스터오일, 아크릴레이트/C10-30알킬아크릴레이트크로스폴리머, 트로메타민, 글리세린, 에틸헥실글리세린, 펜틸렌글라이콜, 다이소듐이디티에이, 판테놀, 참마뿌리추출물, 부틸렌글라이콜, 폴리글리세릴-10라우레이트, 데실글루코사이드, 카프릴릴글라이콜, 다이프로필렌글라이콜, 글라이신, 세린, 글루타믹애씨드, 폴리글리세릴-10미리스테이트, 아스파틱애씨드, 류신, 페녹시에탄올, 커피콩추출물, 우유단백질, 알라닌, 라이신, 알지닌, 타이로신, 페닐알라닌, 프롤린, 트레오닌, 발린, 아이소류신, 히스티딘, 시스테인, 메티오닌, 제비꽃꽃추출물, 알로에베라잎추출물, 세틸에틸헥사노에이트, 당느릅나무뿌리추출물, 다시마추출물, 카프릴릭/카프릭트라이글리세라이드, 에틸헥실팔미테이트, 카페인"
비욘드 엔젤아쿠아 수분 수딩젤,비욘드,suncare,after_sun,A000000184092,16,https://www.oliveyoung.co.kr/store/goods/getGoodsDetail.do?goodsNo=A000000184092&dispCatNo=100000100110002&trackingCd=Cat100000100110002_MID&t_page=%EC%B9%B4%ED%85%8C%EA%B3%A0%EB%A6%AC%EA%B4%80&t_click=%ED%83%9C%EB%8B%9D/%EC%95%A0%ED%94%84%ED%84%B0%EC%84%A0_%EC%A0%84%EC%B2%B4__%EC%83%81%ED%92%88%EC%83%81%EC%84%B8&t_number=19,"정제수, 글리세린, 1,2-헥산다이올, 마데카소사이드, 알로에베라잎추출물, 포도덩굴수액, 하이드롤라이즈드소듐하이알루로네이트, 하이드롤라이즈드하이알루로닉애씨드, 하이드록시프로필트라이모늄하이알루로네이트, 소듐하이알루로네이트, 소듐하이알루로네이트크로스폴리머, 마카다미아씨오일, 올리브오일, 호호바씨오일, 포도씨오일, 전호추출물, 개똥쑥추출물, 님잎추출물, 녹차추출물, 베타-글루칸, 수용성프로테오글리칸, 가시대나무수액, 자작나무수액, 하늘타리뿌리추출물, 알란토인, 판테놀, 펜틸렌글라이콜, 에틸헥실글리세린, 카보머, 폴리글리세릴-10스테아레이트, 트로메타민, 폴리글리세릴-10올리에이트, 카프릴릴글라이콜, 부틸렌글라이콜, 글리세릴아크릴레이트/아크릴릭애씨드코폴리머, 수크로오스팔미테이트, 하이드로제네이티드레시틴, 트라이소듐이디티에이"
부쉬맨 씨프렌들리 브론즈 태닝오일,부쉬맨,suncare,tanning,A000000202326,17,https://www.oliveyoung.co.kr/store/goods/getGoodsDetail.do?goodsNo=A000000202326&dispCatNo=100000100110002&trackingCd=Cat100000100110002_MID&t_page=%EC%B9%B4%ED%85%8C%EA%B3%A0%EB%A6%AC%EA%B4%80&t_click=%ED%83%9C%EB%8B%9D/%EC%95%A0%ED%94%84%ED%84%B0%EC%84%A0_%EC%A0%84%EC%B2%B4__%EC%83%81%ED%92%88%EC%83%81%EC%84%B8&t_number=20,"해바라기씨오일, C12-15알킬벤조에이트, 부틸옥틸살리실레이트, 카프릴릭/카프릭트라이글리세라이드, 에칠헥실트리아존, 마카다미아씨오일, 올리브오일, 비스-에칠헥실옥시페놀메톡시페닐트리아진, 메도우폼씨오일, 1,2-헥산다이올, 라벤더오일, 브이피/헥사데센코폴리머, 폴리C10-30알킬아크릴레이트, 카프릴릭/카프릭글리세라이즈, 귀리커넬오일, 에틸헥실글리세린, 토코페릴아세테이트, 리날룰, 리모넨"
Te 파랑10 아로마 태닝오일 리프세이프,Te',suncare,tanning,A000000229633,18,https://www.oliveyoung.co.kr/store/goods/getGoodsDetail.do?goodsNo=A000000229633&dispCatNo=100000100110002&trackingCd=Cat100000100110002_MID&t_page=%EC%B9%B4%ED%85%8C%EA%B3%A0%EB%A6%AC%EA%B4%80&t_click=%ED%83%9C%EB%8B%9D/%EC%95%A0%ED%94%84%ED%84%B0%EC%84%A0_%EC%A0%84%EC%B2%B4__%EC%83%81%ED%92%88%EC%83%81%EC%84%B8&t_number=22,"해바라기씨오일, C12-15알킬벤조에이트, 다이부틸아디페이트, 프로필헵틸카프릴레이트, 아이소도데케인, 에칠헥실살리실레이트, 에칠헥실트리아존, 비스-에칠헥실옥시페놀메톡시페닐트리아진, 1,2-헥산다이올, 비타민나무열매오일, 글리세릴카프릴레이트, 카프릴릴글라이콜, 토코페롤, 향료, 시트랄, 제라니올, 리모넨, 벤질벤조에이트, 시트로넬올, 리날룰, 헥실신남알"
